Id:,20508
Estación:,SAN JOSE TRUJAPAM-OAX
Posición:,18.0636111111N -96.5422222222W
Variable:,Evaporación (mm)
Fecha Inicial:,02/01/1996
Fecha Final:,01/01/2005
No Dato:,nan
Mes,Día,Anio,Datos
02,01,1996,4.64
02,02,1996,6.33
02,03,1996,6.31
02,04,1996,3.9
02,05,1996,6.11
02,06,1996,6.26
02,07,1996,4.81
02,08,1996,1.9
02,09,1996,3.97
02,10,1996,4.87
02,11,1996,6.46
02,12,1996,4.38
02,13,1996,5.47
02,14,1996,4.96
02,15,1996,5.07
02,16,1996,4.7
02,17,1996,5.0
02,18,1996,3.8
02,19,1996,5.27
02,20,1996,4.3
02,21,1996,5.22
02,22,1996,10.81
02,23,1996,8.76
02,24,1996,6.91
02,25,1996,6.94
02,26,1996,7.21
02,27,1996,7.64
02,28,1996,5.44
02,29,1996,3.19
03,01,1996,null
03,02,1996,null
03,03,1996,null
03,04,1996,null
03,05,1996,null
03,06,1996,null
03,07,1996,null
03,08,1996,null
03,09,1996,null
03,10,1996,null
03,11,1996,null
03,12,1996,null
03,13,1996,null
03,14,1996,null
03,15,1996,null
03,16,1996,null
03,17,1996,null
03,18,1996,null
03,19,1996,null
03,20,1996,null
03,21,1996,null
03,22,1996,null
03,23,1996,null
03,24,1996,null
03,25,1996,null
03,26,1996,null
03,27,1996,null
03,28,1996,null
03,29,1996,null
03,30,1996,null
03,31,1996,null
04,01,1996,null
04,02,1996,null
04,03,1996,null
04,04,1996,null
04,05,1996,null
04,06,1996,null
04,07,1996,null
04,08,1996,null
04,09,1996,null
04,10,1996,null
04,11,1996,null
04,12,1996,null
04,13,1996,null
04,14,1996,null
04,15,1996,null
04,16,1996,null
04,17,1996,null
04,18,1996,null
04,19,1996,null
04,20,1996,null
04,21,1996,null
04,22,1996,null
04,23,1996,null
04,24,1996,null
04,25,1996,null
04,26,1996,null
04,27,1996,null
04,28,1996,null
04,29,1996,null
04,30,1996,null
05,01,1996,null
05,02,1996,null
05,03,1996,null
05,04,1996,null
05,05,1996,null
05,06,1996,null
05,07,1996,null
05,08,1996,null
05,09,1996,null
05,10,1996,null
05,11,1996,null
05,12,1996,null
05,13,1996,null
05,14,1996,null
05,15,1996,null
05,16,1996,null
05,17,1996,null
05,18,1996,null
05,19,1996,null
05,20,1996,null
05,21,1996,null
05,22,1996,null
05,23,1996,null
05,24,1996,null
05,25,1996,null
05,26,1996,null
05,27,1996,null
05,28,1996,null
05,29,1996,null
05,30,1996,null
05,31,1996,null
06,01,1996,null
06,02,1996,null
06,03,1996,null
06,04,1996,null
06,05,1996,null
06,06,1996,null
06,07,1996,null
06,08,1996,null
06,09,1996,null
06,10,1996,null
06,11,1996,null
06,12,1996,null
06,13,1996,null
06,14,1996,null
06,15,1996,null
06,16,1996,null
06,17,1996,null
06,18,1996,null
06,19,1996,null
06,20,1996,null
06,21,1996,null
06,22,1996,null
06,23,1996,null
06,24,1996,null
06,25,1996,null
06,26,1996,null
06,27,1996,null
06,28,1996,null
06,29,1996,null
06,30,1996,null
07,01,1996,null
07,02,1996,null
07,03,1996,null
07,04,1996,null
07,05,1996,null
07,06,1996,null
07,07,1996,null
07,08,1996,null
07,09,1996,null
07,10,1996,null
07,11,1996,null
07,12,1996,null
07,13,1996,null
07,14,1996,null
07,15,1996,null
07,16,1996,null
07,17,1996,null
07,18,1996,null
07,19,1996,null
07,20,1996,null
07,21,1996,null
07,22,1996,null
07,23,1996,null
07,24,1996,null
07,25,1996,null
07,26,1996,null
07,27,1996,null
07,28,1996,null
07,29,1996,null
07,30,1996,null
07,31,1996,null
08,01,1996,null
08,02,1996,null
08,03,1996,null
08,04,1996,null
08,05,1996,null
08,06,1996,null
08,07,1996,null
08,08,1996,null
08,09,1996,null
08,10,1996,null
08,11,1996,null
08,12,1996,null
08,13,1996,null
08,14,1996,null
08,15,1996,null
08,16,1996,null
08,17,1996,null
08,18,1996,null
08,19,1996,null
08,20,1996,null
08,21,1996,null
08,22,1996,null
08,23,1996,null
08,24,1996,null
08,25,1996,null
08,26,1996,null
08,27,1996,null
08,28,1996,null
08,29,1996,null
08,30,1996,null
08,31,1996,null
09,01,1996,null
09,02,1996,null
09,03,1996,null
09,04,1996,null
09,05,1996,null
09,06,1996,null
09,07,1996,null
09,08,1996,null
09,09,1996,null
09,10,1996,null
09,11,1996,null
09,12,1996,null
09,13,1996,null
09,14,1996,null
09,15,1996,null
09,16,1996,null
09,17,1996,null
09,18,1996,null
09,19,1996,null
09,20,1996,null
09,21,1996,null
09,22,1996,null
09,23,1996,null
09,24,1996,null
09,25,1996,null
09,26,1996,null
09,27,1996,null
09,28,1996,null
09,29,1996,null
09,30,1996,null
10,01,1996,null
10,02,1996,null
10,03,1996,null
10,04,1996,null
10,05,1996,null
10,06,1996,null
10,07,1996,null
10,08,1996,null
10,09,1996,null
10,10,1996,null
10,11,1996,null
10,12,1996,null
10,13,1996,null
10,14,1996,null
10,15,1996,null
10,16,1996,null
10,17,1996,null
10,18,1996,null
10,19,1996,null
10,20,1996,null
10,21,1996,null
10,22,1996,null
10,23,1996,null
10,24,1996,null
10,25,1996,null
10,26,1996,null
10,27,1996,null
10,28,1996,null
10,29,1996,null
10,30,1996,null
10,31,1996,null
11,01,1996,null
11,02,1996,null
11,03,1996,null
11,04,1996,null
11,05,1996,null
11,06,1996,null
11,07,1996,null
11,08,1996,null
11,09,1996,null
11,10,1996,null
11,11,1996,null
11,12,1996,null
11,13,1996,null
11,14,1996,null
11,15,1996,null
11,16,1996,null
11,17,1996,null
11,18,1996,null
11,19,1996,null
11,20,1996,null
11,21,1996,null
11,22,1996,null
11,23,1996,null
11,24,1996,null
11,25,1996,null
11,26,1996,null
11,27,1996,null
11,28,1996,null
11,29,1996,null
11,30,1996,null
12,01,1996,null
12,02,1996,null
12,03,1996,null
12,04,1996,null
12,05,1996,null
12,06,1996,null
12,07,1996,null
12,08,1996,null
12,09,1996,null
12,10,1996,null
12,11,1996,null
12,12,1996,null
12,13,1996,null
12,14,1996,null
12,15,1996,null
12,16,1996,null
12,17,1996,null
12,18,1996,null
12,19,1996,null
12,20,1996,null
12,21,1996,null
12,22,1996,null
12,23,1996,null
12,24,1996,null
12,25,1996,null
12,26,1996,null
12,27,1996,null
12,28,1996,null
12,29,1996,null
12,30,1996,null
12,31,1996,null
01,01,1997,null
01,02,1997,null
01,03,1997,null
01,04,1997,null
01,05,1997,null
01,06,1997,null
01,07,1997,null
01,08,1997,null
01,09,1997,null
01,10,1997,null
01,11,1997,null
01,12,1997,null
01,13,1997,null
01,14,1997,null
01,15,1997,null
01,16,1997,null
01,17,1997,null
01,18,1997,null
01,19,1997,null
01,20,1997,null
01,21,1997,null
01,22,1997,null
01,23,1997,null
01,24,1997,null
01,25,1997,null
01,26,1997,null
01,27,1997,null
01,28,1997,null
01,29,1997,null
01,30,1997,null
01,31,1997,null
02,01,1997,null
02,02,1997,null
02,03,1997,null
02,04,1997,null
02,05,1997,null
02,06,1997,null
02,07,1997,null
02,08,1997,null
02,09,1997,null
02,10,1997,null
02,11,1997,null
02,12,1997,null
02,13,1997,null
02,14,1997,null
02,15,1997,null
02,16,1997,null
02,17,1997,null
02,18,1997,null
02,19,1997,null
02,20,1997,null
02,21,1997,null
02,22,1997,null
02,23,1997,null
02,24,1997,null
02,25,1997,null
02,26,1997,null
02,27,1997,null
02,28,1997,null
03,01,1997,null
03,02,1997,null
03,03,1997,null
03,04,1997,null
03,05,1997,null
03,06,1997,null
03,07,1997,null
03,08,1997,null
03,09,1997,null
03,10,1997,null
03,11,1997,null
03,12,1997,null
03,13,1997,null
03,14,1997,null
03,15,1997,null
03,16,1997,null
03,17,1997,null
03,18,1997,null
03,19,1997,null
03,20,1997,null
03,21,1997,null
03,22,1997,null
03,23,1997,null
03,24,1997,null
03,25,1997,null
03,26,1997,null
03,27,1997,null
03,28,1997,null
03,29,1997,null
03,30,1997,null
03,31,1997,null
04,01,1997,2.46
04,02,1997,2.23
04,03,1997,5.33
04,04,1997,10.24
04,05,1997,7.09
04,06,1997,7.86
04,07,1997,5.02
04,08,1997,3.25
04,09,1997,3.36
04,10,1997,5.46
04,11,1997,2.27
04,12,1997,3.93
04,13,1997,6.21
04,14,1997,3.89
04,15,1997,6.55
04,16,1997,3.25
04,17,1997,3.37
04,18,1997,4.53
04,19,1997,3.61
04,20,1997,1.99
04,21,1997,7.79
04,22,1997,5.34
04,23,1997,4.23
04,24,1997,6.4
04,25,1997,3.91
04,26,1997,5.38
04,27,1997,6.84
04,28,1997,7.67
04,29,1997,8.74
04,30,1997,4.83
05,01,1997,7.31
05,02,1997,4.2
05,03,1997,2.07
05,04,1997,9.85
05,05,1997,2.29
05,06,1997,6.76
05,07,1997,4.18
05,08,1997,5.32
05,09,1997,2.42
05,10,1997,5.89
05,11,1997,3.06
05,12,1997,6.45
05,13,1997,4.67
05,14,1997,5.9
05,15,1997,2.63
05,16,1997,2.37
05,17,1997,6.33
05,18,1997,4.56
05,19,1997,4.55
05,20,1997,6.67
05,21,1997,1.74
05,22,1997,2.03
05,23,1997,2.87
05,24,1997,4.88
05,25,1997,1.75
05,26,1997,8.27
05,27,1997,4.25
05,28,1997,3.82
05,29,1997,4.76
05,30,1997,3.16
05,31,1997,null
06,01,1997,2.22
06,02,1997,3.21
06,03,1997,0.9
06,04,1997,1.94
06,05,1997,2.16
06,06,1997,3.09
06,07,1997,4.44
06,08,1997,6.59
06,09,1997,3.38
06,10,1997,1.14
06,11,1997,0.96
06,12,1997,4.09
06,13,1997,5.01
06,14,1997,3.97
06,15,1997,8.02
06,16,1997,9.6
06,17,1997,2.21
06,18,1997,2.7
06,19,1997,7.35
06,20,1997,3.05
06,21,1997,1.89
06,22,1997,3.69
06,23,1997,6.71
06,24,1997,6.1
06,25,1997,3.49
06,26,1997,1.77
06,27,1997,1.95
06,28,1997,2.17
06,29,1997,3.32
06,30,1997,3.63
07,01,1997,1.72
07,02,1997,1.94
07,03,1997,1.91
07,04,1997,4.75
07,05,1997,1.75
07,06,1997,2.07
07,07,1997,1.91
07,08,1997,3.73
07,09,1997,1.1
07,10,1997,0.9
07,11,1997,1.1
07,12,1997,0.65
07,13,1997,1.75
07,14,1997,1.5
07,15,1997,1.18
07,16,1997,2.19
07,17,1997,2.83
07,18,1997,1.09
07,19,1997,2.31
07,20,1997,2.28
07,21,1997,1.74
07,22,1997,4.34
07,23,1997,2.33
07,24,1997,3.31
07,25,1997,4.24
07,26,1997,2.82
07,27,1997,4.64
07,28,1997,3.08
07,29,1997,3.52
07,30,1997,4.94
07,31,1997,5.26
08,01,1997,7.51
08,02,1997,6.93
08,03,1997,2.53
08,04,1997,3.97
08,05,1997,5.49
08,06,1997,1.0
08,07,1997,4.63
08,08,1997,4.85
08,09,1997,4.66
08,10,1997,4.54
08,11,1997,4.22
08,12,1997,4.67
08,13,1997,5.27
08,14,1997,0.76
08,15,1997,5.41
08,16,1997,2.04
08,17,1997,4.76
08,18,1997,4.2
08,19,1997,4.75
08,20,1997,6.56
08,21,1997,6.7
08,22,1997,1.83
08,23,1997,8.36
08,24,1997,3.31
08,25,1997,4.8
08,26,1997,7.89
08,27,1997,3.36
08,28,1997,6.25
08,29,1997,1.09
08,30,1997,8.85
08,31,1997,6.45
09,01,1997,7.87
09,02,1997,5.77
09,03,1997,8.87
09,04,1997,5.65
09,05,1997,4.39
09,06,1997,4.56
09,07,1997,2.49
09,08,1997,3.34
09,09,1997,3.35
09,10,1997,2.23
09,11,1997,4.52
09,12,1997,1.49
09,13,1997,2.85
09,14,1997,7.33
09,15,1997,5.29
09,16,1997,3.8
09,17,1997,3.55
09,18,1997,5.25
09,19,1997,7.91
09,20,1997,4.16
09,21,1997,5.41
09,22,1997,1.82
09,23,1997,3.02
09,24,1997,3.51
09,25,1997,3.6
09,26,1997,4.52
09,27,1997,6.52
09,28,1997,6.04
09,29,1997,6.47
09,30,1997,8.43
10,01,1997,5.4
10,02,1997,3.19
10,03,1997,2.8
10,04,1997,1.36
10,05,1997,2.29
10,06,1997,1.93
10,07,1997,1.17
10,08,1997,2.28
10,09,1997,1.36
10,10,1997,4.49
10,11,1997,2.13
10,12,1997,2.71
10,13,1997,2.14
10,14,1997,1.21
10,15,1997,2.41
10,16,1997,2.36
10,17,1997,2.22
10,18,1997,2.69
10,19,1997,1.39
10,20,1997,4.78
10,21,1997,3.78
10,22,1997,2.47
10,23,1997,2.64
10,24,1997,2.41
10,25,1997,2.99
10,26,1997,3.42
10,27,1997,3.55
10,28,1997,4.57
10,29,1997,5.72
10,30,1997,6.89
10,31,1997,8.09
11,01,1997,3.81
11,02,1997,4.42
11,03,1997,3.7
11,04,1997,2.19
11,05,1997,7.05
11,06,1997,2.53
11,07,1997,4.36
11,08,1997,4.57
11,09,1997,5.67
11,10,1997,4.77
11,11,1997,3.75
11,12,1997,3.62
11,13,1997,3.27
11,14,1997,2.89
11,15,1997,2.42
11,16,1997,1.27
11,17,1997,3.79
11,18,1997,5.65
11,19,1997,2.19
11,20,1997,2.88
11,21,1997,4.16
11,22,1997,4.54
11,23,1997,1.83
11,24,1997,1.9
11,25,1997,3.99
11,26,1997,2.19
11,27,1997,2.29
11,28,1997,4.32
11,29,1997,5.17
11,30,1997,3.29
12,01,1997,6.6
12,02,1997,2.58
12,03,1997,2.45
12,04,1997,2.4
12,05,1997,3.48
12,06,1997,3.75
12,07,1997,5.29
12,08,1997,3.92
12,09,1997,4.54
12,10,1997,6.43
12,11,1997,6.41
12,12,1997,1.14
12,13,1997,2.69
12,14,1997,1.67
12,15,1997,5.7
12,16,1997,2.15
12,17,1997,2.57
12,18,1997,3.79
12,19,1997,3.18
12,20,1997,3.12
12,21,1997,2.33
12,22,1997,4.41
12,23,1997,2.82
12,24,1997,3.66
12,25,1997,3.82
12,26,1997,2.88
12,27,1997,2.29
12,28,1997,3.45
12,29,1997,2.91
12,30,1997,2.49
12,31,1997,2.64
01,01,1998,1.11
01,02,1998,1.45
01,03,1998,7.07
01,04,1998,4.34
01,05,1998,2.9
01,06,1998,8.62
01,07,1998,7.06
01,08,1998,5.82
01,09,1998,4.2
01,10,1998,1.85
01,11,1998,6.27
01,12,1998,3.1
01,13,1998,4.02
01,14,1998,5.55
01,15,1998,10.75
01,16,1998,6.93
01,17,1998,4.47
01,18,1998,1.75
01,19,1998,4.53
01,20,1998,3.58
01,21,1998,4.44
01,22,1998,4.29
01,23,1998,10.1
01,24,1998,6.9
01,25,1998,1.2
01,26,1998,3.33
01,27,1998,3.17
01,28,1998,4.52
01,29,1998,7.24
01,30,1998,4.43
01,31,1998,8.51
02,01,1998,null
02,02,1998,null
02,03,1998,null
02,04,1998,null
02,05,1998,null
02,06,1998,null
02,07,1998,null
02,08,1998,null
02,09,1998,null
02,10,1998,null
02,11,1998,null
02,12,1998,null
02,13,1998,null
02,14,1998,null
02,15,1998,null
02,16,1998,null
02,17,1998,null
02,18,1998,null
02,19,1998,null
02,20,1998,null
02,21,1998,null
02,22,1998,null
02,23,1998,null
02,24,1998,null
02,25,1998,null
02,26,1998,null
02,27,1998,null
02,28,1998,null
03,01,1998,null
03,02,1998,null
03,03,1998,null
03,04,1998,null
03,05,1998,null
03,06,1998,null
03,07,1998,null
03,08,1998,null
03,09,1998,null
03,10,1998,null
03,11,1998,null
03,12,1998,null
03,13,1998,null
03,14,1998,null
03,15,1998,null
03,16,1998,null
03,17,1998,null
03,18,1998,null
03,19,1998,null
03,20,1998,null
03,21,1998,null
03,22,1998,null
03,23,1998,null
03,24,1998,null
03,25,1998,null
03,26,1998,null
03,27,1998,null
03,28,1998,null
03,29,1998,null
03,30,1998,null
03,31,1998,null
04,01,1998,null
04,02,1998,null
04,03,1998,null
04,04,1998,null
04,05,1998,null
04,06,1998,null
04,07,1998,null
04,08,1998,null
04,09,1998,null
04,10,1998,null
04,11,1998,null
04,12,1998,null
04,13,1998,null
04,14,1998,null
04,15,1998,null
04,16,1998,null
04,17,1998,null
04,18,1998,null
04,19,1998,null
04,20,1998,null
04,21,1998,null
04,22,1998,null
04,23,1998,null
04,24,1998,null
04,25,1998,null
04,26,1998,null
04,27,1998,null
04,28,1998,null
04,29,1998,null
04,30,1998,null
05,01,1998,null
05,02,1998,null
05,03,1998,null
05,04,1998,null
05,05,1998,null
05,06,1998,null
05,07,1998,null
05,08,1998,null
05,09,1998,null
05,10,1998,null
05,11,1998,null
05,12,1998,null
05,13,1998,null
05,14,1998,null
05,15,1998,null
05,16,1998,null
05,17,1998,null
05,18,1998,null
05,19,1998,null
05,20,1998,null
05,21,1998,null
05,22,1998,null
05,23,1998,null
05,24,1998,null
05,25,1998,null
05,26,1998,null
05,27,1998,null
05,28,1998,null
05,29,1998,null
05,30,1998,null
05,31,1998,null
06,01,1998,null
06,02,1998,null
06,03,1998,null
06,04,1998,null
06,05,1998,null
06,06,1998,null
06,07,1998,null
06,08,1998,null
06,09,1998,null
06,10,1998,null
06,11,1998,null
06,12,1998,null
06,13,1998,null
06,14,1998,null
06,15,1998,null
06,16,1998,null
06,17,1998,null
06,18,1998,null
06,19,1998,null
06,20,1998,null
06,21,1998,null
06,22,1998,null
06,23,1998,null
06,24,1998,null
06,25,1998,null
06,26,1998,null
06,27,1998,null
06,28,1998,null
06,29,1998,null
06,30,1998,null
07,01,1998,null
07,02,1998,null
07,03,1998,null
07,04,1998,null
07,05,1998,null
07,06,1998,null
07,07,1998,null
07,08,1998,null
07,09,1998,null
07,10,1998,null
07,11,1998,null
07,12,1998,null
07,13,1998,null
07,14,1998,null
07,15,1998,null
07,16,1998,null
07,17,1998,null
07,18,1998,null
07,19,1998,null
07,20,1998,null
07,21,1998,null
07,22,1998,null
07,23,1998,null
07,24,1998,null
07,25,1998,null
07,26,1998,null
07,27,1998,null
07,28,1998,null
07,29,1998,null
07,30,1998,null
07,31,1998,null
08,01,1998,null
08,02,1998,null
08,03,1998,null
08,04,1998,null
08,05,1998,null
08,06,1998,null
08,07,1998,null
08,08,1998,null
08,09,1998,null
08,10,1998,null
08,11,1998,null
08,12,1998,null
08,13,1998,null
08,14,1998,null
08,15,1998,null
08,16,1998,null
08,17,1998,null
08,18,1998,null
08,19,1998,null
08,20,1998,null
08,21,1998,null
08,22,1998,null
08,23,1998,null
08,24,1998,null
08,25,1998,null
08,26,1998,null
08,27,1998,null
08,28,1998,null
08,29,1998,null
08,30,1998,null
08,31,1998,null
09,01,1998,null
09,02,1998,null
09,03,1998,null
09,04,1998,null
09,05,1998,null
09,06,1998,null
09,07,1998,null
09,08,1998,null
09,09,1998,null
09,10,1998,null
09,11,1998,null
09,12,1998,null
09,13,1998,null
09,14,1998,null
09,15,1998,null
09,16,1998,null
09,17,1998,null
09,18,1998,null
09,19,1998,null
09,20,1998,null
09,21,1998,null
09,22,1998,null
09,23,1998,null
09,24,1998,null
09,25,1998,null
09,26,1998,null
09,27,1998,null
09,28,1998,null
09,29,1998,null
09,30,1998,null
10,01,1998,null
10,02,1998,null
10,03,1998,null
10,04,1998,null
10,05,1998,null
10,06,1998,null
10,07,1998,null
10,08,1998,null
10,09,1998,null
10,10,1998,null
10,11,1998,null
10,12,1998,null
10,13,1998,null
10,14,1998,null
10,15,1998,null
10,16,1998,null
10,17,1998,null
10,18,1998,null
10,19,1998,null
10,20,1998,null
10,21,1998,null
10,22,1998,null
10,23,1998,null
10,24,1998,null
10,25,1998,null
10,26,1998,null
10,27,1998,null
10,28,1998,null
10,29,1998,null
10,30,1998,null
10,31,1998,null
11,01,1998,null
11,02,1998,null
11,03,1998,null
11,04,1998,null
11,05,1998,null
11,06,1998,null
11,07,1998,null
11,08,1998,null
11,09,1998,null
11,10,1998,null
11,11,1998,null
11,12,1998,null
11,13,1998,null
11,14,1998,null
11,15,1998,null
11,16,1998,null
11,17,1998,null
11,18,1998,null
11,19,1998,null
11,20,1998,null
11,21,1998,null
11,22,1998,null
11,23,1998,null
11,24,1998,null
11,25,1998,null
11,26,1998,null
11,27,1998,null
11,28,1998,null
11,29,1998,null
11,30,1998,null
12,01,1998,null
12,02,1998,null
12,03,1998,null
12,04,1998,null
12,05,1998,null
12,06,1998,null
12,07,1998,null
12,08,1998,null
12,09,1998,null
12,10,1998,null
12,11,1998,null
12,12,1998,null
12,13,1998,null
12,14,1998,null
12,15,1998,null
12,16,1998,null
12,17,1998,null
12,18,1998,null
12,19,1998,null
12,20,1998,null
12,21,1998,null
12,22,1998,null
12,23,1998,null
12,24,1998,null
12,25,1998,null
12,26,1998,null
12,27,1998,null
12,28,1998,null
12,29,1998,null
12,30,1998,null
12,31,1998,null
01,01,1999,null
01,02,1999,null
01,03,1999,null
01,04,1999,null
01,05,1999,null
01,06,1999,null
01,07,1999,null
01,08,1999,null
01,09,1999,null
01,10,1999,null
01,11,1999,null
01,12,1999,null
01,13,1999,null
01,14,1999,null
01,15,1999,null
01,16,1999,null
01,17,1999,null
01,18,1999,null
01,19,1999,null
01,20,1999,null
01,21,1999,null
01,22,1999,null
01,23,1999,null
01,24,1999,null
01,25,1999,null
01,26,1999,null
01,27,1999,null
01,28,1999,null
01,29,1999,null
01,30,1999,null
01,31,1999,null
02,01,1999,null
02,02,1999,null
02,03,1999,null
02,04,1999,null
02,05,1999,null
02,06,1999,null
02,07,1999,null
02,08,1999,null
02,09,1999,null
02,10,1999,null
02,11,1999,null
02,12,1999,null
02,13,1999,null
02,14,1999,null
02,15,1999,null
02,16,1999,null
02,17,1999,null
02,18,1999,null
02,19,1999,null
02,20,1999,null
02,21,1999,null
02,22,1999,null
02,23,1999,null
02,24,1999,null
02,25,1999,null
02,26,1999,null
02,27,1999,null
02,28,1999,null
03,01,1999,null
03,02,1999,null
03,03,1999,null
03,04,1999,null
03,05,1999,null
03,06,1999,null
03,07,1999,null
03,08,1999,null
03,09,1999,null
03,10,1999,null
03,11,1999,null
03,12,1999,null
03,13,1999,null
03,14,1999,null
03,15,1999,null
03,16,1999,null
03,17,1999,null
03,18,1999,null
03,19,1999,null
03,20,1999,null
03,21,1999,null
03,22,1999,null
03,23,1999,null
03,24,1999,null
03,25,1999,null
03,26,1999,null
03,27,1999,null
03,28,1999,null
03,29,1999,null
03,30,1999,null
03,31,1999,null
04,01,1999,null
04,02,1999,null
04,03,1999,null
04,04,1999,null
04,05,1999,null
04,06,1999,null
04,07,1999,null
04,08,1999,null
04,09,1999,null
04,10,1999,null
04,11,1999,null
04,12,1999,null
04,13,1999,null
04,14,1999,null
04,15,1999,null
04,16,1999,null
04,17,1999,null
04,18,1999,null
04,19,1999,null
04,20,1999,null
04,21,1999,null
04,22,1999,null
04,23,1999,null
04,24,1999,null
04,25,1999,null
04,26,1999,null
04,27,1999,null
04,28,1999,null
04,29,1999,null
04,30,1999,null
05,01,1999,null
05,02,1999,null
05,03,1999,null
05,04,1999,null
05,05,1999,null
05,06,1999,null
05,07,1999,null
05,08,1999,null
05,09,1999,null
05,10,1999,null
05,11,1999,null
05,12,1999,null
05,13,1999,null
05,14,1999,null
05,15,1999,null
05,16,1999,null
05,17,1999,null
05,18,1999,null
05,19,1999,null
05,20,1999,null
05,21,1999,null
05,22,1999,null
05,23,1999,null
05,24,1999,null
05,25,1999,null
05,26,1999,null
05,27,1999,null
05,28,1999,null
05,29,1999,null
05,30,1999,null
05,31,1999,null
06,01,1999,null
06,02,1999,null
06,03,1999,null
06,04,1999,null
06,05,1999,null
06,06,1999,null
06,07,1999,null
06,08,1999,null
06,09,1999,null
06,10,1999,null
06,11,1999,null
06,12,1999,null
06,13,1999,null
06,14,1999,null
06,15,1999,null
06,16,1999,null
06,17,1999,null
06,18,1999,null
06,19,1999,null
06,20,1999,null
06,21,1999,null
06,22,1999,null
06,23,1999,null
06,24,1999,null
06,25,1999,null
06,26,1999,null
06,27,1999,null
06,28,1999,null
06,29,1999,null
06,30,1999,null
07,01,1999,null
07,02,1999,null
07,03,1999,null
07,04,1999,null
07,05,1999,null
07,06,1999,null
07,07,1999,null
07,08,1999,null
07,09,1999,null
07,10,1999,null
07,11,1999,null
07,12,1999,null
07,13,1999,null
07,14,1999,null
07,15,1999,null
07,16,1999,null
07,17,1999,null
07,18,1999,null
07,19,1999,null
07,20,1999,null
07,21,1999,null
07,22,1999,null
07,23,1999,null
07,24,1999,null
07,25,1999,null
07,26,1999,null
07,27,1999,null
07,28,1999,null
07,29,1999,null
07,30,1999,null
07,31,1999,null
08,01,1999,null
08,02,1999,null
08,03,1999,null
08,04,1999,null
08,05,1999,null
08,06,1999,null
08,07,1999,null
08,08,1999,null
08,09,1999,null
08,10,1999,null
08,11,1999,null
08,12,1999,null
08,13,1999,null
08,14,1999,null
08,15,1999,null
08,16,1999,null
08,17,1999,null
08,18,1999,null
08,19,1999,null
08,20,1999,null
08,21,1999,null
08,22,1999,null
08,23,1999,null
08,24,1999,null
08,25,1999,null
08,26,1999,null
08,27,1999,null
08,28,1999,null
08,29,1999,null
08,30,1999,null
08,31,1999,null
09,01,1999,null
09,02,1999,null
09,03,1999,null
09,04,1999,null
09,05,1999,null
09,06,1999,null
09,07,1999,null
09,08,1999,null
09,09,1999,null
09,10,1999,null
09,11,1999,null
09,12,1999,null
09,13,1999,null
09,14,1999,null
09,15,1999,null
09,16,1999,null
09,17,1999,null
09,18,1999,null
09,19,1999,null
09,20,1999,null
09,21,1999,null
09,22,1999,null
09,23,1999,null
09,24,1999,null
09,25,1999,null
09,26,1999,null
09,27,1999,null
09,28,1999,null
09,29,1999,null
09,30,1999,null
10,01,1999,null
10,02,1999,null
10,03,1999,null
10,04,1999,null
10,05,1999,null
10,06,1999,null
10,07,1999,null
10,08,1999,null
10,09,1999,null
10,10,1999,null
10,11,1999,null
10,12,1999,null
10,13,1999,null
10,14,1999,null
10,15,1999,null
10,16,1999,null
10,17,1999,null
10,18,1999,null
10,19,1999,null
10,20,1999,null
10,21,1999,null
10,22,1999,null
10,23,1999,null
10,24,1999,null
10,25,1999,null
10,26,1999,null
10,27,1999,null
10,28,1999,null
10,29,1999,null
10,30,1999,null
10,31,1999,null
11,01,1999,null
11,02,1999,null
11,03,1999,null
11,04,1999,null
11,05,1999,null
11,06,1999,null
11,07,1999,null
11,08,1999,null
11,09,1999,null
11,10,1999,null
11,11,1999,null
11,12,1999,null
11,13,1999,null
11,14,1999,null
11,15,1999,null
11,16,1999,null
11,17,1999,null
11,18,1999,null
11,19,1999,null
11,20,1999,null
11,21,1999,null
11,22,1999,null
11,23,1999,null
11,24,1999,null
11,25,1999,null
11,26,1999,null
11,27,1999,null
11,28,1999,null
11,29,1999,null
11,30,1999,null
12,01,1999,11.6
12,02,1999,4.9
12,03,1999,3.5
12,04,1999,5.6
12,05,1999,3.2
12,06,1999,4.99
12,07,1999,4.4
12,08,1999,4.9
12,09,1999,2.5
12,10,1999,4.7
12,11,1999,6.4
12,12,1999,3.1
12,13,1999,3.9
12,14,1999,1.4
12,15,1999,3.5
12,16,1999,1.4
12,17,1999,3.19
12,18,1999,3.31
12,19,1999,3.16
12,20,1999,4.04
12,21,1999,2.3
12,22,1999,2.1
12,23,1999,2.08
12,24,1999,1.92
12,25,1999,2.25
12,26,1999,9.45
12,27,1999,3.2
12,28,1999,2.5
12,29,1999,2.65
12,30,1999,4.35
12,31,1999,5.4
01,01,2000,null
01,02,2000,null
01,03,2000,null
01,04,2000,null
01,05,2000,null
01,06,2000,null
01,07,2000,null
01,08,2000,null
01,09,2000,null
01,10,2000,null
01,11,2000,null
01,12,2000,null
01,13,2000,null
01,14,2000,null
01,15,2000,null
01,16,2000,null
01,17,2000,null
01,18,2000,null
01,19,2000,null
01,20,2000,null
01,21,2000,null
01,22,2000,null
01,23,2000,null
01,24,2000,null
01,25,2000,null
01,26,2000,null
01,27,2000,null
01,28,2000,null
01,29,2000,null
01,30,2000,null
01,31,2000,null
02,01,2000,7.44
02,02,2000,8.4
02,03,2000,5.34
02,04,2000,6.86
02,05,2000,5.56
02,06,2000,6.72
02,07,2000,5.38
02,08,2000,6.74
02,09,2000,5.19
02,10,2000,6.44
02,11,2000,5.56
02,12,2000,5.57
02,13,2000,6.15
02,14,2000,6.81
02,15,2000,7.27
02,16,2000,4.6
02,17,2000,6.51
02,18,2000,6.26
02,19,2000,5.89
02,20,2000,6.39
02,21,2000,5.65
02,22,2000,6.56
02,23,2000,8.15
02,24,2000,5.29
02,25,2000,6.29
02,26,2000,5.55
02,27,2000,6.12
02,28,2000,8.49
02,29,2000,5.43
03,01,2000,null
03,02,2000,null
03,03,2000,null
03,04,2000,null
03,05,2000,null
03,06,2000,null
03,07,2000,null
03,08,2000,null
03,09,2000,null
03,10,2000,null
03,11,2000,null
03,12,2000,null
03,13,2000,null
03,14,2000,null
03,15,2000,null
03,16,2000,null
03,17,2000,null
03,18,2000,null
03,19,2000,null
03,20,2000,null
03,21,2000,null
03,22,2000,null
03,23,2000,null
03,24,2000,null
03,25,2000,null
03,26,2000,null
03,27,2000,null
03,28,2000,null
03,29,2000,null
03,30,2000,null
03,31,2000,null
04,01,2000,null
04,02,2000,null
04,03,2000,null
04,04,2000,null
04,05,2000,null
04,06,2000,null
04,07,2000,null
04,08,2000,null
04,09,2000,null
04,10,2000,null
04,11,2000,null
04,12,2000,null
04,13,2000,null
04,14,2000,null
04,15,2000,null
04,16,2000,null
04,17,2000,null
04,18,2000,null
04,19,2000,null
04,20,2000,null
04,21,2000,null
04,22,2000,null
04,23,2000,null
04,24,2000,null
04,25,2000,null
04,26,2000,null
04,27,2000,null
04,28,2000,null
04,29,2000,null
04,30,2000,null
05,01,2000,null
05,02,2000,null
05,03,2000,null
05,04,2000,null
05,05,2000,null
05,06,2000,null
05,07,2000,null
05,08,2000,null
05,09,2000,null
05,10,2000,null
05,11,2000,null
05,12,2000,null
05,13,2000,null
05,14,2000,null
05,15,2000,null
05,16,2000,null
05,17,2000,null
05,18,2000,null
05,19,2000,null
05,20,2000,null
05,21,2000,null
05,22,2000,null
05,23,2000,null
05,24,2000,null
05,25,2000,null
05,26,2000,null
05,27,2000,null
05,28,2000,null
05,29,2000,null
05,30,2000,null
05,31,2000,null
06,01,2000,null
06,02,2000,null
06,03,2000,null
06,04,2000,null
06,05,2000,null
06,06,2000,null
06,07,2000,null
06,08,2000,null
06,09,2000,null
06,10,2000,null
06,11,2000,null
06,12,2000,null
06,13,2000,null
06,14,2000,null
06,15,2000,null
06,16,2000,null
06,17,2000,null
06,18,2000,null
06,19,2000,null
06,20,2000,null
06,21,2000,null
06,22,2000,null
06,23,2000,null
06,24,2000,null
06,25,2000,null
06,26,2000,null
06,27,2000,null
06,28,2000,null
06,29,2000,null
06,30,2000,null
07,01,2000,null
07,02,2000,null
07,03,2000,null
07,04,2000,null
07,05,2000,null
07,06,2000,null
07,07,2000,null
07,08,2000,null
07,09,2000,null
07,10,2000,null
07,11,2000,null
07,12,2000,null
07,13,2000,null
07,14,2000,null
07,15,2000,null
07,16,2000,null
07,17,2000,null
07,18,2000,null
07,19,2000,null
07,20,2000,null
07,21,2000,null
07,22,2000,null
07,23,2000,null
07,24,2000,null
07,25,2000,null
07,26,2000,null
07,27,2000,null
07,28,2000,null
07,29,2000,null
07,30,2000,null
07,31,2000,null
08,01,2000,null
08,02,2000,null
08,03,2000,null
08,04,2000,null
08,05,2000,null
08,06,2000,null
08,07,2000,null
08,08,2000,null
08,09,2000,null
08,10,2000,null
08,11,2000,null
08,12,2000,null
08,13,2000,null
08,14,2000,null
08,15,2000,null
08,16,2000,null
08,17,2000,null
08,18,2000,null
08,19,2000,null
08,20,2000,null
08,21,2000,null
08,22,2000,null
08,23,2000,null
08,24,2000,null
08,25,2000,null
08,26,2000,null
08,27,2000,null
08,28,2000,null
08,29,2000,null
08,30,2000,null
08,31,2000,null
09,01,2000,null
09,02,2000,null
09,03,2000,null
09,04,2000,null
09,05,2000,null
09,06,2000,null
09,07,2000,null
09,08,2000,null
09,09,2000,null
09,10,2000,null
09,11,2000,null
09,12,2000,null
09,13,2000,null
09,14,2000,null
09,15,2000,null
09,16,2000,null
09,17,2000,null
09,18,2000,null
09,19,2000,null
09,20,2000,null
09,21,2000,null
09,22,2000,null
09,23,2000,null
09,24,2000,null
09,25,2000,null
09,26,2000,null
09,27,2000,null
09,28,2000,null
09,29,2000,null
09,30,2000,null
10,01,2000,0.4
10,02,2000,5.2
10,03,2000,1.7
10,04,2000,3.8
10,05,2000,1.2
10,06,2000,3.5
10,07,2000,4.8
10,08,2000,5.2
10,09,2000,5.3
10,10,2000,9.4
10,11,2000,1.8
10,12,2000,3.9
10,13,2000,0.7
10,14,2000,4.1
10,15,2000,4.5
10,16,2000,1.5
10,17,2000,3.6
10,18,2000,5.4
10,19,2000,4.5
10,20,2000,5.1
10,21,2000,4.1
10,22,2000,2.5
10,23,2000,2.6
10,24,2000,5.4
10,25,2000,1.3
10,26,2000,4.0
10,27,2000,1.1
10,28,2000,3.9
10,29,2000,4.8
10,30,2000,1.2
10,31,2000,3.2
11,01,2000,5.14
11,02,2000,1.56
11,03,2000,3.5
11,04,2000,5.5
11,05,2000,4.5
11,06,2000,1.7
11,07,2000,3.3
11,08,2000,2.9
11,09,2000,1.9
11,10,2000,2.1
11,11,2000,3.8
11,12,2000,3.4
11,13,2000,3.5
11,14,2000,2.2
11,15,2000,4.3
11,16,2000,5.0
11,17,2000,5.5
11,18,2000,1.4
11,19,2000,3.1
11,20,2000,1.8
11,21,2000,3.9
11,22,2000,4.5
11,23,2000,2.5
11,24,2000,1.2
11,25,2000,1.8
11,26,2000,1.2
11,27,2000,1.6
11,28,2000,2.0
11,29,2000,2.0
11,30,2000,2.8
12,01,2000,1.3
12,02,2000,0.9
12,03,2000,1.1
12,04,2000,1.9
12,05,2000,1.9
12,06,2000,2.7
12,07,2000,4.8
12,08,2000,1.6
12,09,2000,3.5
12,10,2000,5.5
12,11,2000,5.0
12,12,2000,4.2
12,13,2000,2.7
12,14,2000,2.1
12,15,2000,1.1
12,16,2000,1.0
12,17,2000,1.9
12,18,2000,1.6
12,19,2000,4.9
12,20,2000,4.9
12,21,2000,4.9
12,22,2000,1.8
12,23,2000,2.2
12,24,2000,1.1
12,25,2000,7.6
12,26,2000,1.5
12,27,2000,3.4
12,28,2000,2.3
12,29,2000,4.9
12,30,2000,10.1
12,31,2000,5.5
01,01,2001,null
01,02,2001,null
01,03,2001,null
01,04,2001,null
01,05,2001,null
01,06,2001,null
01,07,2001,null
01,08,2001,null
01,09,2001,null
01,10,2001,null
01,11,2001,null
01,12,2001,null
01,13,2001,null
01,14,2001,null
01,15,2001,null
01,16,2001,null
01,17,2001,null
01,18,2001,null
01,19,2001,null
01,20,2001,null
01,21,2001,null
01,22,2001,null
01,23,2001,null
01,24,2001,null
01,25,2001,null
01,26,2001,null
01,27,2001,null
01,28,2001,null
01,29,2001,null
01,30,2001,null
01,31,2001,null
02,01,2001,null
02,02,2001,null
02,03,2001,null
02,04,2001,null
02,05,2001,null
02,06,2001,null
02,07,2001,null
02,08,2001,null
02,09,2001,null
02,10,2001,null
02,11,2001,null
02,12,2001,null
02,13,2001,null
02,14,2001,null
02,15,2001,null
02,16,2001,null
02,17,2001,null
02,18,2001,null
02,19,2001,null
02,20,2001,null
02,21,2001,null
02,22,2001,null
02,23,2001,null
02,24,2001,null
02,25,2001,null
02,26,2001,null
02,27,2001,null
02,28,2001,null
03,01,2001,null
03,02,2001,null
03,03,2001,null
03,04,2001,null
03,05,2001,null
03,06,2001,null
03,07,2001,null
03,08,2001,null
03,09,2001,null
03,10,2001,null
03,11,2001,null
03,12,2001,null
03,13,2001,null
03,14,2001,null
03,15,2001,null
03,16,2001,null
03,17,2001,null
03,18,2001,null
03,19,2001,null
03,20,2001,null
03,21,2001,null
03,22,2001,null
03,23,2001,null
03,24,2001,null
03,25,2001,null
03,26,2001,null
03,27,2001,null
03,28,2001,null
03,29,2001,null
03,30,2001,null
03,31,2001,null
04,01,2001,3.2
04,02,2001,7.8
04,03,2001,6.1
04,04,2001,4.35
04,05,2001,4.65
04,06,2001,7.0
04,07,2001,7.3
04,08,2001,8.4
04,09,2001,5.9
04,10,2001,2.35
04,11,2001,6.95
04,12,2001,7.6
04,13,2001,5.6
04,14,2001,6.6
04,15,2001,1.8
04,16,2001,7.1
04,17,2001,1.8
04,18,2001,3.45
04,19,2001,3.65
04,20,2001,5.2
04,21,2001,6.4
04,22,2001,4.2
04,23,2001,3.6
04,24,2001,4.1
04,25,2001,2.9
04,26,2001,3.5
04,27,2001,5.1
04,28,2001,3.1
04,29,2001,3.0
04,30,2001,2.65
05,01,2001,3.6
05,02,2001,2.85
05,03,2001,5.6
05,04,2001,2.2
05,05,2001,6.9
05,06,2001,3.4
05,07,2001,3.45
05,08,2001,2.75
05,09,2001,3.2
05,10,2001,5.2
05,11,2001,3.7
05,12,2001,2.15
05,13,2001,3.25
05,14,2001,5.3
05,15,2001,6.4
05,16,2001,3.3
05,17,2001,2.75
05,18,2001,4.95
05,19,2001,7.05
05,20,2001,3.7
05,21,2001,6.75
05,22,2001,1.2
05,23,2001,4.9
05,24,2001,3.0
05,25,2001,3.5
05,26,2001,2.17
05,27,2001,1.83
05,28,2001,1.6
05,29,2001,9.04
05,30,2001,8.06
05,31,2001,3.0
06,01,2001,8.82
06,02,2001,5.04
06,03,2001,8.24
06,04,2001,2.1
06,05,2001,5.8
06,06,2001,8.04
06,07,2001,8.25
06,08,2001,9.48
06,09,2001,4.88
06,10,2001,4.18
06,11,2001,7.47
06,12,2001,7.58
06,13,2001,4.51
06,14,2001,4.09
06,15,2001,7.03
06,16,2001,6.55
06,17,2001,5.35
06,18,2001,4.3
06,19,2001,2.2
06,20,2001,5.6
06,21,2001,2.9
06,22,2001,6.3
06,23,2001,5.9
06,24,2001,2.6
06,25,2001,3.3
06,26,2001,4.2
06,27,2001,6.9
06,28,2001,2.2
06,29,2001,1.25
06,30,2001,4.35
07,01,2001,5.5
07,02,2001,1.8
07,03,2001,0.9
07,04,2001,1.1
07,05,2001,3.06
07,06,2001,2.49
07,07,2001,4.7
07,08,2001,3.25
07,09,2001,4.3
07,10,2001,4.08
07,11,2001,4.6
07,12,2001,4.6
07,13,2001,2.3
07,14,2001,5.4
07,15,2001,5.24
07,16,2001,0.7
07,17,2001,8.65
07,18,2001,3.95
07,19,2001,1.93
07,20,2001,5.32
07,21,2001,1.24
07,22,2001,2.91
07,23,2001,2.1
07,24,2001,7.0
07,25,2001,5.25
07,26,2001,5.65
07,27,2001,4.4
07,28,2001,2.67
07,29,2001,3.78
07,30,2001,2.76
07,31,2001,4.84
08,01,2001,3.5
08,02,2001,3.95
08,03,2001,3.59
08,04,2001,4.92
08,05,2001,4.05
08,06,2001,4.85
08,07,2001,3.95
08,08,2001,3.13
08,09,2001,3.67
08,10,2001,2.1
08,11,2001,5.48
08,12,2001,4.7
08,13,2001,3.84
08,14,2001,4.4
08,15,2001,3.43
08,16,2001,4.41
08,17,2001,6.43
08,18,2001,2.03
08,19,2001,4.1
08,20,2001,4.8
08,21,2001,3.0
08,22,2001,3.4
08,23,2001,2.88
08,24,2001,2.52
08,25,2001,3.51
08,26,2001,4.39
08,27,2001,3.03
08,28,2001,9.77
08,29,2001,5.68
08,30,2001,3.45
08,31,2001,3.0
09,01,2001,2.85
09,02,2001,5.3
09,03,2001,2.25
09,04,2001,1.4
09,05,2001,5.3
09,06,2001,5.4
09,07,2001,4.5
09,08,2001,9.16
09,09,2001,7.94
09,10,2001,9.75
09,11,2001,8.19
09,12,2001,3.56
09,13,2001,2.0
09,14,2001,11.5
09,15,2001,1.3
09,16,2001,4.61
09,17,2001,3.29
09,18,2001,3.25
09,19,2001,4.4
09,20,2001,3.7
09,21,2001,4.75
09,22,2001,5.41
09,23,2001,7.48
09,24,2001,2.9
09,25,2001,3.4
09,26,2001,6.4
09,27,2001,2.8
09,28,2001,5.4
09,29,2001,2.8
09,30,2001,6.43
10,01,2001,3.77
10,02,2001,6.17
10,03,2001,6.55
10,04,2001,4.25
10,05,2001,2.75
10,06,2001,2.75
10,07,2001,4.0
10,08,2001,5.07
10,09,2001,4.48
10,10,2001,6.4
10,11,2001,3.21
10,12,2001,3.14
10,13,2001,2.89
10,14,2001,7.23
10,15,2001,7.65
10,16,2001,1.95
10,17,2001,1.8
10,18,2001,2.3
10,19,2001,2.8
10,20,2001,1.47
10,21,2001,1.23
10,22,2001,4.4
10,23,2001,1.1
10,24,2001,1.89
10,25,2001,2.01
10,26,2001,3.2
10,27,2001,1.7
10,28,2001,2.45
10,29,2001,2.15
10,30,2001,1.16
10,31,2001,1.14
11,01,2001,1.86
11,02,2001,3.04
11,03,2001,1.1
11,04,2001,1.1
11,05,2001,2.7
11,06,2001,2.64
11,07,2001,2.15
11,08,2001,3.02
11,09,2001,1.24
11,10,2001,5.65
11,11,2001,2.1
11,12,2001,1.9
11,13,2001,2.99
11,14,2001,2.11
11,15,2001,3.1
11,16,2001,1.4
11,17,2001,1.7
11,18,2001,3.7
11,19,2001,3.9
11,20,2001,1.25
11,21,2001,2.05
11,22,2001,1.2
11,23,2001,3.6
11,24,2001,3.75
11,25,2001,3.05
11,26,2001,2.2
11,27,2001,2.2
11,28,2001,5.85
11,29,2001,2.15
11,30,2001,1.6
12,01,2001,2.1
12,02,2001,2.8
12,03,2001,3.4
12,04,2001,1.8
12,05,2001,2.15
12,06,2001,1.45
12,07,2001,2.3
12,08,2001,3.1
12,09,2001,3.05
12,10,2001,3.4
12,11,2001,2.05
12,12,2001,4.2
12,13,2001,4.1
12,14,2001,1.9
12,15,2001,3.3
12,16,2001,4.3
12,17,2001,3.9
12,18,2001,2.1
12,19,2001,1.0
12,20,2001,3.83
12,21,2001,4.01
12,22,2001,5.06
12,23,2001,2.6
12,24,2001,1.9
12,25,2001,1.1
12,26,2001,2.21
12,27,2001,1.48
12,28,2001,3.96
12,29,2001,2.79
12,30,2001,2.26
12,31,2001,2.24
01,01,2002,1.06
01,02,2002,2.53
01,03,2002,1.0
01,04,2002,1.39
01,05,2002,6.72
01,06,2002,3.27
01,07,2002,2.02
01,08,2002,5.96
01,09,2002,1.47
01,10,2002,2.32
01,11,2002,3.02
01,12,2002,2.95
01,13,2002,3.82
01,14,2002,1.47
01,15,2002,5.35
01,16,2002,4.38
01,17,2002,3.7
01,18,2002,4.77
01,19,2002,2.02
01,20,2002,3.43
01,21,2002,4.2
01,22,2002,2.28
01,23,2002,6.08
01,24,2002,3.26
01,25,2002,3.07
01,26,2002,4.38
01,27,2002,2.87
01,28,2002,3.08
01,29,2002,6.95
01,30,2002,4.35
01,31,2002,1.55
02,01,2002,4.85
02,02,2002,4.23
02,03,2002,5.33
02,04,2002,2.99
02,05,2002,1.35
02,06,2002,1.86
02,07,2002,1.03
02,08,2002,2.01
02,09,2002,1.99
02,10,2002,1.01
02,11,2002,7.92
02,12,2002,1.69
02,13,2002,2.82
02,14,2002,2.04
02,15,2002,5.17
02,16,2002,5.0
02,17,2002,2.36
02,18,2002,2.2
02,19,2002,4.49
02,20,2002,6.12
02,21,2002,4.02
02,22,2002,3.28
02,23,2002,4.43
02,24,2002,5.63
02,25,2002,6.37
02,26,2002,3.14
02,27,2002,5.57
02,28,2002,1.06
03,01,2002,6.03
03,02,2002,3.75
03,03,2002,3.93
03,04,2002,3.63
03,05,2002,4.01
03,06,2002,2.3
03,07,2002,6.79
03,08,2002,3.73
03,09,2002,8.5
03,10,2002,4.74
03,11,2002,5.23
03,12,2002,4.78
03,13,2002,4.79
03,14,2002,5.25
03,15,2002,3.31
03,16,2002,6.64
03,17,2002,5.01
03,18,2002,9.72
03,19,2002,3.92
03,20,2002,6.44
03,21,2002,4.27
03,22,2002,5.44
03,23,2002,3.1
03,24,2002,7.15
03,25,2002,5.19
03,26,2002,6.89
03,27,2002,3.18
03,28,2002,5.35
03,29,2002,9.39
03,30,2002,3.27
03,31,2002,4.01
04,01,2002,null
04,02,2002,null
04,03,2002,null
04,04,2002,null
04,05,2002,null
04,06,2002,null
04,07,2002,null
04,08,2002,null
04,09,2002,null
04,10,2002,null
04,11,2002,null
04,12,2002,null
04,13,2002,null
04,14,2002,null
04,15,2002,null
04,16,2002,null
04,17,2002,null
04,18,2002,null
04,19,2002,null
04,20,2002,null
04,21,2002,null
04,22,2002,null
04,23,2002,null
04,24,2002,null
04,25,2002,null
04,26,2002,null
04,27,2002,null
04,28,2002,null
04,29,2002,null
04,30,2002,null
05,01,2002,null
05,02,2002,null
05,03,2002,null
05,04,2002,null
05,05,2002,null
05,06,2002,null
05,07,2002,null
05,08,2002,null
05,09,2002,null
05,10,2002,null
05,11,2002,null
05,12,2002,null
05,13,2002,null
05,14,2002,null
05,15,2002,null
05,16,2002,null
05,17,2002,null
05,18,2002,null
05,19,2002,null
05,20,2002,null
05,21,2002,null
05,22,2002,null
05,23,2002,null
05,24,2002,null
05,25,2002,null
05,26,2002,null
05,27,2002,null
05,28,2002,null
05,29,2002,null
05,30,2002,null
05,31,2002,null
06,01,2002,null
06,02,2002,null
06,03,2002,null
06,04,2002,null
06,05,2002,null
06,06,2002,null
06,07,2002,null
06,08,2002,null
06,09,2002,null
06,10,2002,null
06,11,2002,null
06,12,2002,null
06,13,2002,null
06,14,2002,null
06,15,2002,null
06,16,2002,null
06,17,2002,null
06,18,2002,null
06,19,2002,null
06,20,2002,null
06,21,2002,null
06,22,2002,null
06,23,2002,null
06,24,2002,null
06,25,2002,null
06,26,2002,null
06,27,2002,null
06,28,2002,null
06,29,2002,null
06,30,2002,null
07,01,2002,null
07,02,2002,null
07,03,2002,null
07,04,2002,null
07,05,2002,null
07,06,2002,null
07,07,2002,null
07,08,2002,null
07,09,2002,null
07,10,2002,null
07,11,2002,null
07,12,2002,null
07,13,2002,null
07,14,2002,null
07,15,2002,null
07,16,2002,null
07,17,2002,null
07,18,2002,null
07,19,2002,null
07,20,2002,null
07,21,2002,null
07,22,2002,null
07,23,2002,null
07,24,2002,null
07,25,2002,null
07,26,2002,null
07,27,2002,null
07,28,2002,null
07,29,2002,null
07,30,2002,null
07,31,2002,null
08,01,2002,null
08,02,2002,null
08,03,2002,null
08,04,2002,null
08,05,2002,null
08,06,2002,null
08,07,2002,null
08,08,2002,null
08,09,2002,null
08,10,2002,null
08,11,2002,null
08,12,2002,null
08,13,2002,null
08,14,2002,null
08,15,2002,null
08,16,2002,null
08,17,2002,null
08,18,2002,null
08,19,2002,null
08,20,2002,null
08,21,2002,null
08,22,2002,null
08,23,2002,null
08,24,2002,null
08,25,2002,null
08,26,2002,null
08,27,2002,null
08,28,2002,null
08,29,2002,null
08,30,2002,null
08,31,2002,null
09,01,2002,2.03
09,02,2002,2.73
09,03,2002,2.27
09,04,2002,5.95
09,05,2002,1.52
09,06,2002,3.32
09,07,2002,1.35
09,08,2002,3.58
09,09,2002,6.99
09,10,2002,7.24
09,11,2002,5.05
09,12,2002,4.45
09,13,2002,2.36
09,14,2002,4.04
09,15,2002,1.71
09,16,2002,4.21
09,17,2002,3.37
09,18,2002,3.19
09,19,2002,1.62
09,20,2002,1.88
09,21,2002,1.96
09,22,2002,4.01
09,23,2002,1.91
09,24,2002,7.28
09,25,2002,2.04
09,26,2002,4.69
09,27,2002,8.08
09,28,2002,6.37
09,29,2002,3.69
09,30,2002,3.67
10,01,2002,1.73
10,02,2002,1.4
10,03,2002,4.09
10,04,2002,2.21
10,05,2002,1.99
10,06,2002,4.56
10,07,2002,3.33
10,08,2002,2.41
10,09,2002,0.9
10,10,2002,1.97
10,11,2002,3.95
10,12,2002,3.04
10,13,2002,2.17
10,14,2002,4.98
10,15,2002,1.01
10,16,2002,3.08
10,17,2002,2.29
10,18,2002,2.49
10,19,2002,5.88
10,20,2002,4.8
10,21,2002,2.06
10,22,2002,7.02
10,23,2002,1.12
10,24,2002,4.13
10,25,2002,4.27
10,26,2002,1.59
10,27,2002,3.77
10,28,2002,5.34
10,29,2002,3.62
10,30,2002,2.31
10,31,2002,4.74
11,01,2002,1.19
11,02,2002,1.82
11,03,2002,6.31
11,04,2002,2.74
11,05,2002,3.05
11,06,2002,1.8
11,07,2002,2.18
11,08,2002,3.02
11,09,2002,3.99
11,10,2002,2.81
11,11,2002,4.14
11,12,2002,1.05
11,13,2002,4.6
11,14,2002,2.83
11,15,2002,2.6
11,16,2002,1.97
11,17,2002,3.84
11,18,2002,3.02
11,19,2002,1.14
11,20,2002,4.48
11,21,2002,2.4
11,22,2002,6.7
11,23,2002,2.3
11,24,2002,3.02
11,25,2002,5.02
11,26,2002,2.01
11,27,2002,2.92
11,28,2002,2.28
11,29,2002,2.15
11,30,2002,4.82
12,01,2002,null
12,02,2002,null
12,03,2002,null
12,04,2002,null
12,05,2002,null
12,06,2002,null
12,07,2002,null
12,08,2002,null
12,09,2002,null
12,10,2002,null
12,11,2002,null
12,12,2002,null
12,13,2002,null
12,14,2002,null
12,15,2002,null
12,16,2002,null
12,17,2002,null
12,18,2002,null
12,19,2002,null
12,20,2002,null
12,21,2002,null
12,22,2002,null
12,23,2002,null
12,24,2002,null
12,25,2002,null
12,26,2002,null
12,27,2002,null
12,28,2002,null
12,29,2002,null
12,30,2002,null
12,31,2002,null
01,01,2003,2.45
01,02,2003,2.9
01,03,2003,1.97
01,04,2003,1.71
01,05,2003,3.44
01,06,2003,4.33
01,07,2003,6.37
01,08,2003,6.26
01,09,2003,5.47
01,10,2003,3.54
01,11,2003,2.96
01,12,2003,1.14
01,13,2003,2.9
01,14,2003,1.99
01,15,2003,0.95
01,16,2003,3.8
01,17,2003,1.95
01,18,2003,2.24
01,19,2003,3.11
01,20,2003,1.74
01,21,2003,7.09
01,22,2003,3.12
01,23,2003,2.98
01,24,2003,2.18
01,25,2003,1.85
01,26,2003,2.46
01,27,2003,3.1
01,28,2003,2.36
01,29,2003,5.01
01,30,2003,6.11
01,31,2003,6.75
02,01,2003,7.29
02,02,2003,7.47
02,03,2003,2.6
02,04,2003,5.21
02,05,2003,4.44
02,06,2003,6.45
02,07,2003,1.27
02,08,2003,3.32
02,09,2003,5.67
02,10,2003,3.45
02,11,2003,3.65
02,12,2003,4.5
02,13,2003,2.6
02,14,2003,2.63
02,15,2003,5.79
02,16,2003,3.92
02,17,2003,2.71
02,18,2003,6.16
02,19,2003,4.97
02,20,2003,2.04
02,21,2003,6.99
02,22,2003,1.77
02,23,2003,4.92
02,24,2003,6.3
02,25,2003,3.67
02,26,2003,4.46
02,27,2003,6.06
02,28,2003,9.15
03,01,2003,9.07
03,02,2003,6.75
03,03,2003,1.74
03,04,2003,6.82
03,05,2003,8.43
03,06,2003,7.56
03,07,2003,6.24
03,08,2003,5.98
03,09,2003,7.5
03,10,2003,5.54
03,11,2003,4.88
03,12,2003,5.04
03,13,2003,4.24
03,14,2003,3.04
03,15,2003,8.06
03,16,2003,4.22
03,17,2003,4.64
03,18,2003,8.6
03,19,2003,9.66
03,20,2003,9.09
03,21,2003,6.09
03,22,2003,2.59
03,23,2003,5.89
03,24,2003,6.02
03,25,2003,9.41
03,26,2003,5.7
03,27,2003,3.51
03,28,2003,7.47
03,29,2003,1.13
03,30,2003,3.25
03,31,2003,6.43
04,01,2003,3.34
04,02,2003,5.96
04,03,2003,6.32
04,04,2003,5.28
04,05,2003,2.5
04,06,2003,4.96
04,07,2003,2.14
04,08,2003,2.6
04,09,2003,2.11
04,10,2003,4.68
04,11,2003,4.29
04,12,2003,3.81
04,13,2003,6.42
04,14,2003,3.72
04,15,2003,9.9
04,16,2003,2.72
04,17,2003,6.54
04,18,2003,8.33
04,19,2003,4.93
04,20,2003,10.69
04,21,2003,10.09
04,22,2003,8.48
04,23,2003,7.77
04,24,2003,5.8
04,25,2003,4.18
04,26,2003,2.28
04,27,2003,4.18
04,28,2003,5.53
04,29,2003,5.19
04,30,2003,7.99
05,01,2003,null
05,02,2003,null
05,03,2003,null
05,04,2003,null
05,05,2003,null
05,06,2003,null
05,07,2003,null
05,08,2003,null
05,09,2003,null
05,10,2003,null
05,11,2003,null
05,12,2003,null
05,13,2003,null
05,14,2003,null
05,15,2003,null
05,16,2003,null
05,17,2003,null
05,18,2003,null
05,19,2003,null
05,20,2003,null
05,21,2003,null
05,22,2003,null
05,23,2003,null
05,24,2003,null
05,25,2003,null
05,26,2003,null
05,27,2003,null
05,28,2003,null
05,29,2003,null
05,30,2003,null
05,31,2003,null
06,01,2003,null
06,02,2003,null
06,03,2003,null
06,04,2003,null
06,05,2003,null
06,06,2003,null
06,07,2003,null
06,08,2003,null
06,09,2003,null
06,10,2003,null
06,11,2003,null
06,12,2003,null
06,13,2003,null
06,14,2003,null
06,15,2003,null
06,16,2003,null
06,17,2003,null
06,18,2003,null
06,19,2003,null
06,20,2003,null
06,21,2003,null
06,22,2003,null
06,23,2003,null
06,24,2003,null
06,25,2003,null
06,26,2003,null
06,27,2003,null
06,28,2003,null
06,29,2003,null
06,30,2003,null
07,01,2003,null
07,02,2003,null
07,03,2003,null
07,04,2003,null
07,05,2003,null
07,06,2003,null
07,07,2003,null
07,08,2003,null
07,09,2003,null
07,10,2003,null
07,11,2003,null
07,12,2003,null
07,13,2003,null
07,14,2003,null
07,15,2003,null
07,16,2003,null
07,17,2003,null
07,18,2003,null
07,19,2003,null
07,20,2003,null
07,21,2003,null
07,22,2003,null
07,23,2003,null
07,24,2003,null
07,25,2003,null
07,26,2003,null
07,27,2003,null
07,28,2003,null
07,29,2003,null
07,30,2003,null
07,31,2003,null
08,01,2003,null
08,02,2003,null
08,03,2003,null
08,04,2003,null
08,05,2003,null
08,06,2003,null
08,07,2003,null
08,08,2003,null
08,09,2003,null
08,10,2003,null
08,11,2003,null
08,12,2003,null
08,13,2003,null
08,14,2003,null
08,15,2003,null
08,16,2003,null
08,17,2003,null
08,18,2003,null
08,19,2003,null
08,20,2003,null
08,21,2003,null
08,22,2003,null
08,23,2003,null
08,24,2003,null
08,25,2003,null
08,26,2003,null
08,27,2003,null
08,28,2003,null
08,29,2003,null
08,30,2003,null
08,31,2003,null
09,01,2003,null
09,02,2003,null
09,03,2003,null
09,04,2003,null
09,05,2003,null
09,06,2003,null
09,07,2003,null
09,08,2003,null
09,09,2003,null
09,10,2003,null
09,11,2003,null
09,12,2003,null
09,13,2003,null
09,14,2003,null
09,15,2003,null
09,16,2003,null
09,17,2003,null
09,18,2003,null
09,19,2003,null
09,20,2003,null
09,21,2003,null
09,22,2003,null
09,23,2003,null
09,24,2003,null
09,25,2003,null
09,26,2003,null
09,27,2003,null
09,28,2003,null
09,29,2003,null
09,30,2003,null
10,01,2003,null
10,02,2003,null
10,03,2003,null
10,04,2003,null
10,05,2003,null
10,06,2003,null
10,07,2003,null
10,08,2003,null
10,09,2003,null
10,10,2003,null
10,11,2003,null
10,12,2003,null
10,13,2003,null
10,14,2003,null
10,15,2003,null
10,16,2003,null
10,17,2003,null
10,18,2003,null
10,19,2003,null
10,20,2003,null
10,21,2003,null
10,22,2003,null
10,23,2003,null
10,24,2003,null
10,25,2003,null
10,26,2003,null
10,27,2003,null
10,28,2003,null
10,29,2003,null
10,30,2003,null
10,31,2003,null
11,01,2003,null
11,02,2003,null
11,03,2003,null
11,04,2003,null
11,05,2003,null
11,06,2003,null
11,07,2003,null
11,08,2003,null
11,09,2003,null
11,10,2003,null
11,11,2003,null
11,12,2003,null
11,13,2003,null
11,14,2003,null
11,15,2003,null
11,16,2003,null
11,17,2003,null
11,18,2003,null
11,19,2003,null
11,20,2003,null
11,21,2003,null
11,22,2003,null
11,23,2003,null
11,24,2003,null
11,25,2003,null
11,26,2003,null
11,27,2003,null
11,28,2003,null
11,29,2003,null
11,30,2003,null
12,01,2003,null
12,02,2003,null
12,03,2003,null
12,04,2003,null
12,05,2003,null
12,06,2003,null
12,07,2003,null
12,08,2003,null
12,09,2003,null
12,10,2003,null
12,11,2003,null
12,12,2003,null
12,13,2003,null
12,14,2003,null
12,15,2003,null
12,16,2003,null
12,17,2003,null
12,18,2003,null
12,19,2003,null
12,20,2003,null
12,21,2003,null
12,22,2003,null
12,23,2003,null
12,24,2003,null
12,25,2003,null
12,26,2003,null
12,27,2003,null
12,28,2003,null
12,29,2003,null
12,30,2003,null
12,31,2003,null
01,01,2004,null
01,02,2004,null
01,03,2004,null
01,04,2004,null
01,05,2004,null
01,06,2004,null
01,07,2004,null
01,08,2004,null
01,09,2004,null
01,10,2004,null
01,11,2004,null
01,12,2004,null
01,13,2004,null
01,14,2004,null
01,15,2004,null
01,16,2004,null
01,17,2004,null
01,18,2004,null
01,19,2004,null
01,20,2004,null
01,21,2004,null
01,22,2004,null
01,23,2004,null
01,24,2004,null
01,25,2004,null
01,26,2004,null
01,27,2004,null
01,28,2004,null
01,29,2004,null
01,30,2004,null
01,31,2004,null
02,01,2004,null
02,02,2004,null
02,03,2004,null
02,04,2004,null
02,05,2004,null
02,06,2004,null
02,07,2004,null
02,08,2004,null
02,09,2004,null
02,10,2004,null
02,11,2004,null
02,12,2004,null
02,13,2004,null
02,14,2004,null
02,15,2004,null
02,16,2004,null
02,17,2004,null
02,18,2004,null
02,19,2004,null
02,20,2004,null
02,21,2004,null
02,22,2004,null
02,23,2004,null
02,24,2004,null
02,25,2004,null
02,26,2004,null
02,27,2004,null
02,28,2004,null
02,29,2004,null
03,01,2004,null
03,02,2004,null
03,03,2004,null
03,04,2004,null
03,05,2004,null
03,06,2004,null
03,07,2004,null
03,08,2004,null
03,09,2004,null
03,10,2004,null
03,11,2004,null
03,12,2004,null
03,13,2004,null
03,14,2004,null
03,15,2004,null
03,16,2004,null
03,17,2004,null
03,18,2004,null
03,19,2004,null
03,20,2004,null
03,21,2004,null
03,22,2004,null
03,23,2004,null
03,24,2004,null
03,25,2004,null
03,26,2004,null
03,27,2004,null
03,28,2004,null
03,29,2004,null
03,30,2004,null
03,31,2004,null
04,01,2004,null
04,02,2004,null
04,03,2004,null
04,04,2004,null
04,05,2004,null
04,06,2004,null
04,07,2004,null
04,08,2004,null
04,09,2004,null
04,10,2004,null
04,11,2004,null
04,12,2004,null
04,13,2004,null
04,14,2004,null
04,15,2004,null
04,16,2004,null
04,17,2004,null
04,18,2004,null
04,19,2004,null
04,20,2004,null
04,21,2004,null
04,22,2004,null
04,23,2004,null
04,24,2004,null
04,25,2004,null
04,26,2004,null
04,27,2004,null
04,28,2004,null
04,29,2004,null
04,30,2004,null
05,01,2004,null
05,02,2004,null
05,03,2004,null
05,04,2004,null
05,05,2004,null
05,06,2004,null
05,07,2004,null
05,08,2004,null
05,09,2004,null
05,10,2004,null
05,11,2004,null
05,12,2004,null
05,13,2004,null
05,14,2004,null
05,15,2004,null
05,16,2004,null
05,17,2004,null
05,18,2004,null
05,19,2004,null
05,20,2004,null
05,21,2004,null
05,22,2004,null
05,23,2004,null
05,24,2004,null
05,25,2004,null
05,26,2004,null
05,27,2004,null
05,28,2004,null
05,29,2004,null
05,30,2004,null
05,31,2004,null
06,01,2004,null
06,02,2004,null
06,03,2004,null
06,04,2004,null
06,05,2004,null
06,06,2004,null
06,07,2004,null
06,08,2004,null
06,09,2004,null
06,10,2004,null
06,11,2004,null
06,12,2004,null
06,13,2004,null
06,14,2004,null
06,15,2004,null
06,16,2004,null
06,17,2004,null
06,18,2004,null
06,19,2004,null
06,20,2004,null
06,21,2004,null
06,22,2004,null
06,23,2004,null
06,24,2004,null
06,25,2004,null
06,26,2004,null
06,27,2004,null
06,28,2004,null
06,29,2004,null
06,30,2004,null
07,01,2004,null
07,02,2004,null
07,03,2004,null
07,04,2004,null
07,05,2004,null
07,06,2004,null
07,07,2004,null
07,08,2004,null
07,09,2004,null
07,10,2004,null
07,11,2004,null
07,12,2004,null
07,13,2004,null
07,14,2004,null
07,15,2004,null
07,16,2004,null
07,17,2004,null
07,18,2004,null
07,19,2004,null
07,20,2004,null
07,21,2004,null
07,22,2004,null
07,23,2004,null
07,24,2004,null
07,25,2004,null
07,26,2004,null
07,27,2004,null
07,28,2004,null
07,29,2004,null
07,30,2004,null
07,31,2004,null
08,01,2004,null
08,02,2004,null
08,03,2004,null
08,04,2004,null
08,05,2004,null
08,06,2004,null
08,07,2004,null
08,08,2004,null
08,09,2004,null
08,10,2004,null
08,11,2004,null
08,12,2004,null
08,13,2004,null
08,14,2004,null
08,15,2004,null
08,16,2004,null
08,17,2004,null
08,18,2004,null
08,19,2004,null
08,20,2004,null
08,21,2004,null
08,22,2004,null
08,23,2004,null
08,24,2004,null
08,25,2004,null
08,26,2004,null
08,27,2004,null
08,28,2004,null
08,29,2004,null
08,30,2004,null
08,31,2004,null
09,01,2004,null
09,02,2004,null
09,03,2004,null
09,04,2004,null
09,05,2004,null
09,06,2004,null
09,07,2004,null
09,08,2004,null
09,09,2004,null
09,10,2004,null
09,11,2004,null
09,12,2004,null
09,13,2004,null
09,14,2004,null
09,15,2004,null
09,16,2004,null
09,17,2004,null
09,18,2004,null
09,19,2004,null
09,20,2004,null
09,21,2004,null
09,22,2004,null
09,23,2004,null
09,24,2004,null
09,25,2004,null
09,26,2004,null
09,27,2004,null
09,28,2004,null
09,29,2004,null
09,30,2004,null
10,01,2004,null
10,02,2004,null
10,03,2004,null
10,04,2004,null
10,05,2004,null
10,06,2004,null
10,07,2004,null
10,08,2004,null
10,09,2004,null
10,10,2004,null
10,11,2004,null
10,12,2004,null
10,13,2004,null
10,14,2004,null
10,15,2004,null
10,16,2004,null
10,17,2004,null
10,18,2004,null
10,19,2004,null
10,20,2004,null
10,21,2004,null
10,22,2004,null
10,23,2004,null
10,24,2004,null
10,25,2004,null
10,26,2004,null
10,27,2004,null
10,28,2004,null
10,29,2004,null
10,30,2004,null
10,31,2004,null
11,01,2004,null
11,02,2004,null
11,03,2004,null
11,04,2004,null
11,05,2004,null
11,06,2004,null
11,07,2004,null
11,08,2004,null
11,09,2004,null
11,10,2004,null
11,11,2004,null
11,12,2004,null
11,13,2004,null
11,14,2004,null
11,15,2004,null
11,16,2004,null
11,17,2004,null
11,18,2004,null
11,19,2004,null
11,20,2004,null
11,21,2004,null
11,22,2004,null
11,23,2004,null
11,24,2004,null
11,25,2004,null
11,26,2004,null
11,27,2004,null
11,28,2004,null
11,29,2004,null
11,30,2004,null
12,01,2004,4.2
12,02,2004,5.45
12,03,2004,1.95
12,04,2004,3.45
12,05,2004,2.1
12,06,2004,5.7
12,07,2004,8.8
12,08,2004,1.3
12,09,2004,3.8
12,10,2004,1.8
12,11,2004,2.5
12,12,2004,3.2
12,13,2004,2.3
12,14,2004,2.09
12,15,2004,2.45
12,16,2004,2.75
12,17,2004,3.5
12,18,2004,4.85
12,19,2004,3.05
12,20,2004,3.1
12,21,2004,2.1
12,22,2004,1.5
12,23,2004,2.7
12,24,2004,3.8
12,25,2004,1.45
12,26,2004,5.75
12,27,2004,3.45
12,28,2004,4.15
12,29,2004,1.4
12,30,2004,5.1
12,31,2004,2.1
