Id:,20506
Estación:,MARIA LOMBARDO-OAX
Posición:,17.4344444444N -95.4913888889W
Variable:,Evaporación (mm)
Fecha Inicial:,02/01/2001
Fecha Final:,01/02/2011
No Dato:,nan
Mes,Día,Anio,Datos
02,01,2001,1.64
02,02,2001,0.35
02,03,2001,0.33
02,04,2001,0.19
02,05,2001,1.74
02,06,2001,1.07
02,07,2001,1.8
02,08,2001,1.91
02,09,2001,0.93
02,10,2001,1.99
02,11,2001,1.12
02,12,2001,1.5
02,13,2001,1.41
02,14,2001,1.26
02,15,2001,2.98
02,16,2001,3.89
02,17,2001,1.82
02,18,2001,0.81
02,19,2001,1.95
02,20,2001,1.7
02,21,2001,0.61
02,22,2001,2.01
02,23,2001,2.92
02,24,2001,3.97
02,25,2001,3.12
02,26,2001,2.16
02,27,2001,2.22
02,28,2001,3.64
03,01,2001,null
03,02,2001,3.47
03,03,2001,4.0
03,04,2001,2.29
03,05,2001,3.42
03,06,2001,2.66
03,07,2001,2.99
03,08,2001,2.74
03,09,2001,3.45
03,10,2001,2.8
03,11,2001,3.19
03,12,2001,6.12
03,13,2001,6.17
03,14,2001,2.8
03,15,2001,5.67
03,16,2001,3.38
03,17,2001,2.97
03,18,2001,2.99
03,19,2001,3.75
03,20,2001,1.21
03,21,2001,0.7
03,22,2001,2.48
03,23,2001,4.24
03,24,2001,4.2
03,25,2001,4.47
03,26,2001,5.35
03,27,2001,3.01
03,28,2001,3.8
03,29,2001,6.03
03,30,2001,6.7
03,31,2001,6.3
04,01,2001,2.25
04,02,2001,4.41
04,03,2001,6.79
04,04,2001,5.91
04,05,2001,5.2
04,06,2001,5.13
04,07,2001,5.91
04,08,2001,5.94
04,09,2001,5.71
04,10,2001,5.95
04,11,2001,6.45
04,12,2001,8.06
04,13,2001,6.43
04,14,2001,5.44
04,15,2001,5.09
04,16,2001,5.16
04,17,2001,3.77
04,18,2001,5.07
04,19,2001,2.62
04,20,2001,3.14
04,21,2001,4.33
04,22,2001,5.28
04,23,2001,5.39
04,24,2001,4.53
04,25,2001,4.35
04,26,2001,2.77
04,27,2001,2.43
04,28,2001,1.31
04,29,2001,3.53
04,30,2001,1.71
05,01,2001,3.24
05,02,2001,5.08
05,03,2001,3.71
05,04,2001,4.72
05,05,2001,4.6
05,06,2001,4.26
05,07,2001,4.22
05,08,2001,2.18
05,09,2001,3.67
05,10,2001,2.88
05,11,2001,3.75
05,12,2001,4.16
05,13,2001,2.1
05,14,2001,3.76
05,15,2001,3.43
05,16,2001,4.14
05,17,2001,4.45
05,18,2001,4.54
05,19,2001,4.02
05,20,2001,5.52
05,21,2001,5.04
05,22,2001,5.03
05,23,2001,3.68
05,24,2001,1.57
05,25,2001,4.22
05,26,2001,2.23
05,27,2001,2.11
05,28,2001,2.88
05,29,2001,3.74
05,30,2001,4.64
05,31,2001,4.84
06,01,2001,4.47
06,02,2001,3.46
06,03,2001,4.78
06,04,2001,4.08
06,05,2001,4.55
06,06,2001,5.91
06,07,2001,4.81
06,08,2001,5.9
06,09,2001,5.97
06,10,2001,4.72
06,11,2001,4.06
06,12,2001,6.06
06,13,2001,6.15
06,14,2001,5.33
06,15,2001,7.03
06,16,2001,5.51
06,17,2001,7.32
06,18,2001,4.75
06,19,2001,2.77
06,20,2001,2.27
06,21,2001,1.89
06,22,2001,2.16
06,23,2001,3.51
06,24,2001,1.79
06,25,2001,2.74
06,26,2001,4.04
06,27,2001,3.18
06,28,2001,2.42
06,29,2001,0.18
06,30,2001,3.51
07,01,2001,3.99
07,02,2001,4.69
07,03,2001,2.48
07,04,2001,3.06
07,05,2001,1.1
07,06,2001,2.1
07,07,2001,2.89
07,08,2001,1.95
07,09,2001,2.94
07,10,2001,3.77
07,11,2001,3.89
07,12,2001,3.28
07,13,2001,4.44
07,14,2001,3.82
07,15,2001,3.91
07,16,2001,4.54
07,17,2001,3.16
07,18,2001,4.94
07,19,2001,5.77
07,20,2001,1.37
07,21,2001,3.11
07,22,2001,3.41
07,23,2001,4.66
07,24,2001,4.74
07,25,2001,4.81
07,26,2001,4.43
07,27,2001,4.98
07,28,2001,4.42
07,29,2001,3.68
07,30,2001,2.17
07,31,2001,2.31
08,01,2001,2.73
08,02,2001,1.83
08,03,2001,2.47
08,04,2001,3.25
08,05,2001,2.73
08,06,2001,3.29
08,07,2001,3.27
08,08,2001,1.21
08,09,2001,2.12
08,10,2001,2.06
08,11,2001,1.96
08,12,2001,1.05
08,13,2001,2.47
08,14,2001,2.24
08,15,2001,2.53
08,16,2001,1.33
08,17,2001,2.33
08,18,2001,4.0
08,19,2001,1.65
08,20,2001,3.24
08,21,2001,1.03
08,22,2001,0.98
08,23,2001,1.27
08,24,2001,0.69
08,25,2001,1.78
08,26,2001,2.38
08,27,2001,2.34
08,28,2001,2.79
08,29,2001,3.22
08,30,2001,3.49
08,31,2001,3.99
09,01,2001,4.74
09,02,2001,4.5
09,03,2001,3.12
09,04,2001,3.22
09,05,2001,3.62
09,06,2001,3.69
09,07,2001,2.88
09,08,2001,3.29
09,09,2001,3.65
09,10,2001,2.14
09,11,2001,3.1
09,12,2001,2.66
09,13,2001,2.46
09,14,2001,3.8
09,15,2001,1.21
09,16,2001,0.96
09,17,2001,2.27
09,18,2001,1.92
09,19,2001,2.26
09,20,2001,3.03
09,21,2001,1.76
09,22,2001,1.2
09,23,2001,2.56
09,24,2001,2.5
09,25,2001,3.14
09,26,2001,2.19
09,27,2001,1.29
09,28,2001,1.92
09,29,2001,1.08
09,30,2001,0.25
10,01,2001,1.45
10,02,2001,3.23
10,03,2001,1.12
10,04,2001,2.12
10,05,2001,2.08
10,06,2001,2.19
10,07,2001,2.36
10,08,2001,1.7
10,09,2001,2.53
10,10,2001,7.4
10,11,2001,1.51
10,12,2001,1.9
10,13,2001,2.16
10,14,2001,2.51
10,15,2001,0.56
10,16,2001,1.11
10,17,2001,0.51
10,18,2001,0.45
10,19,2001,0.81
10,20,2001,0.43
10,21,2001,0.5
10,22,2001,1.93
10,23,2001,2.2
10,24,2001,2.27
10,25,2001,2.24
10,26,2001,0.56
10,27,2001,1.24
10,28,2001,5.04
10,29,2001,0.32
10,30,2001,1.45
10,31,2001,0.2
11,01,2001,0.71
11,02,2001,1.41
11,03,2001,1.53
11,04,2001,0.44
11,05,2001,0.89
11,06,2001,0.37
11,07,2001,0.99
11,08,2001,0.22
11,09,2001,0.69
11,10,2001,0.21
11,11,2001,1.48
11,12,2001,1.32
11,13,2001,1.37
11,14,2001,1.22
11,15,2001,1.31
11,16,2001,1.24
11,17,2001,1.4
11,18,2001,0.51
11,19,2001,1.24
11,20,2001,1.46
11,21,2001,1.68
11,22,2001,1.31
11,23,2001,1.36
11,24,2001,2.07
11,25,2001,2.11
11,26,2001,1.64
11,27,2001,1.27
11,28,2001,2.44
11,29,2001,2.18
11,30,2001,0.39
12,01,2001,1.25
12,02,2001,null
12,03,2001,null
12,04,2001,null
12,05,2001,null
12,06,2001,null
12,07,2001,null
12,08,2001,null
12,09,2001,null
12,10,2001,null
12,11,2001,null
12,12,2001,null
12,13,2001,null
12,14,2001,null
12,15,2001,null
12,16,2001,null
12,17,2001,null
12,18,2001,null
12,19,2001,null
12,20,2001,null
12,21,2001,null
12,22,2001,null
12,23,2001,null
12,24,2001,null
12,25,2001,null
12,26,2001,null
12,27,2001,null
12,28,2001,null
12,29,2001,null
12,30,2001,null
12,31,2001,null
01,01,2002,null
01,02,2002,1.15
01,03,2002,0.92
01,04,2002,0.24
01,05,2002,1.03
01,06,2002,1.54
01,07,2002,0.92
01,08,2002,1.03
01,09,2002,1.21
01,10,2002,1.78
01,11,2002,1.92
01,12,2002,1.69
01,13,2002,1.14
01,14,2002,1.47
01,15,2002,0.38
01,16,2002,2.12
01,17,2002,1.86
01,18,2002,1.91
01,19,2002,2.07
01,20,2002,1.28
01,21,2002,2.27
01,22,2002,1.41
01,23,2002,1.91
01,24,2002,2.59
01,25,2002,2.91
01,26,2002,0.37
01,27,2002,1.16
01,28,2002,0.87
01,29,2002,1.5
01,30,2002,2.46
01,31,2002,2.54
02,01,2002,2.59
02,02,2002,1.73
02,03,2002,0.84
02,04,2002,0.66
02,05,2002,0.88
02,06,2002,2.78
02,07,2002,1.91
02,08,2002,0.31
02,09,2002,0.26
02,10,2002,1.4
02,11,2002,1.65
02,12,2002,1.18
02,13,2002,1.63
02,14,2002,1.26
02,15,2002,0.56
02,16,2002,2.04
02,17,2002,1.16
02,18,2002,0.47
02,19,2002,2.37
02,20,2002,2.96
02,21,2002,2.01
02,22,2002,2.17
02,23,2002,2.01
02,24,2002,1.88
02,25,2002,2.95
02,26,2002,2.08
02,27,2002,2.78
02,28,2002,1.47
03,01,2002,1.77
03,02,2002,3.17
03,03,2002,4.81
03,04,2002,1.46
03,05,2002,1.67
03,06,2002,1.25
03,07,2002,2.09
03,08,2002,2.62
03,09,2002,3.38
03,10,2002,4.8
03,11,2002,0.75
03,12,2002,3.34
03,13,2002,2.58
03,14,2002,3.04
03,15,2002,3.98
03,16,2002,5.62
03,17,2002,5.65
03,18,2002,5.45
03,19,2002,4.58
03,20,2002,6.14
03,21,2002,5.64
03,22,2002,3.97
03,23,2002,3.1
03,24,2002,2.13
03,25,2002,3.52
03,26,2002,5.01
03,27,2002,3.79
03,28,2002,2.69
03,29,2002,4.67
03,30,2002,5.58
03,31,2002,6.19
04,01,2002,4.18
04,02,2002,3.31
04,03,2002,4.83
04,04,2002,5.21
04,05,2002,5.14
04,06,2002,3.67
04,07,2002,3.28
04,08,2002,6.24
04,09,2002,7.45
04,10,2002,5.31
04,11,2002,2.85
04,12,2002,3.9
04,13,2002,4.68
04,14,2002,5.74
04,15,2002,5.45
04,16,2002,5.53
04,17,2002,5.08
04,18,2002,4.83
04,19,2002,5.6
04,20,2002,4.8
04,21,2002,5.91
04,22,2002,5.11
04,23,2002,5.04
04,24,2002,4.61
04,25,2002,6.08
04,26,2002,4.55
04,27,2002,5.67
04,28,2002,5.07
04,29,2002,6.83
04,30,2002,5.9
05,01,2002,5.3
05,02,2002,7.17
05,03,2002,8.35
05,04,2002,6.87
05,05,2002,5.03
05,06,2002,4.83
05,07,2002,4.79
05,08,2002,5.65
05,09,2002,5.41
05,10,2002,5.26
05,11,2002,4.2
05,12,2002,4.82
05,13,2002,5.02
05,14,2002,3.84
05,15,2002,2.35
05,16,2002,2.94
05,17,2002,4.74
05,18,2002,5.56
05,19,2002,2.36
05,20,2002,1.9
05,21,2002,3.56
05,22,2002,3.28
05,23,2002,3.01
05,24,2002,3.86
05,25,2002,3.17
05,26,2002,4.58
05,27,2002,4.07
05,28,2002,5.65
05,29,2002,5.24
05,30,2002,5.01
05,31,2002,4.62
06,01,2002,6.38
06,02,2002,4.1
06,03,2002,2.87
06,04,2002,5.05
06,05,2002,6.59
06,06,2002,4.02
06,07,2002,2.8
06,08,2002,2.67
06,09,2002,3.32
06,10,2002,5.01
06,11,2002,4.09
06,12,2002,5.56
06,13,2002,5.77
06,14,2002,6.17
06,15,2002,5.17
06,16,2002,3.91
06,17,2002,6.38
06,18,2002,5.04
06,19,2002,4.91
06,20,2002,4.56
06,21,2002,2.29
06,22,2002,1.85
06,23,2002,1.41
06,24,2002,1.52
06,25,2002,2.77
06,26,2002,1.42
06,27,2002,4.59
06,28,2002,2.44
06,29,2002,3.76
06,30,2002,5.09
07,01,2002,3.89
07,02,2002,4.24
07,03,2002,4.22
07,04,2002,3.24
07,05,2002,2.48
07,06,2002,4.93
07,07,2002,2.84
07,08,2002,4.18
07,09,2002,0.71
07,10,2002,2.98
07,11,2002,2.89
07,12,2002,1.08
07,13,2002,1.77
07,14,2002,2.98
07,15,2002,2.69
07,16,2002,4.79
07,17,2002,2.89
07,18,2002,2.5
07,19,2002,1.9
07,20,2002,3.21
07,21,2002,2.65
07,22,2002,1.66
07,23,2002,1.18
07,24,2002,0.69
07,25,2002,2.22
07,26,2002,1.28
07,27,2002,2.68
07,28,2002,3.49
07,29,2002,2.69
07,30,2002,4.09
07,31,2002,1.94
08,01,2002,3.17
08,02,2002,2.82
08,03,2002,4.02
08,04,2002,3.87
08,05,2002,3.82
08,06,2002,3.7
08,07,2002,3.85
08,08,2002,4.61
08,09,2002,2.97
08,10,2002,4.56
08,11,2002,5.77
08,12,2002,4.18
08,13,2002,3.43
08,14,2002,4.61
08,15,2002,3.24
08,16,2002,4.54
08,17,2002,2.62
08,18,2002,3.65
08,19,2002,1.49
08,20,2002,3.57
08,21,2002,2.13
08,22,2002,2.91
08,23,2002,2.49
08,24,2002,1.31
08,25,2002,3.07
08,26,2002,2.46
08,27,2002,2.8
08,28,2002,2.06
08,29,2002,4.39
08,30,2002,2.95
08,31,2002,3.73
09,01,2002,2.68
09,02,2002,2.88
09,03,2002,2.12
09,04,2002,4.67
09,05,2002,3.77
09,06,2002,2.27
09,07,2002,3.72
09,08,2002,3.72
09,09,2002,3.38
09,10,2002,4.21
09,11,2002,2.31
09,12,2002,4.95
09,13,2002,1.61
09,14,2002,2.85
09,15,2002,2.95
09,16,2002,2.36
09,17,2002,1.65
09,18,2002,1.73
09,19,2002,2.98
09,20,2002,3.43
09,21,2002,1.4
09,22,2002,0.79
09,23,2002,2.97
09,24,2002,2.37
09,25,2002,1.18
09,26,2002,0.68
09,27,2002,1.25
09,28,2002,1.13
09,29,2002,0.53
09,30,2002,1.36
10,01,2002,0.67
10,02,2002,2.47
10,03,2002,1.32
10,04,2002,2.2
10,05,2002,3.67
10,06,2002,2.37
10,07,2002,0.86
10,08,2002,0.88
10,09,2002,1.72
10,10,2002,1.64
10,11,2002,1.29
10,12,2002,1.45
10,13,2002,1.73
10,14,2002,1.2
10,15,2002,1.33
10,16,2002,1.67
10,17,2002,1.41
10,18,2002,1.52
10,19,2002,1.81
10,20,2002,2.12
10,21,2002,1.87
10,22,2002,1.54
10,23,2002,1.72
10,24,2002,1.41
10,25,2002,2.14
10,26,2002,1.63
10,27,2002,2.23
10,28,2002,1.74
10,29,2002,1.4
10,30,2002,1.53
10,31,2002,1.33
11,01,2002,3.23
11,02,2002,1.84
11,03,2002,2.69
11,04,2002,1.74
11,05,2002,1.73
11,06,2002,1.97
11,07,2002,1.13
11,08,2002,0.46
11,09,2002,0.83
11,10,2002,1.31
11,11,2002,1.6
11,12,2002,2.05
11,13,2002,0.79
11,14,2002,0.12
11,15,2002,0.95
11,16,2002,0.71
11,17,2002,0.29
11,18,2002,0.47
11,19,2002,1.1
11,20,2002,0.96
11,21,2002,1.01
11,22,2002,0.24
11,23,2002,1.31
11,24,2002,1.26
11,25,2002,1.01
11,26,2002,0.84
11,27,2002,0.48
11,28,2002,0.45
11,29,2002,0.15
11,30,2002,0.36
12,01,2002,0.81
12,02,2002,1.15
12,03,2002,1.16
12,04,2002,0.77
12,05,2002,0.66
12,06,2002,1.16
12,07,2002,1.08
12,08,2002,0.59
12,09,2002,0.8
12,10,2002,0.8
12,11,2002,0.26
12,12,2002,0.19
12,13,2002,0.81
12,14,2002,1.01
12,15,2002,0.77
12,16,2002,1.04
12,17,2002,0.43
12,18,2002,0.75
12,19,2002,0.95
12,20,2002,1.68
12,21,2002,1.77
12,22,2002,0.78
12,23,2002,0.63
12,24,2002,0.44
12,25,2002,1.2
12,26,2002,0.54
12,27,2002,0.39
12,28,2002,0.41
12,29,2002,0.55
12,30,2002,0.59
12,31,2002,0.78
01,01,2003,1.41
01,02,2003,1.03
01,03,2003,1.51
01,04,2003,0.18
01,05,2003,0.75
01,06,2003,0.97
01,07,2003,0.53
01,08,2003,0.88
01,09,2003,1.23
01,10,2003,0.77
01,11,2003,0.82
01,12,2003,0.86
01,13,2003,1.22
01,14,2003,0.31
01,15,2003,0.3
01,16,2003,0.74
01,17,2003,0.78
01,18,2003,0.28
01,19,2003,0.21
01,20,2003,0.55
01,21,2003,1.38
01,22,2003,1.37
01,23,2003,1.12
01,24,2003,0.41
01,25,2003,0.2
01,26,2003,1.03
01,27,2003,1.59
01,28,2003,1.44
01,29,2003,1.06
01,30,2003,1.35
01,31,2003,1.72
02,01,2003,1.12
02,02,2003,1.64
02,03,2003,2.01
02,04,2003,1.57
02,05,2003,2.05
02,06,2003,2.01
02,07,2003,1.65
02,08,2003,1.57
02,09,2003,1.61
02,10,2003,1.73
02,11,2003,0.77
02,12,2003,2.3
02,13,2003,1.77
02,14,2003,1.07
02,15,2003,3.95
02,16,2003,3.48
02,17,2003,0.8
02,18,2003,0.51
02,19,2003,1.77
02,20,2003,2.01
02,21,2003,1.77
02,22,2003,5.6
02,23,2003,1.78
02,24,2003,2.85
02,25,2003,1.67
02,26,2003,1.83
02,27,2003,1.99
02,28,2003,2.16
03,01,2003,2.34
03,02,2003,2.84
03,03,2003,2.47
03,04,2003,2.76
03,05,2003,1.65
03,06,2003,4.94
03,07,2003,4.34
03,08,2003,1.61
03,09,2003,2.89
03,10,2003,2.91
03,11,2003,1.65
03,12,2003,2.95
03,13,2003,3.14
03,14,2003,3.05
03,15,2003,2.58
03,16,2003,3.64
03,17,2003,5.25
03,18,2003,5.98
03,19,2003,6.13
03,20,2003,5.72
03,21,2003,4.04
03,22,2003,3.03
03,23,2003,4.26
03,24,2003,2.26
03,25,2003,3.52
03,26,2003,3.65
03,27,2003,3.44
03,28,2003,4.26
03,29,2003,4.41
03,30,2003,1.82
03,31,2003,0.45
04,01,2003,1.76
04,02,2003,2.01
04,03,2003,3.06
04,04,2003,3.7
04,05,2003,4.3
04,06,2003,4.69
04,07,2003,5.66
04,08,2003,5.23
04,09,2003,4.59
04,10,2003,0.34
04,11,2003,2.03
04,12,2003,2.17
04,13,2003,3.3
04,14,2003,2.61
04,15,2003,2.64
04,16,2003,2.62
04,17,2003,4.92
04,18,2003,4.41
04,19,2003,4.66
04,20,2003,5.53
04,21,2003,5.35
04,22,2003,4.05
04,23,2003,4.56
04,24,2003,5.88
04,25,2003,6.62
04,26,2003,6.85
04,27,2003,4.66
04,28,2003,3.24
04,29,2003,5.94
04,30,2003,5.25
05,01,2003,5.76
05,02,2003,5.4
05,03,2003,5.15
05,04,2003,5.31
05,05,2003,5.36
05,06,2003,6.87
05,07,2003,7.62
05,08,2003,8.41
05,09,2003,7.16
05,10,2003,7.17
05,11,2003,7.35
05,12,2003,7.1
05,13,2003,2.21
05,14,2003,2.41
05,15,2003,4.79
05,16,2003,4.61
05,17,2003,5.5
05,18,2003,6.69
05,19,2003,4.97
05,20,2003,5.72
05,21,2003,4.91
05,22,2003,4.85
05,23,2003,3.99
05,24,2003,3.75
05,25,2003,5.18
05,26,2003,4.51
05,27,2003,4.9
05,28,2003,4.82
05,29,2003,4.78
05,30,2003,1.74
05,31,2003,4.36
06,01,2003,5.26
06,02,2003,6.04
06,03,2003,6.09
06,04,2003,6.62
06,05,2003,5.87
06,06,2003,4.38
06,07,2003,5.88
06,08,2003,5.28
06,09,2003,3.2
06,10,2003,3.63
06,11,2003,2.77
06,12,2003,4.02
06,13,2003,5.84
06,14,2003,6.42
06,15,2003,6.41
06,16,2003,2.58
06,17,2003,4.44
06,18,2003,5.19
06,19,2003,4.6
06,20,2003,4.09
06,21,2003,4.12
06,22,2003,1.63
06,23,2003,3.83
06,24,2003,4.39
06,25,2003,2.3
06,26,2003,2.86
06,27,2003,0.26
06,28,2003,1.8
06,29,2003,3.87
06,30,2003,4.46
07,01,2003,3.9
07,02,2003,2.74
07,03,2003,5.1
07,04,2003,5.54
07,05,2003,6.01
07,06,2003,4.61
07,07,2003,4.59
07,08,2003,2.82
07,09,2003,2.64
07,10,2003,2.95
07,11,2003,2.66
07,12,2003,3.81
07,13,2003,2.17
07,14,2003,4.76
07,15,2003,4.63
07,16,2003,1.91
07,17,2003,4.09
07,18,2003,3.92
07,19,2003,2.76
07,20,2003,1.93
07,21,2003,1.45
07,22,2003,3.2
07,23,2003,2.9
07,24,2003,3.67
07,25,2003,4.19
07,26,2003,2.51
07,27,2003,3.71
07,28,2003,3.05
07,29,2003,1.21
07,30,2003,1.5
07,31,2003,3.53
08,01,2003,3.02
08,02,2003,3.5
08,03,2003,2.25
08,04,2003,1.94
08,05,2003,3.56
08,06,2003,1.91
08,07,2003,3.03
08,08,2003,3.51
08,09,2003,3.36
08,10,2003,3.95
08,11,2003,2.89
08,12,2003,3.99
08,13,2003,3.53
08,14,2003,2.71
08,15,2003,2.84
08,16,2003,1.81
08,17,2003,1.75
08,18,2003,1.46
08,19,2003,1.2
08,20,2003,3.67
08,21,2003,2.9
08,22,2003,2.11
08,23,2003,2.9
08,24,2003,2.56
08,25,2003,2.02
08,26,2003,0.29
08,27,2003,0.83
08,28,2003,0.56
08,29,2003,1.85
08,30,2003,2.42
08,31,2003,2.49
09,01,2003,1.99
09,02,2003,2.08
09,03,2003,2.47
09,04,2003,2.88
09,05,2003,2.38
09,06,2003,3.33
09,07,2003,3.2
09,08,2003,2.07
09,09,2003,3.31
09,10,2003,2.18
09,11,2003,3.1
09,12,2003,2.83
09,13,2003,2.79
09,14,2003,3.85
09,15,2003,2.68
09,16,2003,1.5
09,17,2003,0.89
09,18,2003,0.8
09,19,2003,2.1
09,20,2003,2.92
09,21,2003,2.11
09,22,2003,2.78
09,23,2003,2.53
09,24,2003,0.53
09,25,2003,1.95
09,26,2003,2.52
09,27,2003,2.89
09,28,2003,5.1
09,29,2003,1.71
09,30,2003,1.03
10,01,2003,0.85
10,02,2003,1.66
10,03,2003,1.57
10,04,2003,2.11
10,05,2003,1.13
10,06,2003,0.15
10,07,2003,0.18
10,08,2003,0.36
10,09,2003,1.38
10,10,2003,2.14
10,11,2003,1.99
10,12,2003,2.22
10,13,2003,2.95
10,14,2003,0.82
10,15,2003,4.84
10,16,2003,1.3
10,17,2003,0.81
10,18,2003,0.9
10,19,2003,1.36
10,20,2003,0.98
10,21,2003,0.77
10,22,2003,0.81
10,23,2003,1.86
10,24,2003,1.41
10,25,2003,1.15
10,26,2003,1.22
10,27,2003,1.65
10,28,2003,0.71
10,29,2003,1.42
10,30,2003,0.72
10,31,2003,1.9
11,01,2003,0.52
11,02,2003,0.77
11,03,2003,1.27
11,04,2003,1.04
11,05,2003,1.31
11,06,2003,1.25
11,07,2003,0.82
11,08,2003,0.72
11,09,2003,0.24
11,10,2003,0.67
11,11,2003,0.42
11,12,2003,0.47
11,13,2003,0.73
11,14,2003,0.31
11,15,2003,1.3
11,16,2003,1.27
11,17,2003,1.31
11,18,2003,1.02
11,19,2003,0.91
11,20,2003,2.15
11,21,2003,1.82
11,22,2003,0.86
11,23,2003,1.29
11,24,2003,0.64
11,25,2003,0.82
11,26,2003,1.22
11,27,2003,0.59
11,28,2003,1.02
11,29,2003,1.28
11,30,2003,1.38
12,01,2003,0.98
12,02,2003,0.64
12,03,2003,1.72
12,04,2003,1.92
12,05,2003,1.71
12,06,2003,1.16
12,07,2003,0.26
12,08,2003,0.17
12,09,2003,1.84
12,10,2003,1.24
12,11,2003,0.27
12,12,2003,2.14
12,13,2003,1.37
12,14,2003,2.16
12,15,2003,0.91
12,16,2003,1.04
12,17,2003,2.89
12,18,2003,0.94
12,19,2003,1.15
12,20,2003,0.48
12,21,2003,1.36
12,22,2003,1.58
12,23,2003,1.63
12,24,2003,1.56
12,25,2003,0.61
12,26,2003,1.49
12,27,2003,1.27
12,28,2003,1.53
12,29,2003,1.41
12,30,2003,0.82
12,31,2003,0.49
01,01,2004,0.57
01,02,2004,0.27
01,03,2004,0.55
01,04,2004,1.33
01,05,2004,1.81
01,06,2004,1.65
01,07,2004,0.37
01,08,2004,0.24
01,09,2004,0.55
01,10,2004,0.39
01,11,2004,0.44
01,12,2004,0.19
01,13,2004,0.82
01,14,2004,1.32
01,15,2004,0.71
01,16,2004,1.72
01,17,2004,2.4
01,18,2004,4.23
01,19,2004,2.27
01,20,2004,0.66
01,21,2004,1.32
01,22,2004,0.92
01,23,2004,1.63
01,24,2004,0.65
01,25,2004,2.46
01,26,2004,3.59
01,27,2004,3.15
01,28,2004,2.89
01,29,2004,1.38
01,30,2004,2.24
01,31,2004,1.8
02,01,2004,1.48
02,02,2004,3.05
02,03,2004,3.25
02,04,2004,2.03
02,05,2004,2.09
02,06,2004,3.21
02,07,2004,1.07
02,08,2004,0.21
02,09,2004,0.75
02,10,2004,1.41
02,11,2004,1.65
02,12,2004,1.67
02,13,2004,0.72
02,14,2004,1.53
02,15,2004,0.42
02,16,2004,0.84
02,17,2004,0.19
02,18,2004,0.3
02,19,2004,1.27
02,20,2004,2.46
02,21,2004,2.8
02,22,2004,2.95
02,23,2004,3.55
02,24,2004,3.6
02,25,2004,5.06
02,26,2004,2.93
02,27,2004,0.83
02,28,2004,1.1
02,29,2004,2.37
03,01,2004,2.29
03,02,2004,2.77
03,03,2004,2.77
03,04,2004,2.89
03,05,2004,3.66
03,06,2004,4.84
03,07,2004,3.5
03,08,2004,2.72
03,09,2004,2.62
03,10,2004,1.53
03,11,2004,2.16
03,12,2004,2.41
03,13,2004,1.92
03,14,2004,3.26
03,15,2004,2.64
03,16,2004,3.47
03,17,2004,0.95
03,18,2004,0.77
03,19,2004,2.91
03,20,2004,2.55
03,21,2004,2.89
03,22,2004,4.88
03,23,2004,1.85
03,24,2004,0.9
03,25,2004,2.66
03,26,2004,3.38
03,27,2004,3.79
03,28,2004,3.92
03,29,2004,3.78
03,30,2004,3.18
03,31,2004,2.17
04,01,2004,1.08
04,02,2004,2.27
04,03,2004,2.66
04,04,2004,2.37
04,05,2004,2.62
04,06,2004,2.27
04,07,2004,4.13
04,08,2004,3.78
04,09,2004,4.42
04,10,2004,3.8
04,11,2004,4.37
04,12,2004,6.89
04,13,2004,2.72
04,14,2004,0.78
04,15,2004,1.63
04,16,2004,3.39
04,17,2004,2.93
04,18,2004,4.14
04,19,2004,4.0
04,20,2004,3.89
04,21,2004,4.72
04,22,2004,5.46
04,23,2004,6.65
04,24,2004,6.06
04,25,2004,6.52
04,26,2004,5.44
04,27,2004,4.42
04,28,2004,0.61
04,29,2004,2.15
04,30,2004,3.19
05,01,2004,4.62
05,02,2004,7.41
05,03,2004,0.55
05,04,2004,1.54
05,05,2004,2.86
05,06,2004,1.55
05,07,2004,1.68
05,08,2004,1.94
05,09,2004,3.71
05,10,2004,5.42
05,11,2004,4.67
05,12,2004,5.4
05,13,2004,5.75
05,14,2004,4.57
05,15,2004,1.19
05,16,2004,2.04
05,17,2004,2.24
05,18,2004,1.78
05,19,2004,0.92
05,20,2004,2.9
05,21,2004,3.07
05,22,2004,2.83
05,23,2004,4.76
05,24,2004,3.94
05,25,2004,4.49
05,26,2004,3.99
05,27,2004,4.75
05,28,2004,4.81
05,29,2004,6.21
05,30,2004,7.13
05,31,2004,4.4
06,01,2004,6.23
06,02,2004,2.01
06,03,2004,3.15
06,04,2004,7.48
06,05,2004,3.6
06,06,2004,1.85
06,07,2004,3.77
06,08,2004,4.07
06,09,2004,5.08
06,10,2004,4.56
06,11,2004,4.86
06,12,2004,4.73
06,13,2004,4.27
06,14,2004,4.3
06,15,2004,4.14
06,16,2004,4.22
06,17,2004,4.04
06,18,2004,2.91
06,19,2004,2.93
06,20,2004,1.71
06,21,2004,1.22
06,22,2004,3.43
06,23,2004,2.77
06,24,2004,2.49
06,25,2004,2.76
06,26,2004,4.21
06,27,2004,1.41
06,28,2004,2.33
06,29,2004,1.89
06,30,2004,2.75
07,01,2004,3.37
07,02,2004,5.1
07,03,2004,3.98
07,04,2004,3.81
07,05,2004,3.96
07,06,2004,3.74
07,07,2004,3.87
07,08,2004,3.27
07,09,2004,4.17
07,10,2004,4.84
07,11,2004,2.43
07,12,2004,2.24
07,13,2004,3.24
07,14,2004,2.54
07,15,2004,2.07
07,16,2004,1.91
07,17,2004,2.7
07,18,2004,3.86
07,19,2004,3.96
07,20,2004,4.53
07,21,2004,3.31
07,22,2004,3.28
07,23,2004,2.01
07,24,2004,3.36
07,25,2004,1.3
07,26,2004,2.67
07,27,2004,2.01
07,28,2004,2.82
07,29,2004,2.83
07,30,2004,4.33
07,31,2004,4.11
08,01,2004,4.24
08,02,2004,5.14
08,03,2004,3.97
08,04,2004,3.53
08,05,2004,2.32
08,06,2004,4.12
08,07,2004,4.55
08,08,2004,4.02
08,09,2004,3.77
08,10,2004,3.44
08,11,2004,3.34
08,12,2004,3.86
08,13,2004,4.27
08,14,2004,2.21
08,15,2004,2.34
08,16,2004,2.16
08,17,2004,2.53
08,18,2004,1.24
08,19,2004,2.19
08,20,2004,3.97
08,21,2004,2.79
08,22,2004,3.85
08,23,2004,3.55
08,24,2004,3.38
08,25,2004,2.73
08,26,2004,3.41
08,27,2004,3.95
08,28,2004,3.21
08,29,2004,3.03
08,30,2004,3.29
08,31,2004,2.85
09,01,2004,2.18
09,02,2004,1.99
09,03,2004,2.39
09,04,2004,2.87
09,05,2004,3.49
09,06,2004,2.31
09,07,2004,3.69
09,08,2004,2.59
09,09,2004,1.19
09,10,2004,2.08
09,11,2004,2.0
09,12,2004,2.27
09,13,2004,2.52
09,14,2004,2.7
09,15,2004,2.86
09,16,2004,2.92
09,17,2004,3.39
09,18,2004,2.0
09,19,2004,3.84
09,20,2004,2.24
09,21,2004,3.69
09,22,2004,1.1
09,23,2004,1.59
09,24,2004,2.22
09,25,2004,2.36
09,26,2004,3.08
09,27,2004,1.3
09,28,2004,1.62
09,29,2004,1.1
09,30,2004,1.67
10,01,2004,2.36
10,02,2004,2.75
10,03,2004,1.79
10,04,2004,1.74
10,05,2004,1.21
10,06,2004,1.79
10,07,2004,1.81
10,08,2004,1.93
10,09,2004,2.65
10,10,2004,1.99
10,11,2004,1.63
10,12,2004,0.86
10,13,2004,1.73
10,14,2004,1.02
10,15,2004,2.66
10,16,2004,0.52
10,17,2004,1.76
10,18,2004,2.52
10,19,2004,3.75
10,20,2004,3.26
10,21,2004,2.31
10,22,2004,2.28
10,23,2004,1.76
10,24,2004,2.29
10,25,2004,2.46
10,26,2004,2.85
10,27,2004,2.16
10,28,2004,2.16
10,29,2004,0.87
10,30,2004,1.29
10,31,2004,2.35
11,01,2004,2.27
11,02,2004,2.68
11,03,2004,2.36
11,04,2004,1.33
11,05,2004,0.72
11,06,2004,1.02
11,07,2004,1.59
11,08,2004,0.44
11,09,2004,1.92
11,10,2004,1.72
11,11,2004,1.91
11,12,2004,1.4
11,13,2004,0.61
11,14,2004,0.8
11,15,2004,0.98
11,16,2004,1.24
11,17,2004,1.76
11,18,2004,1.17
11,19,2004,1.28
11,20,2004,1.74
11,21,2004,1.39
11,22,2004,1.07
11,23,2004,1.44
11,24,2004,1.32
11,25,2004,1.9
11,26,2004,0.89
11,27,2004,1.45
11,28,2004,1.17
11,29,2004,1.26
11,30,2004,1.2
12,01,2004,1.88
12,02,2004,0.92
12,03,2004,0.78
12,04,2004,1.47
12,05,2004,1.16
12,06,2004,1.32
12,07,2004,1.14
12,08,2004,0.82
12,09,2004,2.01
12,10,2004,1.12
12,11,2004,0.19
12,12,2004,0.26
12,13,2004,null
12,14,2004,null
12,15,2004,null
12,16,2004,0.17
12,17,2004,0.48
12,18,2004,0.89
12,19,2004,1.48
12,20,2004,0.81
12,21,2004,0.96
12,22,2004,0.94
12,23,2004,1.23
12,24,2004,1.3
12,25,2004,0.93
12,26,2004,0.15
12,27,2004,0.16
12,28,2004,0.7
12,29,2004,0.63
12,30,2004,1.18
12,31,2004,1.71
01,01,2005,0.86
01,02,2005,1.45
01,03,2005,0.96
01,04,2005,0.35
01,05,2005,1.09
01,06,2005,1.23
01,07,2005,1.13
01,08,2005,1.04
01,09,2005,0.55
01,10,2005,0.9
01,11,2005,0.94
01,12,2005,1.4
01,13,2005,2.14
01,14,2005,2.94
01,15,2005,1.9
01,16,2005,0.9
01,17,2005,0.56
01,18,2005,0.44
01,19,2005,0.53
01,20,2005,1.2
01,21,2005,1.24
01,22,2005,1.34
01,23,2005,1.24
01,24,2005,1.75
01,25,2005,1.12
01,26,2005,0.34
01,27,2005,1.56
01,28,2005,1.82
01,29,2005,0.64
01,30,2005,1.7
01,31,2005,1.5
02,01,2005,1.62
02,02,2005,2.69
02,03,2005,1.13
02,04,2005,0.56
02,05,2005,0.17
02,06,2005,0.25
02,07,2005,1.42
02,08,2005,1.28
02,09,2005,1.7
02,10,2005,1.4
02,11,2005,1.9
02,12,2005,1.29
02,13,2005,2.17
02,14,2005,1.83
02,15,2005,1.46
02,16,2005,2.21
02,17,2005,2.5
02,18,2005,2.21
02,19,2005,0.89
02,20,2005,0.83
02,21,2005,2.45
02,22,2005,2.01
02,23,2005,2.15
02,24,2005,1.87
02,25,2005,3.54
02,26,2005,0.45
02,27,2005,2.72
02,28,2005,1.61
03,01,2005,0.42
03,02,2005,0.78
03,03,2005,1.57
03,04,2005,1.37
03,05,2005,1.11
03,06,2005,2.56
03,07,2005,1.09
03,08,2005,3.21
03,09,2005,1.65
03,10,2005,1.49
03,11,2005,2.0
03,12,2005,2.0
03,13,2005,2.79
03,14,2005,2.86
03,15,2005,3.37
03,16,2005,2.46
03,17,2005,3.32
03,18,2005,0.71
03,19,2005,5.26
03,20,2005,4.25
03,21,2005,4.03
03,22,2005,5.54
03,23,2005,6.07
03,24,2005,3.37
03,25,2005,5.99
03,26,2005,5.13
03,27,2005,6.27
03,28,2005,2.47
03,29,2005,4.68
03,30,2005,4.78
03,31,2005,5.39
04,01,2005,6.31
04,02,2005,3.99
04,03,2005,2.67
04,04,2005,3.68
04,05,2005,4.23
04,06,2005,4.68
04,07,2005,5.57
04,08,2005,5.08
04,09,2005,5.29
04,10,2005,5.29
04,11,2005,6.43
04,12,2005,7.07
04,13,2005,5.53
04,14,2005,3.23
04,15,2005,1.77
04,16,2005,3.16
04,17,2005,5.63
04,18,2005,2.59
04,19,2005,3.62
04,20,2005,3.81
04,21,2005,5.34
04,22,2005,4.23
04,23,2005,2.84
04,24,2005,2.39
04,25,2005,3.55
04,26,2005,7.32
04,27,2005,8.26
04,28,2005,3.66
04,29,2005,4.59
04,30,2005,6.21
05,01,2005,7.27
05,02,2005,3.47
05,03,2005,2.31
05,04,2005,2.6
05,05,2005,4.18
05,06,2005,3.13
05,07,2005,2.69
05,08,2005,5.24
05,09,2005,4.6
05,10,2005,4.96
05,11,2005,5.18
05,12,2005,5.51
05,13,2005,4.81
05,14,2005,4.23
05,15,2005,4.1
05,16,2005,2.02
05,17,2005,3.75
05,18,2005,4.03
05,19,2005,6.19
05,20,2005,3.45
05,21,2005,1.92
05,22,2005,3.54
05,23,2005,4.37
05,24,2005,5.7
05,25,2005,5.89
05,26,2005,5.58
05,27,2005,4.16
05,28,2005,1.26
05,29,2005,4.01
05,30,2005,4.11
05,31,2005,5.17
06,01,2005,5.47
06,02,2005,6.62
06,03,2005,5.97
06,04,2005,6.79
06,05,2005,6.46
06,06,2005,5.97
06,07,2005,5.51
06,08,2005,5.02
06,09,2005,6.21
06,10,2005,5.5
06,11,2005,7.2
06,12,2005,5.74
06,13,2005,6.05
06,14,2005,4.2
06,15,2005,3.05
06,16,2005,0.87
06,17,2005,1.02
06,18,2005,3.44
06,19,2005,5.27
06,20,2005,2.45
06,21,2005,4.71
06,22,2005,1.13
06,23,2005,4.3
06,24,2005,2.41
06,25,2005,3.42
06,26,2005,2.79
06,27,2005,1.15
06,28,2005,1.22
06,29,2005,1.62
06,30,2005,4.43
07,01,2005,4.04
07,02,2005,4.7
07,03,2005,4.72
07,04,2005,2.09
07,05,2005,4.86
07,06,2005,4.19
07,07,2005,3.52
07,08,2005,3.62
07,09,2005,4.56
07,10,2005,5.6
07,11,2005,5.22
07,12,2005,5.37
07,13,2005,4.29
07,14,2005,3.77
07,15,2005,3.51
07,16,2005,4.45
07,17,2005,0.86
07,18,2005,6.0
07,19,2005,3.62
07,20,2005,5.02
07,21,2005,3.77
07,22,2005,5.12
07,23,2005,1.93
07,24,2005,2.13
07,25,2005,2.18
07,26,2005,4.35
07,27,2005,3.51
07,28,2005,3.6
07,29,2005,1.99
07,30,2005,3.77
07,31,2005,1.06
08,01,2005,2.93
08,02,2005,2.09
08,03,2005,3.21
08,04,2005,4.37
08,05,2005,2.23
08,06,2005,2.78
08,07,2005,2.65
08,08,2005,0.9
08,09,2005,3.62
08,10,2005,2.93
08,11,2005,3.49
08,12,2005,3.06
08,13,2005,3.99
08,14,2005,2.72
08,15,2005,3.16
08,16,2005,2.31
08,17,2005,2.5
08,18,2005,2.11
08,19,2005,2.8
08,20,2005,1.4
08,21,2005,0.92
08,22,2005,2.14
08,23,2005,0.52
08,24,2005,3.4
08,25,2005,3.96
08,26,2005,2.91
08,27,2005,3.61
08,28,2005,3.46
08,29,2005,4.45
08,30,2005,4.1
08,31,2005,3.98
09,01,2005,4.51
09,02,2005,3.73
09,03,2005,3.23
09,04,2005,1.97
09,05,2005,2.38
09,06,2005,2.97
09,07,2005,1.8
09,08,2005,2.28
09,09,2005,0.42
09,10,2005,1.71
09,11,2005,2.38
09,12,2005,4.31
09,13,2005,2.47
09,14,2005,2.72
09,15,2005,2.99
09,16,2005,2.81
09,17,2005,4.94
09,18,2005,2.19
09,19,2005,0.43
09,20,2005,1.69
09,21,2005,1.07
09,22,2005,1.42
09,23,2005,2.85
09,24,2005,3.45
09,25,2005,3.11
09,26,2005,2.91
09,27,2005,1.55
09,28,2005,1.94
09,29,2005,2.23
09,30,2005,1.64
10,01,2005,1.62
10,02,2005,3.21
10,03,2005,2.57
10,04,2005,0.97
10,05,2005,1.85
10,06,2005,0.17
10,07,2005,2.08
10,08,2005,0.92
10,09,2005,2.42
10,10,2005,2.71
10,11,2005,3.04
10,12,2005,2.53
10,13,2005,2.21
10,14,2005,2.37
10,15,2005,0.95
10,16,2005,1.78
10,17,2005,1.07
10,18,2005,1.42
10,19,2005,2.14
10,20,2005,2.31
10,21,2005,2.09
10,22,2005,2.3
10,23,2005,2.53
10,24,2005,2.55
10,25,2005,2.5
10,26,2005,0.53
10,27,2005,2.42
10,28,2005,1.57
10,29,2005,0.75
10,30,2005,0.1
10,31,2005,1.43
11,01,2005,0.8
11,02,2005,2.61
11,03,2005,1.21
11,04,2005,2.68
11,05,2005,1.46
11,06,2005,2.17
11,07,2005,0.46
11,08,2005,1.21
11,09,2005,0.39
11,10,2005,1.5
11,11,2005,2.04
11,12,2005,1.57
11,13,2005,1.95
11,14,2005,1.65
11,15,2005,1.16
11,16,2005,1.62
11,17,2005,1.75
11,18,2005,0.1
11,19,2005,0.04
11,20,2005,1.21
11,21,2005,1.3
11,22,2005,1.59
11,23,2005,1.22
11,24,2005,2.33
11,25,2005,1.96
11,26,2005,1.7
11,27,2005,1.45
11,28,2005,2.99
11,29,2005,2.55
11,30,2005,0.7
12,01,2005,0.48
12,02,2005,1.03
12,03,2005,1.09
12,04,2005,1.48
12,05,2005,2.17
12,06,2005,2.45
12,07,2005,1.09
12,08,2005,0.7
12,09,2005,0.63
12,10,2005,0.66
12,11,2005,0.62
12,12,2005,0.17
12,13,2005,1.16
12,14,2005,1.26
12,15,2005,1.84
12,16,2005,1.87
12,17,2005,1.15
12,18,2005,1.06
12,19,2005,0.42
12,20,2005,0.65
12,21,2005,0.8
12,22,2005,1.42
12,23,2005,0.27
12,24,2005,2.03
12,25,2005,1.91
12,26,2005,1.88
12,27,2005,1.2
12,28,2005,2.04
12,29,2005,2.11
12,30,2005,0.94
12,31,2005,0.74
01,01,2006,1.01
01,02,2006,4.24
01,03,2006,2.0
01,04,2006,0.99
01,05,2006,1.48
01,06,2006,1.21
01,07,2006,0.49
01,08,2006,1.32
01,09,2006,1.51
01,10,2006,1.79
01,11,2006,1.02
01,12,2006,1.35
01,13,2006,1.8
01,14,2006,1.6
01,15,2006,0.66
01,16,2006,1.48
01,17,2006,1.62
01,18,2006,2.46
01,19,2006,1.69
01,20,2006,0.96
01,21,2006,0.77
01,22,2006,0.59
01,23,2006,1.17
01,24,2006,0.31
01,25,2006,0.69
01,26,2006,0.45
01,27,2006,0.06
01,28,2006,0.56
01,29,2006,1.89
01,30,2006,1.47
01,31,2006,1.82
02,01,2006,2.24
02,02,2006,1.01
02,03,2006,1.87
02,04,2006,2.39
02,05,2006,3.56
02,06,2006,2.47
02,07,2006,2.0
02,08,2006,0.74
02,09,2006,0.86
02,10,2006,0.92
02,11,2006,2.23
02,12,2006,1.44
02,13,2006,0.16
02,14,2006,1.03
02,15,2006,2.06
02,16,2006,2.17
02,17,2006,2.4
02,18,2006,1.27
02,19,2006,2.59
02,20,2006,2.71
02,21,2006,2.97
02,22,2006,2.84
02,23,2006,3.19
02,24,2006,2.42
02,25,2006,2.73
02,26,2006,2.91
02,27,2006,0.38
02,28,2006,1.43
03,01,2006,1.34
03,02,2006,2.56
03,03,2006,2.67
03,04,2006,3.08
03,05,2006,3.78
03,06,2006,2.6
03,07,2006,2.98
03,08,2006,2.54
03,09,2006,4.72
03,10,2006,3.31
03,11,2006,3.87
03,12,2006,3.89
03,13,2006,4.24
03,14,2006,3.74
03,15,2006,2.09
03,16,2006,2.72
03,17,2006,2.96
03,18,2006,2.48
03,19,2006,1.88
03,20,2006,6.25
03,21,2006,7.77
03,22,2006,4.81
03,23,2006,2.74
03,24,2006,3.21
03,25,2006,0.4
03,26,2006,0.9
03,27,2006,1.6
03,28,2006,3.23
03,29,2006,3.48
03,30,2006,3.7
03,31,2006,3.89
04,01,2006,3.57
04,02,2006,3.62
04,03,2006,4.37
04,04,2006,3.52
04,05,2006,5.06
04,06,2006,4.33
04,07,2006,5.37
04,08,2006,7.73
04,09,2006,4.58
04,10,2006,4.53
04,11,2006,4.31
04,12,2006,2.45
04,13,2006,4.92
04,14,2006,2.84
04,15,2006,3.66
04,16,2006,5.02
04,17,2006,6.05
04,18,2006,6.37
04,19,2006,6.2
04,20,2006,5.47
04,21,2006,6.11
04,22,2006,6.01
04,23,2006,3.9
04,24,2006,4.5
04,25,2006,5.17
04,26,2006,6.26
04,27,2006,5.18
04,28,2006,5.66
04,29,2006,5.51
04,30,2006,6.26
05,01,2006,3.83
05,02,2006,4.2
05,03,2006,3.06
05,04,2006,3.85
05,05,2006,4.22
05,06,2006,5.21
05,07,2006,6.35
05,08,2006,6.02
05,09,2006,4.75
05,10,2006,6.75
05,11,2006,6.86
05,12,2006,5.35
05,13,2006,2.74
05,14,2006,4.38
05,15,2006,4.49
05,16,2006,2.42
05,17,2006,3.51
05,18,2006,2.51
05,19,2006,4.41
05,20,2006,5.24
05,21,2006,3.62
05,22,2006,4.41
05,23,2006,4.08
05,24,2006,5.88
05,25,2006,5.63
05,26,2006,3.21
05,27,2006,2.84
05,28,2006,4.98
05,29,2006,5.54
05,30,2006,4.4
05,31,2006,5.28
06,01,2006,4.1
06,02,2006,5.67
06,03,2006,4.73
06,04,2006,3.13
06,05,2006,3.12
06,06,2006,3.08
06,07,2006,2.6
06,08,2006,1.63
06,09,2006,1.87
06,10,2006,4.3
06,11,2006,4.7
06,12,2006,4.15
06,13,2006,4.43
06,14,2006,4.29
06,15,2006,2.29
06,16,2006,2.99
06,17,2006,5.45
06,18,2006,4.22
06,19,2006,4.63
06,20,2006,4.01
06,21,2006,3.81
06,22,2006,5.0
06,23,2006,5.35
06,24,2006,5.29
06,25,2006,3.19
06,26,2006,3.16
06,27,2006,2.07
06,28,2006,3.71
06,29,2006,3.55
06,30,2006,0.63
07,01,2006,2.94
07,02,2006,2.78
07,03,2006,4.93
07,04,2006,2.61
07,05,2006,2.52
07,06,2006,4.35
07,07,2006,3.71
07,08,2006,2.18
07,09,2006,1.69
07,10,2006,2.98
07,11,2006,4.12
07,12,2006,4.64
07,13,2006,4.21
07,14,2006,4.39
07,15,2006,3.75
07,16,2006,2.77
07,17,2006,3.01
07,18,2006,4.88
07,19,2006,2.36
07,20,2006,0.88
07,21,2006,2.31
07,22,2006,4.05
07,23,2006,1.65
07,24,2006,2.12
07,25,2006,2.81
07,26,2006,4.65
07,27,2006,4.53
07,28,2006,4.59
07,29,2006,4.02
07,30,2006,2.39
07,31,2006,1.57
08,01,2006,2.34
08,02,2006,2.17
08,03,2006,2.82
08,04,2006,4.46
08,05,2006,2.1
08,06,2006,1.17
08,07,2006,2.58
08,08,2006,2.3
08,09,2006,0.75
08,10,2006,3.33
08,11,2006,1.52
08,12,2006,2.61
08,13,2006,4.38
08,14,2006,4.81
08,15,2006,1.62
08,16,2006,2.96
08,17,2006,2.4
08,18,2006,3.57
08,19,2006,3.17
08,20,2006,3.34
08,21,2006,1.88
08,22,2006,2.7
08,23,2006,3.35
08,24,2006,2.67
08,25,2006,2.79
08,26,2006,2.91
08,27,2006,2.91
08,28,2006,1.9
08,29,2006,3.5
08,30,2006,1.32
08,31,2006,2.6
09,01,2006,2.67
09,02,2006,1.93
09,03,2006,1.97
09,04,2006,1.41
09,05,2006,2.14
09,06,2006,1.8
09,07,2006,2.09
09,08,2006,2.33
09,09,2006,2.74
09,10,2006,1.95
09,11,2006,3.9
09,12,2006,2.75
09,13,2006,0.88
09,14,2006,1.73
09,15,2006,2.3
09,16,2006,2.61
09,17,2006,3.1
09,18,2006,2.59
09,19,2006,2.79
09,20,2006,1.16
09,21,2006,1.11
09,22,2006,2.92
09,23,2006,3.01
09,24,2006,4.24
09,25,2006,1.87
09,26,2006,2.48
09,27,2006,1.82
09,28,2006,1.9
09,29,2006,4.23
09,30,2006,2.05
10,01,2006,1.74
10,02,2006,1.62
10,03,2006,0.51
10,04,2006,1.45
10,05,2006,0.98
10,06,2006,0.38
10,07,2006,0.77
10,08,2006,1.05
10,09,2006,1.96
10,10,2006,1.17
10,11,2006,1.82
10,12,2006,1.35
10,13,2006,1.73
10,14,2006,2.5
10,15,2006,1.18
10,16,2006,2.99
10,17,2006,3.48
10,18,2006,2.72
10,19,2006,2.2
10,20,2006,1.82
10,21,2006,1.2
10,22,2006,0.59
10,23,2006,0.39
10,24,2006,1.55
10,25,2006,1.6
10,26,2006,1.35
10,27,2006,1.56
10,28,2006,1.8
10,29,2006,0.79
10,30,2006,1.57
10,31,2006,1.83
11,01,2006,1.62
11,02,2006,1.49
11,03,2006,1.02
11,04,2006,0.39
11,05,2006,0.21
11,06,2006,2.98
11,07,2006,0.58
11,08,2006,1.25
11,09,2006,1.65
11,10,2006,0.77
11,11,2006,1.25
11,12,2006,1.18
11,13,2006,0.63
11,14,2006,0.99
11,15,2006,1.15
11,16,2006,2.04
11,17,2006,0.69
11,18,2006,0.63
11,19,2006,0.54
11,20,2006,1.11
11,21,2006,0.29
11,22,2006,0.43
11,23,2006,0.96
11,24,2006,1.05
11,25,2006,1.07
11,26,2006,1.39
11,27,2006,1.02
11,28,2006,1.04
11,29,2006,0.85
11,30,2006,1.06
12,01,2006,1.0
12,02,2006,0.56
12,03,2006,0.73
12,04,2006,0.15
12,05,2006,0.64
12,06,2006,0.19
12,07,2006,0.16
12,08,2006,1.47
12,09,2006,0.22
12,10,2006,0.92
12,11,2006,0.46
12,12,2006,0.47
12,13,2006,0.87
12,14,2006,1.13
12,15,2006,1.1
12,16,2006,1.02
12,17,2006,1.1
12,18,2006,0.77
12,19,2006,0.77
12,20,2006,0.63
12,21,2006,0.8
12,22,2006,0.85
12,23,2006,0.59
12,24,2006,1.35
12,25,2006,0.97
12,26,2006,0.42
12,27,2006,0.76
12,28,2006,1.17
12,29,2006,0.72
12,30,2006,0.52
12,31,2006,0.77
01,01,2007,0.63
01,02,2007,0.16
01,03,2007,0.7
01,04,2007,0.52
01,05,2007,0.92
01,06,2007,0.92
01,07,2007,1.38
01,08,2007,1.22
01,09,2007,1.15
01,10,2007,0.67
01,11,2007,0.18
01,12,2007,0.88
01,13,2007,0.52
01,14,2007,1.19
01,15,2007,1.74
01,16,2007,0.78
01,17,2007,0.36
01,18,2007,0.16
01,19,2007,0.33
01,20,2007,0.12
01,21,2007,1.35
01,22,2007,1.57
01,23,2007,1.09
01,24,2007,1.0
01,25,2007,0.75
01,26,2007,0.16
01,27,2007,0.62
01,28,2007,1.74
01,29,2007,0.53
01,30,2007,1.29
01,31,2007,2.39
02,01,2007,2.29
02,02,2007,2.87
02,03,2007,2.38
02,04,2007,0.57
02,05,2007,0.13
02,06,2007,0.25
02,07,2007,0.77
02,08,2007,2.47
02,09,2007,2.97
02,10,2007,2.25
02,11,2007,1.73
02,12,2007,1.5
02,13,2007,3.16
02,14,2007,3.69
02,15,2007,0.87
02,16,2007,0.83
02,17,2007,0.81
02,18,2007,0.94
02,19,2007,0.36
02,20,2007,1.86
02,21,2007,2.46
02,22,2007,2.13
02,23,2007,1.92
02,24,2007,2.28
02,25,2007,2.29
02,26,2007,3.54
02,27,2007,2.9
02,28,2007,3.51
03,01,2007,3.76
03,02,2007,4.67
03,03,2007,1.91
03,04,2007,1.42
03,05,2007,0.2
03,06,2007,1.37
03,07,2007,0.5
03,08,2007,2.03
03,09,2007,2.75
03,10,2007,2.86
03,11,2007,2.55
03,12,2007,3.06
03,13,2007,3.74
03,14,2007,3.72
03,15,2007,3.95
03,16,2007,4.58
03,17,2007,2.73
03,18,2007,4.45
03,19,2007,4.0
03,20,2007,3.34
03,21,2007,3.8
03,22,2007,3.96
03,23,2007,3.64
03,24,2007,3.83
03,25,2007,3.65
03,26,2007,3.44
03,27,2007,4.15
03,28,2007,3.92
03,29,2007,4.06
03,30,2007,3.87
03,31,2007,3.84
04,01,2007,4.9
04,02,2007,2.81
04,03,2007,2.74
04,04,2007,3.96
04,05,2007,1.46
04,06,2007,3.32
04,07,2007,3.86
04,08,2007,3.05
04,09,2007,2.01
04,10,2007,3.05
04,11,2007,6.17
04,12,2007,6.6
04,13,2007,5.85
04,14,2007,5.59
04,15,2007,5.44
04,16,2007,3.4
04,17,2007,4.26
04,18,2007,4.97
04,19,2007,3.26
04,20,2007,4.92
04,21,2007,4.19
04,22,2007,2.06
04,23,2007,4.98
04,24,2007,4.62
04,25,2007,5.32
04,26,2007,5.66
04,27,2007,3.96
04,28,2007,5.5
04,29,2007,4.95
04,30,2007,4.0
05,01,2007,3.7
05,02,2007,4.65
05,03,2007,5.7
05,04,2007,6.38
05,05,2007,6.36
05,06,2007,7.17
05,07,2007,5.69
05,08,2007,5.24
05,09,2007,5.58
05,10,2007,4.9
05,11,2007,3.68
05,12,2007,1.65
05,13,2007,4.38
05,14,2007,4.79
05,15,2007,4.42
05,16,2007,4.97
05,17,2007,4.64
05,18,2007,4.45
05,19,2007,4.53
05,20,2007,4.57
05,21,2007,4.29
05,22,2007,5.54
05,23,2007,5.2
05,24,2007,5.12
05,25,2007,5.8
05,26,2007,2.64
05,27,2007,2.67
05,28,2007,2.5
05,29,2007,3.35
05,30,2007,4.57
05,31,2007,3.87
06,01,2007,4.47
06,02,2007,4.52
06,03,2007,5.45
06,04,2007,3.29
06,05,2007,4.92
06,06,2007,5.22
06,07,2007,4.64
06,08,2007,6.68
06,09,2007,6.72
06,10,2007,4.15
06,11,2007,2.88
06,12,2007,4.84
06,13,2007,4.77
06,14,2007,4.91
06,15,2007,4.11
06,16,2007,4.3
06,17,2007,5.34
06,18,2007,5.01
06,19,2007,4.95
06,20,2007,5.12
06,21,2007,3.21
06,22,2007,2.77
06,23,2007,4.49
06,24,2007,4.68
06,25,2007,4.97
06,26,2007,4.13
06,27,2007,2.71
06,28,2007,2.98
06,29,2007,4.68
06,30,2007,5.16
07,01,2007,5.53
07,02,2007,null
07,03,2007,null
07,04,2007,null
07,05,2007,null
07,06,2007,null
07,07,2007,null
07,08,2007,null
07,09,2007,null
07,10,2007,null
07,11,2007,null
07,12,2007,null
07,13,2007,null
07,14,2007,null
07,15,2007,null
07,16,2007,null
07,17,2007,null
07,18,2007,null
07,19,2007,null
07,20,2007,null
07,21,2007,null
07,22,2007,null
07,23,2007,null
07,24,2007,null
07,25,2007,null
07,26,2007,null
07,27,2007,null
07,28,2007,null
07,29,2007,null
07,30,2007,null
07,31,2007,null
08,01,2007,null
08,02,2007,null
08,03,2007,null
08,04,2007,null
08,05,2007,null
08,06,2007,null
08,07,2007,null
08,08,2007,null
08,09,2007,null
08,10,2007,null
08,11,2007,null
08,12,2007,null
08,13,2007,null
08,14,2007,null
08,15,2007,null
08,16,2007,null
08,17,2007,null
08,18,2007,null
08,19,2007,null
08,20,2007,null
08,21,2007,null
08,22,2007,null
08,23,2007,null
08,24,2007,null
08,25,2007,null
08,26,2007,null
08,27,2007,null
08,28,2007,null
08,29,2007,null
08,30,2007,null
08,31,2007,null
09,01,2007,null
09,02,2007,null
09,03,2007,null
09,04,2007,null
09,05,2007,null
09,06,2007,null
09,07,2007,null
09,08,2007,null
09,09,2007,null
09,10,2007,null
09,11,2007,null
09,12,2007,null
09,13,2007,null
09,14,2007,null
09,15,2007,null
09,16,2007,null
09,17,2007,null
09,18,2007,null
09,19,2007,null
09,20,2007,null
09,21,2007,null
09,22,2007,null
09,23,2007,null
09,24,2007,null
09,25,2007,null
09,26,2007,null
09,27,2007,null
09,28,2007,null
09,29,2007,null
09,30,2007,null
10,01,2007,null
10,02,2007,null
10,03,2007,null
10,04,2007,null
10,05,2007,null
10,06,2007,null
10,07,2007,null
10,08,2007,null
10,09,2007,null
10,10,2007,null
10,11,2007,null
10,12,2007,null
10,13,2007,null
10,14,2007,null
10,15,2007,null
10,16,2007,null
10,17,2007,null
10,18,2007,null
10,19,2007,null
10,20,2007,null
10,21,2007,null
10,22,2007,null
10,23,2007,null
10,24,2007,null
10,25,2007,null
10,26,2007,null
10,27,2007,null
10,28,2007,null
10,29,2007,null
10,30,2007,null
10,31,2007,null
11,01,2007,null
11,02,2007,null
11,03,2007,null
11,04,2007,null
11,05,2007,null
11,06,2007,null
11,07,2007,null
11,08,2007,null
11,09,2007,null
11,10,2007,null
11,11,2007,null
11,12,2007,null
11,13,2007,null
11,14,2007,null
11,15,2007,null
11,16,2007,null
11,17,2007,null
11,18,2007,null
11,19,2007,null
11,20,2007,null
11,21,2007,null
11,22,2007,null
11,23,2007,null
11,24,2007,null
11,25,2007,null
11,26,2007,null
11,27,2007,null
11,28,2007,null
11,29,2007,null
11,30,2007,null
12,01,2007,null
12,02,2007,null
12,03,2007,null
12,04,2007,null
12,05,2007,null
12,06,2007,null
12,07,2007,null
12,08,2007,null
12,09,2007,null
12,10,2007,null
12,11,2007,null
12,12,2007,null
12,13,2007,null
12,14,2007,null
12,15,2007,null
12,16,2007,null
12,17,2007,null
12,18,2007,null
12,19,2007,null
12,20,2007,null
12,21,2007,null
12,22,2007,null
12,23,2007,null
12,24,2007,null
12,25,2007,null
12,26,2007,null
12,27,2007,null
12,28,2007,null
12,29,2007,null
12,30,2007,null
12,31,2007,null
01,01,2008,null
01,02,2008,1.49
01,03,2008,0.12
01,04,2008,0.55
01,05,2008,0.99
01,06,2008,1.0
01,07,2008,0.75
01,08,2008,1.76
01,09,2008,1.74
01,10,2008,1.94
01,11,2008,1.64
01,12,2008,1.05
01,13,2008,1.01
01,14,2008,1.62
01,15,2008,0.68
01,16,2008,1.58
01,17,2008,1.55
01,18,2008,1.78
01,19,2008,1.53
01,20,2008,0.34
01,21,2008,1.5
01,22,2008,0.67
01,23,2008,1.24
01,24,2008,1.04
01,25,2008,0.87
01,26,2008,0.89
01,27,2008,1.23
01,28,2008,0.61
01,29,2008,1.42
01,30,2008,2.27
01,31,2008,1.31
02,01,2008,2.13
02,02,2008,0.42
02,03,2008,2.05
02,04,2008,2.39
02,05,2008,2.57
02,06,2008,2.73
02,07,2008,2.35
02,08,2008,2.49
02,09,2008,1.9
02,10,2008,2.39
02,11,2008,1.15
02,12,2008,2.2
02,13,2008,3.8
02,14,2008,0.97
02,15,2008,1.91
02,16,2008,2.32
02,17,2008,3.07
02,18,2008,3.61
02,19,2008,1.88
02,20,2008,2.71
02,21,2008,2.78
02,22,2008,4.57
02,23,2008,2.97
02,24,2008,2.99
02,25,2008,3.11
02,26,2008,3.99
02,27,2008,5.4
02,28,2008,0.46
02,29,2008,2.18
03,01,2008,3.67
03,02,2008,0.38
03,03,2008,3.01
03,04,2008,4.96
03,05,2008,1.38
03,06,2008,2.41
03,07,2008,5.11
03,08,2008,1.16
03,09,2008,0.79
03,10,2008,3.56
03,11,2008,4.17
03,12,2008,1.44
03,13,2008,2.66
03,14,2008,4.11
03,15,2008,5.6
03,16,2008,5.42
03,17,2008,5.67
03,18,2008,6.43
03,19,2008,8.55
03,20,2008,3.54
03,21,2008,2.84
03,22,2008,4.72
03,23,2008,4.46
03,24,2008,4.19
03,25,2008,2.63
03,26,2008,1.43
03,27,2008,4.46
03,28,2008,4.88
03,29,2008,5.53
03,30,2008,4.99
03,31,2008,5.91
04,01,2008,5.57
04,02,2008,5.53
04,03,2008,4.63
04,04,2008,5.98
04,05,2008,7.69
04,06,2008,5.51
04,07,2008,6.24
04,08,2008,2.95
04,09,2008,6.85
04,10,2008,7.38
04,11,2008,7.63
04,12,2008,7.13
04,13,2008,4.91
04,14,2008,3.05
04,15,2008,2.16
04,16,2008,2.52
04,17,2008,4.45
04,18,2008,4.67
04,19,2008,5.31
04,20,2008,4.32
04,21,2008,5.58
04,22,2008,6.63
04,23,2008,6.07
04,24,2008,5.45
04,25,2008,5.71
04,26,2008,6.63
04,27,2008,5.94
04,28,2008,4.45
04,29,2008,1.42
04,30,2008,0.83
05,01,2008,2.22
05,02,2008,5.58
05,03,2008,6.34
05,04,2008,4.64
05,05,2008,4.9
05,06,2008,4.45
05,07,2008,5.21
05,08,2008,5.99
05,09,2008,5.19
05,10,2008,6.71
05,11,2008,6.38
05,12,2008,6.76
05,13,2008,5.25
05,14,2008,6.82
05,15,2008,6.54
05,16,2008,6.37
05,17,2008,7.82
05,18,2008,3.3
05,19,2008,3.4
05,20,2008,4.3
05,21,2008,4.7
05,22,2008,4.65
05,23,2008,7.0
05,24,2008,6.99
05,25,2008,5.53
05,26,2008,4.65
05,27,2008,4.99
05,28,2008,2.74
05,29,2008,4.46
05,30,2008,3.34
05,31,2008,2.45
06,01,2008,1.32
06,02,2008,1.58
06,03,2008,1.6
06,04,2008,2.69
06,05,2008,3.26
06,06,2008,4.75
06,07,2008,5.04
06,08,2008,3.5
06,09,2008,1.37
06,10,2008,2.5
06,11,2008,1.51
06,12,2008,1.71
06,13,2008,4.24
06,14,2008,2.57
06,15,2008,2.72
06,16,2008,2.64
06,17,2008,4.3
06,18,2008,4.25
06,19,2008,5.81
06,20,2008,2.47
06,21,2008,5.26
06,22,2008,3.38
06,23,2008,2.64
06,24,2008,2.18
06,25,2008,3.7
06,26,2008,1.77
06,27,2008,1.67
06,28,2008,3.93
06,29,2008,1.91
06,30,2008,2.56
07,01,2008,2.02
07,02,2008,null
07,03,2008,null
07,04,2008,null
07,05,2008,null
07,06,2008,null
07,07,2008,null
07,08,2008,null
07,09,2008,null
07,10,2008,null
07,11,2008,null
07,12,2008,null
07,13,2008,null
07,14,2008,null
07,15,2008,null
07,16,2008,null
07,17,2008,null
07,18,2008,null
07,19,2008,null
07,20,2008,null
07,21,2008,null
07,22,2008,null
07,23,2008,null
07,24,2008,null
07,25,2008,null
07,26,2008,null
07,27,2008,null
07,28,2008,null
07,29,2008,null
07,30,2008,null
07,31,2008,null
08,01,2008,null
08,02,2008,null
08,03,2008,null
08,04,2008,null
08,05,2008,null
08,06,2008,null
08,07,2008,null
08,08,2008,null
08,09,2008,null
08,10,2008,null
08,11,2008,null
08,12,2008,null
08,13,2008,null
08,14,2008,null
08,15,2008,null
08,16,2008,null
08,17,2008,null
08,18,2008,null
08,19,2008,null
08,20,2008,null
08,21,2008,null
08,22,2008,null
08,23,2008,null
08,24,2008,null
08,25,2008,null
08,26,2008,null
08,27,2008,null
08,28,2008,null
08,29,2008,null
08,30,2008,null
08,31,2008,null
09,01,2008,null
09,02,2008,null
09,03,2008,null
09,04,2008,null
09,05,2008,null
09,06,2008,null
09,07,2008,null
09,08,2008,null
09,09,2008,null
09,10,2008,null
09,11,2008,null
09,12,2008,null
09,13,2008,null
09,14,2008,null
09,15,2008,null
09,16,2008,null
09,17,2008,null
09,18,2008,null
09,19,2008,null
09,20,2008,null
09,21,2008,null
09,22,2008,null
09,23,2008,null
09,24,2008,null
09,25,2008,null
09,26,2008,null
09,27,2008,null
09,28,2008,null
09,29,2008,null
09,30,2008,null
10,01,2008,null
10,02,2008,null
10,03,2008,null
10,04,2008,null
10,05,2008,null
10,06,2008,null
10,07,2008,null
10,08,2008,null
10,09,2008,null
10,10,2008,null
10,11,2008,null
10,12,2008,null
10,13,2008,null
10,14,2008,null
10,15,2008,null
10,16,2008,null
10,17,2008,null
10,18,2008,null
10,19,2008,null
10,20,2008,null
10,21,2008,null
10,22,2008,null
10,23,2008,null
10,24,2008,null
10,25,2008,null
10,26,2008,null
10,27,2008,null
10,28,2008,null
10,29,2008,null
10,30,2008,null
10,31,2008,null
11,01,2008,null
11,02,2008,null
11,03,2008,null
11,04,2008,null
11,05,2008,null
11,06,2008,null
11,07,2008,null
11,08,2008,null
11,09,2008,null
11,10,2008,null
11,11,2008,null
11,12,2008,null
11,13,2008,null
11,14,2008,null
11,15,2008,null
11,16,2008,null
11,17,2008,null
11,18,2008,null
11,19,2008,null
11,20,2008,null
11,21,2008,null
11,22,2008,null
11,23,2008,null
11,24,2008,null
11,25,2008,null
11,26,2008,null
11,27,2008,null
11,28,2008,null
11,29,2008,null
11,30,2008,null
12,01,2008,null
12,02,2008,null
12,03,2008,null
12,04,2008,null
12,05,2008,null
12,06,2008,null
12,07,2008,null
12,08,2008,null
12,09,2008,null
12,10,2008,null
12,11,2008,null
12,12,2008,null
12,13,2008,null
12,14,2008,null
12,15,2008,null
12,16,2008,null
12,17,2008,null
12,18,2008,null
12,19,2008,null
12,20,2008,null
12,21,2008,null
12,22,2008,null
12,23,2008,null
12,24,2008,null
12,25,2008,null
12,26,2008,null
12,27,2008,null
12,28,2008,null
12,29,2008,null
12,30,2008,null
12,31,2008,null
01,01,2009,null
01,02,2009,0.26
01,03,2009,1.12
01,04,2009,1.98
01,05,2009,1.8
01,06,2009,1.03
01,07,2009,3.01
01,08,2009,1.06
01,09,2009,1.5
01,10,2009,1.79
01,11,2009,1.39
01,12,2009,2.2
01,13,2009,0.13
01,14,2009,1.79
01,15,2009,0.96
01,16,2009,0.34
01,17,2009,0.09
01,18,2009,0.53
01,19,2009,1.66
01,20,2009,1.23
01,21,2009,1.98
01,22,2009,1.49
01,23,2009,1.94
01,24,2009,2.06
01,25,2009,1.85
01,26,2009,1.13
01,27,2009,1.86
01,28,2009,1.79
01,29,2009,2.36
01,30,2009,1.56
01,31,2009,0.1
02,01,2009,0.61
02,02,2009,1.74
02,03,2009,1.84
02,04,2009,0.39
02,05,2009,1.27
02,06,2009,0.21
02,07,2009,1.34
02,08,2009,1.85
02,09,2009,2.42
02,10,2009,1.81
02,11,2009,2.5
02,12,2009,3.01
02,13,2009,1.9
02,14,2009,2.26
02,15,2009,3.6
02,16,2009,1.62
02,17,2009,0.71
02,18,2009,2.74
02,19,2009,3.14
02,20,2009,3.65
02,21,2009,1.65
02,22,2009,2.56
02,23,2009,0.66
02,24,2009,0.19
02,25,2009,1.56
02,26,2009,3.15
02,27,2009,2.67
02,28,2009,3.05
03,01,2009,4.35
03,02,2009,2.17
03,03,2009,2.64
03,04,2009,2.74
03,05,2009,3.06
03,06,2009,3.45
03,07,2009,3.1
03,08,2009,3.77
03,09,2009,3.93
03,10,2009,5.01
03,11,2009,4.55
03,12,2009,3.62
03,13,2009,3.75
03,14,2009,4.34
03,15,2009,3.36
03,16,2009,3.13
03,17,2009,2.53
03,18,2009,2.37
03,19,2009,2.77
03,20,2009,3.74
03,21,2009,3.62
03,22,2009,3.45
03,23,2009,2.42
03,24,2009,5.76
03,25,2009,6.19
03,26,2009,5.89
03,27,2009,7.53
03,28,2009,7.85
03,29,2009,4.16
03,30,2009,2.06
03,31,2009,5.82
04,01,2009,7.58
04,02,2009,6.85
04,03,2009,8.04
04,04,2009,6.82
04,05,2009,6.72
04,06,2009,7.14
04,07,2009,2.29
04,08,2009,1.75
04,09,2009,1.25
04,10,2009,7.4
04,11,2009,6.6
04,12,2009,5.89
04,13,2009,7.21
04,14,2009,6.88
04,15,2009,3.14
04,16,2009,5.72
04,17,2009,5.26
04,18,2009,7.7
04,19,2009,6.15
04,20,2009,4.87
04,21,2009,5.84
04,22,2009,6.81
04,23,2009,5.25
04,24,2009,4.92
04,25,2009,5.13
04,26,2009,5.15
04,27,2009,4.8
04,28,2009,5.87
04,29,2009,4.35
04,30,2009,4.73
05,01,2009,4.82
05,02,2009,2.75
05,03,2009,7.31
05,04,2009,6.44
05,05,2009,5.44
05,06,2009,4.45
05,07,2009,5.66
05,08,2009,4.58
05,09,2009,5.48
05,10,2009,5.34
05,11,2009,3.93
05,12,2009,4.74
05,13,2009,1.54
05,14,2009,4.13
05,15,2009,4.15
05,16,2009,1.01
05,17,2009,2.96
05,18,2009,1.57
05,19,2009,0.43
05,20,2009,0.99
05,21,2009,4.26
05,22,2009,2.94
05,23,2009,1.78
05,24,2009,4.09
05,25,2009,4.54
05,26,2009,4.89
05,27,2009,5.05
05,28,2009,4.19
05,29,2009,5.28
05,30,2009,5.59
05,31,2009,4.62
06,01,2009,4.04
06,02,2009,3.14
06,03,2009,4.23
06,04,2009,4.18
06,05,2009,4.57
06,06,2009,5.08
06,07,2009,5.65
06,08,2009,5.02
06,09,2009,5.07
06,10,2009,4.54
06,11,2009,5.56
06,12,2009,5.23
06,13,2009,5.23
06,14,2009,4.79
06,15,2009,4.57
06,16,2009,5.18
06,17,2009,4.93
06,18,2009,3.46
06,19,2009,0.18
06,20,2009,2.78
06,21,2009,2.63
06,22,2009,3.74
06,23,2009,1.82
06,24,2009,4.96
06,25,2009,3.18
06,26,2009,5.05
06,27,2009,4.25
06,28,2009,3.91
06,29,2009,4.29
06,30,2009,4.64
07,01,2009,4.5
07,02,2009,3.63
07,03,2009,3.62
07,04,2009,2.85
07,05,2009,2.89
07,06,2009,4.78
07,07,2009,5.07
07,08,2009,3.81
07,09,2009,5.08
07,10,2009,5.19
07,11,2009,3.21
07,12,2009,3.63
07,13,2009,1.54
07,14,2009,2.03
07,15,2009,2.82
07,16,2009,3.4
07,17,2009,3.06
07,18,2009,4.75
07,19,2009,3.63
07,20,2009,4.91
07,21,2009,3.38
07,22,2009,4.61
07,23,2009,4.09
07,24,2009,2.92
07,25,2009,3.89
07,26,2009,4.01
07,27,2009,3.7
07,28,2009,4.27
07,29,2009,4.05
07,30,2009,4.06
07,31,2009,4.69
08,01,2009,5.05
08,02,2009,4.21
08,03,2009,3.0
08,04,2009,1.28
08,05,2009,3.51
08,06,2009,3.69
08,07,2009,2.87
08,08,2009,5.01
08,09,2009,4.7
08,10,2009,4.42
08,11,2009,3.96
08,12,2009,3.92
08,13,2009,3.03
08,14,2009,3.86
08,15,2009,3.57
08,16,2009,4.05
08,17,2009,3.41
08,18,2009,2.4
08,19,2009,2.78
08,20,2009,2.58
08,21,2009,2.04
08,22,2009,4.53
08,23,2009,1.63
08,24,2009,4.54
08,25,2009,4.72
08,26,2009,3.05
08,27,2009,3.65
08,28,2009,1.62
08,29,2009,4.99
08,30,2009,4.31
08,31,2009,3.99
09,01,2009,4.18
09,02,2009,2.97
09,03,2009,3.74
09,04,2009,2.65
09,05,2009,3.23
09,06,2009,3.99
09,07,2009,3.15
09,08,2009,3.82
09,09,2009,4.51
09,10,2009,3.99
09,11,2009,3.7
09,12,2009,2.97
09,13,2009,3.72
09,14,2009,5.2
09,15,2009,4.61
09,16,2009,4.55
09,17,2009,2.9
09,18,2009,4.26
09,19,2009,1.44
09,20,2009,1.19
09,21,2009,1.54
09,22,2009,2.95
09,23,2009,2.11
09,24,2009,1.63
09,25,2009,2.28
09,26,2009,0.24
09,27,2009,2.3
09,28,2009,3.55
09,29,2009,4.03
09,30,2009,3.46
10,01,2009,3.78
10,02,2009,4.0
10,03,2009,3.82
10,04,2009,4.07
10,05,2009,3.77
10,06,2009,3.03
10,07,2009,3.16
10,08,2009,3.03
10,09,2009,3.98
10,10,2009,3.93
10,11,2009,1.04
10,12,2009,3.0
10,13,2009,3.04
10,14,2009,2.9
10,15,2009,2.24
10,16,2009,3.33
10,17,2009,3.85
10,18,2009,1.61
10,19,2009,1.65
10,20,2009,1.11
10,21,2009,1.99
10,22,2009,3.37
10,23,2009,2.78
10,24,2009,2.55
10,25,2009,2.62
10,26,2009,2.65
10,27,2009,2.29
10,28,2009,0.16
10,29,2009,2.23
10,30,2009,4.21
10,31,2009,4.42
11,01,2009,0.33
11,02,2009,1.82
11,03,2009,1.29
11,04,2009,0.78
11,05,2009,0.24
11,06,2009,0.72
11,07,2009,1.36
11,08,2009,2.64
11,09,2009,2.43
11,10,2009,2.25
11,11,2009,2.49
11,12,2009,1.57
11,13,2009,1.83
11,14,2009,2.23
11,15,2009,2.03
11,16,2009,2.1
11,17,2009,1.73
11,18,2009,0.76
11,19,2009,0.09
11,20,2009,1.78
11,21,2009,1.64
11,22,2009,1.8
11,23,2009,1.61
11,24,2009,2.12
11,25,2009,1.64
11,26,2009,0.21
11,27,2009,1.03
11,28,2009,0.35
11,29,2009,1.84
11,30,2009,1.64
12,01,2009,1.66
12,02,2009,1.53
12,03,2009,1.81
12,04,2009,0.61
12,05,2009,0.35
12,06,2009,0.77
12,07,2009,1.69
12,08,2009,1.27
12,09,2009,2.21
12,10,2009,2.08
12,11,2009,1.08
12,12,2009,1.35
12,13,2009,1.72
12,14,2009,1.21
12,15,2009,2.01
12,16,2009,0.67
12,17,2009,0.16
12,18,2009,0.66
12,19,2009,1.06
12,20,2009,0.23
12,21,2009,0.49
12,22,2009,0.87
12,23,2009,1.53
12,24,2009,1.67
12,25,2009,2.32
12,26,2009,0.65
12,27,2009,0.97
12,28,2009,0.57
12,29,2009,0.11
12,30,2009,0.61
12,31,2009,0.75
01,01,2010,1.03
01,02,2010,0.51
01,03,2010,0.42
01,04,2010,1.28
01,05,2010,0.04
01,06,2010,0.02
01,07,2010,0.95
01,08,2010,1.35
01,09,2010,0.64
01,10,2010,0.25
01,11,2010,0.08
01,12,2010,0.72
01,13,2010,1.2
01,14,2010,0.93
01,15,2010,1.19
01,16,2010,3.17
01,17,2010,0.32
01,18,2010,0.91
01,19,2010,0.88
01,20,2010,1.19
01,21,2010,2.15
01,22,2010,2.99
01,23,2010,2.36
01,24,2010,3.42
01,25,2010,3.65
01,26,2010,2.99
01,27,2010,2.32
01,28,2010,1.97
01,29,2010,1.9
01,30,2010,1.99
01,31,2010,0.78
02,01,2010,0.57
02,02,2010,0.99
02,03,2010,1.26
02,04,2010,1.78
02,05,2010,0.47
02,06,2010,0.48
02,07,2010,2.75
02,08,2010,3.98
02,09,2010,2.05
02,10,2010,2.51
02,11,2010,0.63
02,12,2010,1.77
02,13,2010,1.13
02,14,2010,1.25
02,15,2010,0.97
02,16,2010,0.27
02,17,2010,0.81
02,18,2010,0.69
02,19,2010,0.1
02,20,2010,2.89
02,21,2010,1.69
02,22,2010,3.14
02,23,2010,3.73
02,24,2010,1.87
02,25,2010,0.77
02,26,2010,2.77
02,27,2010,2.52
02,28,2010,2.43
03,01,2010,3.36
03,02,2010,5.22
03,03,2010,3.66
03,04,2010,0.81
03,05,2010,0.13
03,06,2010,1.37
03,07,2010,1.8
03,08,2010,1.35
03,09,2010,3.74
03,10,2010,4.33
03,11,2010,5.06
03,12,2010,6.03
03,13,2010,5.59
03,14,2010,4.83
03,15,2010,4.07
03,16,2010,4.09
03,17,2010,1.09
03,18,2010,0.11
03,19,2010,1.79
03,20,2010,4.08
03,21,2010,5.51
03,22,2010,0.93
03,23,2010,1.41
03,24,2010,4.07
03,25,2010,4.47
03,26,2010,3.33
03,27,2010,2.62
03,28,2010,3.25
03,29,2010,0.7
03,30,2010,3.1
03,31,2010,4.83
04,01,2010,5.09
04,02,2010,4.65
04,03,2010,5.9
04,04,2010,4.71
04,05,2010,4.23
04,06,2010,4.06
04,07,2010,5.6
04,08,2010,6.34
04,09,2010,2.67
04,10,2010,2.19
04,11,2010,3.8
04,12,2010,2.58
04,13,2010,4.18
04,14,2010,5.99
04,15,2010,2.93
04,16,2010,5.68
04,17,2010,4.88
04,18,2010,4.76
04,19,2010,5.33
04,20,2010,2.17
04,21,2010,3.65
04,22,2010,3.19
04,23,2010,4.56
04,24,2010,5.99
04,25,2010,7.05
04,26,2010,5.1
04,27,2010,2.4
04,28,2010,4.53
04,29,2010,3.63
04,30,2010,6.55
05,01,2010,8.86
05,02,2010,8.39
05,03,2010,7.51
05,04,2010,6.08
05,05,2010,2.72
05,06,2010,5.23
05,07,2010,4.63
05,08,2010,5.8
05,09,2010,5.02
05,10,2010,4.95
05,11,2010,5.64
05,12,2010,5.52
05,13,2010,5.57
05,14,2010,5.22
05,15,2010,4.45
05,16,2010,4.65
05,17,2010,4.3
05,18,2010,4.05
05,19,2010,4.69
05,20,2010,5.9
05,21,2010,5.56
05,22,2010,5.7
05,23,2010,4.53
05,24,2010,5.13
05,25,2010,4.66
05,26,2010,4.94
05,27,2010,4.12
05,28,2010,2.53
05,29,2010,3.69
05,30,2010,5.48
05,31,2010,4.54
06,01,2010,7.19
06,02,2010,6.74
06,03,2010,7.45
06,04,2010,7.28
06,05,2010,6.95
06,06,2010,7.26
06,07,2010,7.46
06,08,2010,6.55
06,09,2010,6.32
06,10,2010,4.98
06,11,2010,6.35
06,12,2010,7.44
06,13,2010,7.08
06,14,2010,1.9
06,15,2010,2.06
06,16,2010,1.46
06,17,2010,4.36
06,18,2010,4.11
06,19,2010,2.43
06,20,2010,2.98
06,21,2010,3.13
06,22,2010,2.77
06,23,2010,2.54
06,24,2010,1.25
06,25,2010,1.45
06,26,2010,2.09
06,27,2010,2.73
06,28,2010,3.08
06,29,2010,3.86
06,30,2010,4.46
07,01,2010,5.34
07,02,2010,7.55
07,03,2010,5.24
07,04,2010,6.12
07,05,2010,5.69
07,06,2010,5.74
07,07,2010,4.56
07,08,2010,2.97
07,09,2010,2.57
07,10,2010,2.24
07,11,2010,3.56
07,12,2010,1.27
07,13,2010,2.92
07,14,2010,3.41
07,15,2010,3.47
07,16,2010,4.06
07,17,2010,3.08
07,18,2010,3.28
07,19,2010,2.39
07,20,2010,2.36
07,21,2010,2.52
07,22,2010,2.68
07,23,2010,1.34
07,24,2010,2.86
07,25,2010,2.73
07,26,2010,2.61
07,27,2010,1.64
07,28,2010,1.57
07,29,2010,4.56
07,30,2010,3.37
07,31,2010,3.2
08,01,2010,1.74
08,02,2010,3.11
08,03,2010,1.27
08,04,2010,2.73
08,05,2010,2.65
08,06,2010,1.09
08,07,2010,3.66
08,08,2010,2.37
08,09,2010,2.9
08,10,2010,6.63
08,11,2010,4.82
08,12,2010,2.58
08,13,2010,2.8
08,14,2010,5.44
08,15,2010,4.44
08,16,2010,3.48
08,17,2010,4.4
08,18,2010,3.58
08,19,2010,2.79
08,20,2010,2.98
08,21,2010,3.17
08,22,2010,0.77
08,23,2010,2.16
08,24,2010,3.55
08,25,2010,3.56
08,26,2010,3.22
08,27,2010,0.73
08,28,2010,3.51
08,29,2010,2.35
08,30,2010,2.44
08,31,2010,1.64
09,01,2010,2.86
09,02,2010,2.61
09,03,2010,2.66
09,04,2010,3.03
09,05,2010,2.24
09,06,2010,2.87
09,07,2010,3.32
09,08,2010,5.48
09,09,2010,4.53
09,10,2010,3.95
09,11,2010,4.39
09,12,2010,4.42
09,13,2010,4.45
09,14,2010,1.41
09,15,2010,1.99
09,16,2010,1.83
09,17,2010,1.1
09,18,2010,1.96
09,19,2010,3.99
09,20,2010,3.75
09,21,2010,3.6
09,22,2010,2.89
09,23,2010,1.99
09,24,2010,2.02
09,25,2010,2.04
09,26,2010,0.84
09,27,2010,0.79
09,28,2010,0.74
09,29,2010,0.7
09,30,2010,2.89
10,01,2010,3.44
10,02,2010,3.5
10,03,2010,4.16
10,04,2010,3.46
10,05,2010,0.93
10,06,2010,0.37
10,07,2010,0.72
10,08,2010,0.91
10,09,2010,0.88
10,10,2010,2.32
10,11,2010,3.69
10,12,2010,3.26
10,13,2010,2.84
10,14,2010,3.62
10,15,2010,1.63
10,16,2010,1.03
10,17,2010,2.84
10,18,2010,2.32
10,19,2010,2.44
10,20,2010,2.55
10,21,2010,2.63
10,22,2010,3.23
10,23,2010,2.63
10,24,2010,2.54
10,25,2010,2.31
10,26,2010,3.29
10,27,2010,3.87
10,28,2010,3.2
10,29,2010,1.65
10,30,2010,1.94
10,31,2010,1.03
11,01,2010,1.44
11,02,2010,3.11
11,03,2010,2.61
11,04,2010,2.23
11,05,2010,2.7
11,06,2010,2.95
11,07,2010,2.34
11,08,2010,1.94
11,09,2010,1.11
11,10,2010,2.42
11,11,2010,1.74
11,12,2010,1.91
11,13,2010,1.8
11,14,2010,1.75
11,15,2010,0.73
11,16,2010,3.59
11,17,2010,3.78
11,18,2010,1.19
11,19,2010,1.76
11,20,2010,1.01
11,21,2010,0.22
11,22,2010,0.35
11,23,2010,1.84
11,24,2010,1.41
11,25,2010,1.83
11,26,2010,2.08
11,27,2010,2.31
11,28,2010,1.79
11,29,2010,2.0
11,30,2010,1.77
12,01,2010,3.12
12,02,2010,1.59
12,03,2010,1.71
12,04,2010,0.21
12,05,2010,1.83
12,06,2010,2.15
12,07,2010,1.64
12,08,2010,1.31
12,09,2010,2.12
12,10,2010,2.13
12,11,2010,1.52
12,12,2010,1.31
12,13,2010,1.13
12,14,2010,0.56
12,15,2010,1.41
12,16,2010,1.75
12,17,2010,1.85
12,18,2010,1.67
12,19,2010,0.7
12,20,2010,1.31
12,21,2010,1.6
12,22,2010,1.62
12,23,2010,1.65
12,24,2010,1.76
12,25,2010,1.2
12,26,2010,2.03
12,27,2010,1.17
12,28,2010,1.13
12,29,2010,1.97
12,30,2010,1.42
12,31,2010,2.13
01,01,2011,2.94
