Id:,20101
Estación:,SALINA CRUZ-OAX
Posición:,16.1830555556N -95.2033333333W
Variable:,Temp Máxima (oC)
Fecha Inicial:,06/01/1968
Fecha Final:,02/01/1979
No Dato:,nan
Mes,Día,Anio,Datos
06,01,1968,35.8
06,02,1968,37.0
06,03,1968,34.0
06,04,1968,33.0
06,05,1968,32.8
06,06,1968,32.0
06,07,1968,33.2
06,08,1968,33.0
06,09,1968,32.5
06,10,1968,33.0
06,11,1968,32.8
06,12,1968,33.2
06,13,1968,37.8
06,14,1968,36.7
06,15,1968,36.7
06,16,1968,33.5
06,17,1968,34.5
06,18,1968,33.2
06,19,1968,26.0
06,20,1968,31.8
06,21,1968,30.0
06,22,1968,30.5
06,23,1968,32.4
06,24,1968,33.0
06,25,1968,32.4
06,26,1968,32.2
06,27,1968,34.3
06,28,1968,31.8
06,29,1968,32.8
06,30,1968,32.4
07,01,1968,35.0
07,02,1968,33.3
07,03,1968,33.8
07,04,1968,34.3
07,05,1968,32.6
07,06,1968,32.7
07,07,1968,32.0
07,08,1968,34.7
07,09,1968,36.0
07,10,1968,34.2
07,11,1968,35.2
07,12,1968,37.4
07,13,1968,33.2
07,14,1968,33.0
07,15,1968,35.3
07,16,1968,32.6
07,17,1968,34.8
07,18,1968,35.6
07,19,1968,35.2
07,20,1968,35.7
07,21,1968,34.6
07,22,1968,34.5
07,23,1968,35.7
07,24,1968,36.7
07,25,1968,36.0
07,26,1968,35.8
07,27,1968,36.7
07,28,1968,35.4
07,29,1968,35.2
07,30,1968,37.0
07,31,1968,35.8
08,01,1968,37.2
08,02,1968,34.3
08,03,1968,36.8
08,04,1968,34.8
08,05,1968,32.0
08,06,1968,33.3
08,07,1968,35.0
08,08,1968,35.4
08,09,1968,36.3
08,10,1968,36.5
08,11,1968,37.2
08,12,1968,36.8
08,13,1968,36.5
08,14,1968,29.4
08,15,1968,33.6
08,16,1968,34.8
08,17,1968,35.7
08,18,1968,33.6
08,19,1968,35.3
08,20,1968,34.4
08,21,1968,33.0
08,22,1968,32.0
08,23,1968,33.0
08,24,1968,33.8
08,25,1968,34.0
08,26,1968,34.5
08,27,1968,34.4
08,28,1968,35.4
08,29,1968,35.0
08,30,1968,33.3
08,31,1968,34.8
09,01,1968,35.0
09,02,1968,35.2
09,03,1968,33.0
09,04,1968,36.2
09,05,1968,35.4
09,06,1968,34.5
09,07,1968,35.6
09,08,1968,35.5
09,09,1968,32.0
09,10,1968,32.3
09,11,1968,30.8
09,12,1968,34.2
09,13,1968,34.8
09,14,1968,33.2
09,15,1968,32.0
09,16,1968,32.5
09,17,1968,35.2
09,18,1968,34.2
09,19,1968,34.4
09,20,1968,34.4
09,21,1968,34.0
09,22,1968,35.2
09,23,1968,34.4
09,24,1968,36.0
09,25,1968,34.7
09,26,1968,34.5
09,27,1968,35.1
09,28,1968,34.7
09,29,1968,35.8
09,30,1968,34.2
10,01,1968,34.0
10,02,1968,35.0
10,03,1968,36.5
10,04,1968,34.5
10,05,1968,32.5
10,06,1968,33.0
10,07,1968,33.2
10,08,1968,33.4
10,09,1968,33.6
10,10,1968,33.5
10,11,1968,34.0
10,12,1968,34.0
10,13,1968,35.2
10,14,1968,36.5
10,15,1968,35.0
10,16,1968,36.0
10,17,1968,33.8
10,18,1968,32.4
10,19,1968,31.6
10,20,1968,31.9
10,21,1968,35.2
10,22,1968,35.8
10,23,1968,33.4
10,24,1968,34.4
10,25,1968,33.0
10,26,1968,31.3
10,27,1968,32.4
10,28,1968,31.6
10,29,1968,30.6
10,30,1968,33.0
10,31,1968,33.0
11,01,1968,33.2
11,02,1968,34.3
11,03,1968,34.5
11,04,1968,34.2
11,05,1968,33.4
11,06,1968,32.0
11,07,1968,33.0
11,08,1968,35.6
11,09,1968,34.2
11,10,1968,30.6
11,11,1968,31.6
11,12,1968,28.5
11,13,1968,30.6
11,14,1968,32.2
11,15,1968,30.2
11,16,1968,30.5
11,17,1968,30.6
11,18,1968,31.5
11,19,1968,30.5
11,20,1968,29.5
11,21,1968,27.7
11,22,1968,30.6
11,23,1968,30.9
11,24,1968,31.7
11,25,1968,31.9
11,26,1968,32.0
11,27,1968,30.8
11,28,1968,34.2
11,29,1968,33.7
11,30,1968,31.2
12,01,1968,33.5
12,02,1968,31.8
12,03,1968,32.7
12,04,1968,31.6
12,05,1968,32.6
12,06,1968,32.7
12,07,1968,32.5
12,08,1968,32.2
12,09,1968,30.5
12,10,1968,31.2
12,11,1968,31.5
12,12,1968,33.4
12,13,1968,32.6
12,14,1968,30.5
12,15,1968,28.8
12,16,1968,28.8
12,17,1968,31.0
12,18,1968,28.4
12,19,1968,30.5
12,20,1968,33.5
12,21,1968,31.0
12,22,1968,32.2
12,23,1968,31.2
12,24,1968,29.3
12,25,1968,28.5
12,26,1968,30.6
12,27,1968,29.7
12,28,1968,31.5
12,29,1968,33.4
12,30,1968,35.0
12,31,1968,34.0
01,01,1969,31.2
01,02,1969,31.3
01,03,1969,31.1
01,04,1969,31.2
01,05,1969,29.8
01,06,1969,30.0
01,07,1969,30.0
01,08,1969,30.4
01,09,1969,30.7
01,10,1969,31.6
01,11,1969,30.5
01,12,1969,30.5
01,13,1969,30.7
01,14,1969,31.7
01,15,1969,33.0
01,16,1969,31.9
01,17,1969,31.0
01,18,1969,30.1
01,19,1969,32.0
01,20,1969,31.8
01,21,1969,30.0
01,22,1969,31.0
01,23,1969,30.0
01,24,1969,31.3
01,25,1969,32.6
01,26,1969,31.9
01,27,1969,32.7
01,28,1969,35.5
01,29,1969,35.4
01,30,1969,34.0
01,31,1969,33.5
02,01,1969,35.1
02,02,1969,32.4
02,03,1969,34.0
02,04,1969,30.3
02,05,1969,31.9
02,06,1969,30.4
02,07,1969,31.0
02,08,1969,31.0
02,09,1969,32.0
02,10,1969,31.8
02,11,1969,32.0
02,12,1969,32.0
02,13,1969,30.6
02,14,1969,30.8
02,15,1969,31.5
02,16,1969,34.8
02,17,1969,33.7
02,18,1969,34.0
02,19,1969,31.8
02,20,1969,34.1
02,21,1969,31.0
02,22,1969,31.5
02,23,1969,34.4
02,24,1969,33.5
02,25,1969,33.2
02,26,1969,34.1
02,27,1969,32.0
02,28,1969,null
03,01,1969,35.9
03,02,1969,32.0
03,03,1969,31.4
03,04,1969,29.6
03,05,1969,33.0
03,06,1969,32.4
03,07,1969,31.2
03,08,1969,31.5
03,09,1969,31.9
03,10,1969,32.5
03,11,1969,34.2
03,12,1969,31.5
03,13,1969,32.0
03,14,1969,34.4
03,15,1969,31.7
03,16,1969,31.9
03,17,1969,32.0
03,18,1969,30.9
03,19,1969,33.1
03,20,1969,34.9
03,21,1969,36.3
03,22,1969,34.4
03,23,1969,31.8
03,24,1969,33.6
03,25,1969,34.2
03,26,1969,34.4
03,27,1969,29.0
03,28,1969,32.5
03,29,1969,32.5
03,30,1969,31.6
03,31,1969,31.3
04,01,1969,37.6
04,02,1969,35.5
04,03,1969,34.0
04,04,1969,33.2
04,05,1969,33.2
04,06,1969,33.8
04,07,1969,35.4
04,08,1969,33.2
04,09,1969,33.4
04,10,1969,32.5
04,11,1969,32.0
04,12,1969,32.0
04,13,1969,32.4
04,14,1969,33.2
04,15,1969,32.4
04,16,1969,32.2
04,17,1969,32.0
04,18,1969,33.4
04,19,1969,36.5
04,20,1969,33.6
04,21,1969,35.4
04,22,1969,33.0
04,23,1969,34.0
04,24,1969,32.0
04,25,1969,34.2
04,26,1969,33.0
04,27,1969,33.4
04,28,1969,34.0
04,29,1969,37.4
04,30,1969,36.0
05,01,1969,33.5
05,02,1969,33.5
05,03,1969,33.1
05,04,1969,33.6
05,05,1969,33.8
05,06,1969,33.4
05,07,1969,34.0
05,08,1969,33.7
05,09,1969,38.0
05,10,1969,37.5
05,11,1969,34.9
05,12,1969,34.7
05,13,1969,35.2
05,14,1969,34.9
05,15,1969,34.6
05,16,1969,34.0
05,17,1969,33.2
05,18,1969,37.3
05,19,1969,38.4
05,20,1969,36.5
05,21,1969,36.8
05,22,1969,36.9
05,23,1969,36.7
05,24,1969,36.8
05,25,1969,36.3
05,26,1969,35.9
05,27,1969,37.0
05,28,1969,36.7
05,29,1969,36.0
05,30,1969,37.0
05,31,1969,34.8
06,01,1969,34.4
06,02,1969,34.9
06,03,1969,38.2
06,04,1969,38.7
06,05,1969,35.2
06,06,1969,36.1
06,07,1969,34.8
06,08,1969,34.5
06,09,1969,36.5
06,10,1969,36.8
06,11,1969,35.0
06,12,1969,34.3
06,13,1969,34.4
06,14,1969,36.4
06,15,1969,37.5
06,16,1969,37.0
06,17,1969,37.8
06,18,1969,34.2
06,19,1969,31.9
06,20,1969,32.3
06,21,1969,34.5
06,22,1969,30.2
06,23,1969,38.0
06,24,1969,34.6
06,25,1969,34.5
06,26,1969,33.0
06,27,1969,34.0
06,28,1969,38.9
06,29,1969,31.0
06,30,1969,34.6
07,01,1969,33.0
07,02,1969,32.8
07,03,1969,28.9
07,04,1969,31.5
07,05,1969,31.5
07,06,1969,33.5
07,07,1969,35.6
07,08,1969,35.7
07,09,1969,33.9
07,10,1969,34.5
07,11,1969,36.3
07,12,1969,34.8
07,13,1969,34.0
07,14,1969,34.5
07,15,1969,36.5
07,16,1969,36.6
07,17,1969,36.4
07,18,1969,35.5
07,19,1969,35.6
07,20,1969,36.0
07,21,1969,35.0
07,22,1969,36.0
07,23,1969,33.9
07,24,1969,35.0
07,25,1969,34.7
07,26,1969,34.8
07,27,1969,35.5
07,28,1969,36.0
07,29,1969,36.4
07,30,1969,36.7
07,31,1969,34.5
08,01,1969,34.9
08,02,1969,35.5
08,03,1969,35.0
08,04,1969,35.3
08,05,1969,33.5
08,06,1969,32.6
08,07,1969,32.8
08,08,1969,36.4
08,09,1969,33.7
08,10,1969,32.0
08,11,1969,31.2
08,12,1969,32.4
08,13,1969,33.2
08,14,1969,32.7
08,15,1969,32.5
08,16,1969,32.5
08,17,1969,32.6
08,18,1969,29.0
08,19,1969,30.0
08,20,1969,28.2
08,21,1969,30.0
08,22,1969,30.0
08,23,1969,31.2
08,24,1969,33.2
08,25,1969,34.5
08,26,1969,32.6
08,27,1969,33.0
08,28,1969,29.5
08,29,1969,31.0
08,30,1969,32.0
08,31,1969,32.1
09,01,1969,31.8
09,02,1969,33.8
09,03,1969,33.9
09,04,1969,32.5
09,05,1969,32.0
09,06,1969,30.0
09,07,1969,32.3
09,08,1969,34.7
09,09,1969,32.8
09,10,1969,32.6
09,11,1969,35.3
09,12,1969,34.2
09,13,1969,34.2
09,14,1969,34.5
09,15,1969,35.0
09,16,1969,35.6
09,17,1969,33.9
09,18,1969,34.8
09,19,1969,35.4
09,20,1969,33.9
09,21,1969,32.0
09,22,1969,33.5
09,23,1969,35.1
09,24,1969,32.2
09,25,1969,31.4
09,26,1969,30.2
09,27,1969,28.0
09,28,1969,34.2
09,29,1969,32.4
09,30,1969,33.9
10,01,1969,33.6
10,02,1969,32.0
10,03,1969,32.7
10,04,1969,32.8
10,05,1969,33.7
10,06,1969,32.4
10,07,1969,30.9
10,08,1969,31.0
10,09,1969,32.9
10,10,1969,32.9
10,11,1969,31.8
10,12,1969,31.3
10,13,1969,33.0
10,14,1969,32.5
10,15,1969,33.0
10,16,1969,34.5
10,17,1969,33.4
10,18,1969,34.2
10,19,1969,34.0
10,20,1969,35.4
10,21,1969,34.0
10,22,1969,35.0
10,23,1969,34.5
10,24,1969,34.0
10,25,1969,33.6
10,26,1969,34.2
10,27,1969,35.0
10,28,1969,35.6
10,29,1969,35.2
10,30,1969,34.5
10,31,1969,34.5
11,01,1969,34.6
11,02,1969,34.5
11,03,1969,34.8
11,04,1969,32.8
11,05,1969,34.6
11,06,1969,34.0
11,07,1969,34.0
11,08,1969,35.4
11,09,1969,32.4
11,10,1969,33.7
11,11,1969,33.4
11,12,1969,34.0
11,13,1969,34.0
11,14,1969,33.2
11,15,1969,34.0
11,16,1969,33.6
11,17,1969,35.0
11,18,1969,34.6
11,19,1969,35.4
11,20,1969,31.7
11,21,1969,35.0
11,22,1969,32.0
11,23,1969,33.2
11,24,1969,34.0
11,25,1969,35.5
11,26,1969,35.5
11,27,1969,34.0
11,28,1969,35.0
11,29,1969,34.2
11,30,1969,35.4
12,01,1969,33.0
12,02,1969,34.0
12,03,1969,33.6
12,04,1969,34.0
12,05,1969,32.4
12,06,1969,29.5
12,07,1969,29.4
12,08,1969,32.2
12,09,1969,31.8
12,10,1969,32.4
12,11,1969,32.4
12,12,1969,32.2
12,13,1969,33.8
12,14,1969,34.0
12,15,1969,32.5
12,16,1969,34.7
12,17,1969,34.5
12,18,1969,30.8
12,19,1969,32.4
12,20,1969,34.5
12,21,1969,31.2
12,22,1969,32.8
12,23,1969,31.4
12,24,1969,34.3
12,25,1969,33.8
12,26,1969,34.0
12,27,1969,33.8
12,28,1969,34.8
12,29,1969,35.0
12,30,1969,34.0
12,31,1969,34.2
01,01,1970,32.8
01,02,1970,35.0
01,03,1970,32.7
01,04,1970,31.8
01,05,1970,32.6
01,06,1970,32.5
01,07,1970,34.6
01,08,1970,35.4
01,09,1970,35.0
01,10,1970,35.4
01,11,1970,31.3
01,12,1970,33.4
01,13,1970,32.5
01,14,1970,32.2
01,15,1970,32.0
01,16,1970,33.0
01,17,1970,32.0
01,18,1970,32.2
01,19,1970,32.5
01,20,1970,34.0
01,21,1970,33.3
01,22,1970,33.5
01,23,1970,34.0
01,24,1970,35.2
01,25,1970,33.8
01,26,1970,32.0
01,27,1970,34.0
01,28,1970,32.7
01,29,1970,33.5
01,30,1970,32.0
01,31,1970,32.0
02,01,1970,30.4
02,02,1970,30.2
02,03,1970,34.2
02,04,1970,32.6
02,05,1970,31.0
02,06,1970,30.6
02,07,1970,29.5
02,08,1970,29.8
02,09,1970,30.0
02,10,1970,28.8
02,11,1970,32.0
02,12,1970,30.0
02,13,1970,30.0
02,14,1970,35.2
02,15,1970,31.5
02,16,1970,33.0
02,17,1970,30.4
02,18,1970,33.4
02,19,1970,31.2
02,20,1970,33.5
02,21,1970,35.4
02,22,1970,34.6
02,23,1970,34.5
02,24,1970,34.6
02,25,1970,34.9
02,26,1970,35.0
02,27,1970,34.0
02,28,1970,34.7
03,01,1970,34.6
03,02,1970,33.8
03,03,1970,31.8
03,04,1970,31.5
03,05,1970,32.2
03,06,1970,31.0
03,07,1970,32.2
03,08,1970,35.4
03,09,1970,31.8
03,10,1970,30.0
03,11,1970,31.3
03,12,1970,31.5
03,13,1970,31.2
03,14,1970,35.0
03,15,1970,29.8
03,16,1970,33.5
03,17,1970,31.2
03,18,1970,33.2
03,19,1970,33.0
03,20,1970,35.7
03,21,1970,35.8
03,22,1970,34.2
03,23,1970,35.0
03,24,1970,35.2
03,25,1970,33.4
03,26,1970,32.4
03,27,1970,34.0
03,28,1970,32.4
03,29,1970,32.5
03,30,1970,31.2
03,31,1970,31.6
04,01,1970,32.4
04,02,1970,35.4
04,03,1970,36.8
04,04,1970,33.8
04,05,1970,35.6
04,06,1970,34.0
04,07,1970,34.8
04,08,1970,37.0
04,09,1970,38.0
04,10,1970,33.0
04,11,1970,32.7
04,12,1970,32.8
04,13,1970,32.0
04,14,1970,33.5
04,15,1970,32.7
04,16,1970,33.6
04,17,1970,34.5
04,18,1970,36.6
04,19,1970,35.0
04,20,1970,34.1
04,21,1970,34.4
04,22,1970,35.0
04,23,1970,35.0
04,24,1970,35.0
04,25,1970,34.4
04,26,1970,32.8
04,27,1970,34.0
04,28,1970,33.8
04,29,1970,34.0
04,30,1970,34.2
05,01,1970,33.8
05,02,1970,37.8
05,03,1970,36.8
05,04,1970,33.8
05,05,1970,33.6
05,06,1970,34.0
05,07,1970,35.0
05,08,1970,37.0
05,09,1970,32.8
05,10,1970,32.7
05,11,1970,33.6
05,12,1970,34.8
05,13,1970,38.9
05,14,1970,35.4
05,15,1970,33.5
05,16,1970,33.0
05,17,1970,33.6
05,18,1970,35.2
05,19,1970,37.0
05,20,1970,38.4
05,21,1970,38.0
05,22,1970,36.5
05,23,1970,35.5
05,24,1970,34.6
05,25,1970,34.9
05,26,1970,34.5
05,27,1970,34.8
05,28,1970,34.2
05,29,1970,33.5
05,30,1970,33.8
05,31,1970,33.5
06,01,1970,34.5
06,02,1970,34.5
06,03,1970,34.2
06,04,1970,35.8
06,05,1970,36.9
06,06,1970,37.0
06,07,1970,36.2
06,08,1970,35.8
06,09,1970,36.5
06,10,1970,35.3
06,11,1970,34.5
06,12,1970,34.8
06,13,1970,34.2
06,14,1970,35.5
06,15,1970,35.0
06,16,1970,36.7
06,17,1970,36.8
06,18,1970,36.9
06,19,1970,36.0
06,20,1970,34.0
06,21,1970,34.4
06,22,1970,35.0
06,23,1970,36.5
06,24,1970,35.3
06,25,1970,34.4
06,26,1970,34.6
06,27,1970,35.5
06,28,1970,35.4
06,29,1970,35.5
06,30,1970,35.0
07,01,1970,35.4
07,02,1970,35.6
07,03,1970,34.5
07,04,1970,35.2
07,05,1970,35.7
07,06,1970,35.3
07,07,1970,36.0
07,08,1970,35.6
07,09,1970,36.2
07,10,1970,35.7
07,11,1970,35.4
07,12,1970,35.4
07,13,1970,32.8
07,14,1970,35.6
07,15,1970,35.0
07,16,1970,35.2
07,17,1970,34.4
07,18,1970,34.2
07,19,1970,34.6
07,20,1970,35.7
07,21,1970,36.0
07,22,1970,34.4
07,23,1970,33.8
07,24,1970,34.5
07,25,1970,35.3
07,26,1970,35.6
07,27,1970,34.2
07,28,1970,31.6
07,29,1970,33.0
07,30,1970,34.8
07,31,1970,35.5
08,01,1970,33.8
08,02,1970,34.4
08,03,1970,31.8
08,04,1970,33.2
08,05,1970,32.0
08,06,1970,32.6
08,07,1970,34.7
08,08,1970,34.5
08,09,1970,33.7
08,10,1970,34.2
08,11,1970,33.6
08,12,1970,34.8
08,13,1970,34.4
08,14,1970,36.2
08,15,1970,34.5
08,16,1970,34.4
08,17,1970,35.0
08,18,1970,35.7
08,19,1970,30.4
08,20,1970,34.7
08,21,1970,36.3
08,22,1970,36.0
08,23,1970,35.5
08,24,1970,36.8
08,25,1970,36.9
08,26,1970,36.5
08,27,1970,35.2
08,28,1970,34.0
08,29,1970,33.0
08,30,1970,28.4
08,31,1970,33.7
09,01,1970,33.7
09,02,1970,30.6
09,03,1970,33.4
09,04,1970,32.5
09,05,1970,33.8
09,06,1970,34.4
09,07,1970,30.6
09,08,1970,29.0
09,09,1970,30.4
09,10,1970,34.4
09,11,1970,34.2
09,12,1970,35.0
09,13,1970,33.4
09,14,1970,35.7
09,15,1970,35.9
09,16,1970,34.5
09,17,1970,35.4
09,18,1970,35.3
09,19,1970,34.5
09,20,1970,35.6
09,21,1970,36.5
09,22,1970,33.4
09,23,1970,31.2
09,24,1970,26.4
09,25,1970,31.0
09,26,1970,32.4
09,27,1970,34.5
09,28,1970,36.0
09,29,1970,34.0
09,30,1970,32.5
10,01,1970,33.5
10,02,1970,35.0
10,03,1970,34.0
10,04,1970,33.6
10,05,1970,35.3
10,06,1970,35.0
10,07,1970,36.3
10,08,1970,35.5
10,09,1970,35.4
10,10,1970,35.6
10,11,1970,35.4
10,12,1970,34.8
10,13,1970,35.7
10,14,1970,35.4
10,15,1970,34.2
10,16,1970,32.8
10,17,1970,32.4
10,18,1970,34.8
10,19,1970,34.5
10,20,1970,34.4
10,21,1970,34.8
10,22,1970,35.4
10,23,1970,33.8
10,24,1970,33.6
10,25,1970,31.0
10,26,1970,29.4
10,27,1970,27.7
10,28,1970,31.6
10,29,1970,29.2
10,30,1970,28.0
10,31,1970,31.2
11,01,1970,33.4
11,02,1970,33.8
11,03,1970,34.6
11,04,1970,34.4
11,05,1970,32.5
11,06,1970,30.2
11,07,1970,30.5
11,08,1970,32.2
11,09,1970,31.6
11,10,1970,31.3
11,11,1970,32.7
11,12,1970,32.0
11,13,1970,31.4
11,14,1970,32.6
11,15,1970,30.0
11,16,1970,28.8
11,17,1970,29.8
11,18,1970,32.4
11,19,1970,32.4
11,20,1970,32.4
11,21,1970,33.0
11,22,1970,32.0
11,23,1970,32.0
11,24,1970,32.8
11,25,1970,30.0
11,26,1970,31.6
11,27,1970,31.8
11,28,1970,32.4
11,29,1970,31.8
11,30,1970,32.5
12,01,1970,32.4
12,02,1970,31.8
12,03,1970,35.5
12,04,1970,32.6
12,05,1970,34.4
12,06,1970,35.5
12,07,1970,35.0
12,08,1970,35.4
12,09,1970,34.4
12,10,1970,35.6
12,11,1970,34.5
12,12,1970,33.6
12,13,1970,34.4
12,14,1970,32.0
12,15,1970,33.5
12,16,1970,31.2
12,17,1970,33.0
12,18,1970,34.2
12,19,1970,33.5
12,20,1970,34.5
12,21,1970,33.4
12,22,1970,32.0
12,23,1970,34.2
12,24,1970,34.5
12,25,1970,34.8
12,26,1970,35.0
12,27,1970,34.8
12,28,1970,34.0
12,29,1970,33.4
12,30,1970,34.0
12,31,1970,35.0
01,01,1971,34.4
01,02,1971,33.4
01,03,1971,34.8
01,04,1971,33.7
01,05,1971,34.4
01,06,1971,32.6
01,07,1971,29.5
01,08,1971,28.7
01,09,1971,31.2
01,10,1971,32.8
01,11,1971,33.6
01,12,1971,32.5
01,13,1971,34.0
01,14,1971,34.2
01,15,1971,33.2
01,16,1971,31.4
01,17,1971,31.2
01,18,1971,31.0
01,19,1971,31.2
01,20,1971,30.0
01,21,1971,32.0
01,22,1971,32.3
01,23,1971,32.5
01,24,1971,31.5
01,25,1971,36.2
01,26,1971,32.6
01,27,1971,33.5
01,28,1971,33.3
01,29,1971,34.0
01,30,1971,32.5
01,31,1971,31.4
02,01,1971,32.8
02,02,1971,31.6
02,03,1971,33.4
02,04,1971,31.6
02,05,1971,31.4
02,06,1971,31.4
02,07,1971,34.0
02,08,1971,32.2
02,09,1971,29.0
02,10,1971,29.4
02,11,1971,33.6
02,12,1971,31.4
02,13,1971,34.6
02,14,1971,32.0
02,15,1971,31.6
02,16,1971,35.2
02,17,1971,36.6
02,18,1971,35.7
02,19,1971,31.6
02,20,1971,31.7
02,21,1971,32.5
02,22,1971,33.2
02,23,1971,33.2
02,24,1971,31.8
02,25,1971,32.0
02,26,1971,33.0
02,27,1971,36.6
02,28,1971,36.2
03,01,1971,32.0
03,02,1971,31.6
03,03,1971,29.8
03,04,1971,35.4
03,05,1971,34.0
03,06,1971,31.4
03,07,1971,33.8
03,08,1971,29.6
03,09,1971,33.2
03,10,1971,33.4
03,11,1971,32.0
03,12,1971,29.6
03,13,1971,30.0
03,14,1971,31.8
03,15,1971,32.8
03,16,1971,35.2
03,17,1971,34.4
03,18,1971,36.4
03,19,1971,33.5
03,20,1971,31.2
03,21,1971,35.4
03,22,1971,34.2
03,23,1971,33.0
03,24,1971,31.8
03,25,1971,31.4
03,26,1971,32.5
03,27,1971,37.0
03,28,1971,35.4
03,29,1971,32.8
03,30,1971,34.0
03,31,1971,35.5
04,01,1971,36.9
04,02,1971,35.8
04,03,1971,33.6
04,04,1971,32.4
04,05,1971,32.8
04,06,1971,31.2
04,07,1971,28.5
04,08,1971,28.6
04,09,1971,30.2
04,10,1971,31.6
04,11,1971,35.4
04,12,1971,35.0
04,13,1971,34.0
04,14,1971,34.8
04,15,1971,36.3
04,16,1971,34.2
04,17,1971,33.5
04,18,1971,34.2
04,19,1971,33.6
04,20,1971,32.5
04,21,1971,33.4
04,22,1971,31.7
04,23,1971,32.4
04,24,1971,32.0
04,25,1971,33.6
04,26,1971,35.5
04,27,1971,34.2
04,28,1971,34.5
04,29,1971,34.7
04,30,1971,34.8
05,01,1971,36.4
05,02,1971,37.4
05,03,1971,36.8
05,04,1971,37.0
05,05,1971,34.0
05,06,1971,32.0
05,07,1971,33.0
05,08,1971,33.8
05,09,1971,34.0
05,10,1971,34.9
05,11,1971,35.0
05,12,1971,34.4
05,13,1971,35.7
05,14,1971,35.5
05,15,1971,35.6
05,16,1971,37.2
05,17,1971,38.0
05,18,1971,34.0
05,19,1971,34.5
05,20,1971,37.2
05,21,1971,35.0
05,22,1971,33.8
05,23,1971,32.5
05,24,1971,34.4
05,25,1971,34.5
05,26,1971,33.8
05,27,1971,37.0
05,28,1971,36.2
05,29,1971,35.2
05,30,1971,34.9
05,31,1971,34.6
06,01,1971,35.4
06,02,1971,37.0
06,03,1971,37.0
06,04,1971,37.2
06,05,1971,36.5
06,06,1971,37.2
06,07,1971,37.0
06,08,1971,35.5
06,09,1971,35.4
06,10,1971,34.0
06,11,1971,33.2
06,12,1971,33.6
06,13,1971,35.2
06,14,1971,36.4
06,15,1971,34.0
06,16,1971,27.4
06,17,1971,35.7
06,18,1971,34.0
06,19,1971,34.4
06,20,1971,34.0
06,21,1971,34.3
06,22,1971,34.0
06,23,1971,34.8
06,24,1971,35.2
06,25,1971,33.8
06,26,1971,34.0
06,27,1971,33.7
06,28,1971,34.0
06,29,1971,34.0
06,30,1971,33.4
07,01,1971,34.2
07,02,1971,34.7
07,03,1971,34.3
07,04,1971,35.7
07,05,1971,34.4
07,06,1971,34.5
07,07,1971,35.6
07,08,1971,36.2
07,09,1971,36.0
07,10,1971,35.4
07,11,1971,35.3
07,12,1971,36.0
07,13,1971,35.3
07,14,1971,35.2
07,15,1971,35.6
07,16,1971,36.4
07,17,1971,35.0
07,18,1971,33.4
07,19,1971,34.0
07,20,1971,36.2
07,21,1971,34.8
07,22,1971,35.4
07,23,1971,37.2
07,24,1971,34.4
07,25,1971,34.6
07,26,1971,35.0
07,27,1971,33.3
07,28,1971,35.5
07,29,1971,35.6
07,30,1971,36.4
07,31,1971,35.0
08,01,1971,34.7
08,02,1971,35.2
08,03,1971,35.5
08,04,1971,32.4
08,05,1971,34.6
08,06,1971,34.2
08,07,1971,35.2
08,08,1971,35.5
08,09,1971,32.4
08,10,1971,35.0
08,11,1971,35.4
08,12,1971,34.0
08,13,1971,33.0
08,14,1971,32.0
08,15,1971,33.8
08,16,1971,35.0
08,17,1971,35.4
08,18,1971,35.6
08,19,1971,35.4
08,20,1971,35.2
08,21,1971,36.0
08,22,1971,37.0
08,23,1971,36.0
08,24,1971,35.6
08,25,1971,34.5
08,26,1971,31.8
08,27,1971,32.4
08,28,1971,33.5
08,29,1971,33.5
08,30,1971,34.0
08,31,1971,33.0
09,01,1971,34.0
09,02,1971,35.2
09,03,1971,34.5
09,04,1971,35.2
09,05,1971,34.6
09,06,1971,33.4
09,07,1971,34.4
09,08,1971,32.8
09,09,1971,28.6
09,10,1971,30.6
09,11,1971,32.8
09,12,1971,34.6
09,13,1971,34.0
09,14,1971,35.0
09,15,1971,34.7
09,16,1971,38.0
09,17,1971,33.6
09,18,1971,33.7
09,19,1971,34.0
09,20,1971,34.2
09,21,1971,33.5
09,22,1971,35.2
09,23,1971,35.0
09,24,1971,34.8
09,25,1971,34.6
09,26,1971,33.6
09,27,1971,35.2
09,28,1971,34.7
09,29,1971,34.4
09,30,1971,34.5
10,01,1971,33.0
10,02,1971,32.4
10,03,1971,32.5
10,04,1971,32.5
10,05,1971,33.4
10,06,1971,34.0
10,07,1971,33.0
10,08,1971,32.0
10,09,1971,34.2
10,10,1971,33.8
10,11,1971,32.7
10,12,1971,33.4
10,13,1971,34.2
10,14,1971,34.2
10,15,1971,35.0
10,16,1971,34.8
10,17,1971,35.0
10,18,1971,34.8
10,19,1971,35.7
10,20,1971,34.2
10,21,1971,34.8
10,22,1971,33.6
10,23,1971,33.5
10,24,1971,33.7
10,25,1971,34.2
10,26,1971,34.6
10,27,1971,32.8
10,28,1971,34.4
10,29,1971,35.0
10,30,1971,34.2
10,31,1971,34.5
11,01,1971,33.9
11,02,1971,35.0
11,03,1971,35.5
11,04,1971,34.4
11,05,1971,34.7
11,06,1971,34.0
11,07,1971,34.0
11,08,1971,33.5
11,09,1971,33.4
11,10,1971,33.0
11,11,1971,32.0
11,12,1971,31.8
11,13,1971,31.6
11,14,1971,32.4
11,15,1971,34.0
11,16,1971,34.8
11,17,1971,35.6
11,18,1971,34.2
11,19,1971,34.0
11,20,1971,33.0
11,21,1971,33.6
11,22,1971,33.4
11,23,1971,31.6
11,24,1971,34.4
11,25,1971,34.5
11,26,1971,34.2
11,27,1971,34.2
11,28,1971,33.8
11,29,1971,32.4
11,30,1971,32.6
12,01,1971,35.0
12,02,1971,35.3
12,03,1971,34.7
12,04,1971,34.0
12,05,1971,32.0
12,06,1971,33.4
12,07,1971,33.3
12,08,1971,34.0
12,09,1971,33.0
12,10,1971,32.6
12,11,1971,34.0
12,12,1971,33.4
12,13,1971,33.5
12,14,1971,32.6
12,15,1971,32.7
12,16,1971,34.2
12,17,1971,33.6
12,18,1971,31.0
12,19,1971,31.6
12,20,1971,32.4
12,21,1971,32.4
12,22,1971,31.4
12,23,1971,30.8
12,24,1971,30.5
12,25,1971,30.4
12,26,1971,32.4
12,27,1971,33.8
12,28,1971,33.6
12,29,1971,34.2
12,30,1971,34.5
12,31,1971,32.2
01,01,1972,33.4
01,02,1972,32.5
01,03,1972,33.2
01,04,1972,32.8
01,05,1972,31.2
01,06,1972,31.5
01,07,1972,31.2
01,08,1972,32.2
01,09,1972,34.2
01,10,1972,32.4
01,11,1972,34.4
01,12,1972,35.0
01,13,1972,32.5
01,14,1972,32.8
01,15,1972,30.6
01,16,1972,29.0
01,17,1972,31.5
01,18,1972,32.6
01,19,1972,33.7
01,20,1972,34.8
01,21,1972,32.2
01,22,1972,31.9
01,23,1972,32.0
01,24,1972,32.8
01,25,1972,34.8
01,26,1972,33.2
01,27,1972,33.2
01,28,1972,33.6
01,29,1972,34.4
01,30,1972,33.6
01,31,1972,34.2
02,01,1972,32.2
02,02,1972,32.8
02,03,1972,22.8
02,04,1972,29.0
02,05,1972,30.6
02,06,1972,34.0
02,07,1972,31.4
02,08,1972,31.5
02,09,1972,31.4
02,10,1972,33.4
02,11,1972,33.2
02,12,1972,34.4
02,13,1972,34.2
02,14,1972,34.0
02,15,1972,32.6
02,16,1972,34.0
02,17,1972,32.5
02,18,1972,32.2
02,19,1972,30.4
02,20,1972,29.6
02,21,1972,29.7
02,22,1972,30.3
02,23,1972,31.6
02,24,1972,33.0
02,25,1972,31.9
02,26,1972,33.4
02,27,1972,34.8
02,28,1972,34.6
02,29,1972,34.4
03,01,1972,32.4
03,02,1972,33.4
03,03,1972,35.0
03,04,1972,33.4
03,05,1972,32.8
03,06,1972,35.0
03,07,1972,36.6
03,08,1972,38.0
03,09,1972,34.0
03,10,1972,34.4
03,11,1972,34.2
03,12,1972,34.4
03,13,1972,34.9
03,14,1972,35.0
03,15,1972,36.5
03,16,1972,34.5
03,17,1972,35.8
03,18,1972,33.6
03,19,1972,35.2
03,20,1972,34.5
03,21,1972,34.0
03,22,1972,36.6
03,23,1972,36.6
03,24,1972,36.0
03,25,1972,35.0
03,26,1972,36.5
03,27,1972,33.4
03,28,1972,34.0
03,29,1972,34.0
03,30,1972,33.4
03,31,1972,33.0
04,01,1972,34.8
04,02,1972,34.3
04,03,1972,35.0
04,04,1972,37.0
04,05,1972,36.7
04,06,1972,38.0
04,07,1972,36.6
04,08,1972,35.6
04,09,1972,35.4
04,10,1972,38.4
04,11,1972,40.2
04,12,1972,39.2
04,13,1972,35.6
04,14,1972,35.6
04,15,1972,35.8
04,16,1972,36.4
04,17,1972,38.0
04,18,1972,38.6
04,19,1972,36.6
04,20,1972,35.9
04,21,1972,35.4
04,22,1972,35.2
04,23,1972,34.0
04,24,1972,36.6
04,25,1972,34.0
04,26,1972,36.8
04,27,1972,36.7
04,28,1972,36.5
04,29,1972,36.2
04,30,1972,38.2
05,01,1972,39.5
05,02,1972,36.8
05,03,1972,35.8
05,04,1972,36.2
05,05,1972,37.9
05,06,1972,36.4
05,07,1972,35.6
05,08,1972,35.6
05,09,1972,39.0
05,10,1972,35.6
05,11,1972,36.4
05,12,1972,36.2
05,13,1972,34.8
05,14,1972,34.6
05,15,1972,33.6
05,16,1972,32.4
05,17,1972,35.8
05,18,1972,35.2
05,19,1972,38.0
05,20,1972,37.0
05,21,1972,36.4
05,22,1972,36.2
05,23,1972,35.8
05,24,1972,34.8
05,25,1972,33.5
05,26,1972,37.8
05,27,1972,37.2
05,28,1972,37.5
05,29,1972,37.8
05,30,1972,36.8
05,31,1972,37.0
06,01,1972,34.8
06,02,1972,36.6
06,03,1972,36.8
06,04,1972,36.2
06,05,1972,36.5
06,06,1972,37.0
06,07,1972,35.0
06,08,1972,34.4
06,09,1972,33.2
06,10,1972,30.6
06,11,1972,29.4
06,12,1972,30.5
06,13,1972,34.4
06,14,1972,32.4
06,15,1972,32.4
06,16,1972,32.0
06,17,1972,34.6
06,18,1972,34.5
06,19,1972,34.8
06,20,1972,34.5
06,21,1972,34.8
06,22,1972,34.5
06,23,1972,34.4
06,24,1972,35.0
06,25,1972,34.4
06,26,1972,33.6
06,27,1972,36.6
06,28,1972,36.6
06,29,1972,36.7
06,30,1972,35.0
07,01,1972,35.4
07,02,1972,37.0
07,03,1972,38.0
07,04,1972,37.0
07,05,1972,36.6
07,06,1972,36.8
07,07,1972,35.5
07,08,1972,35.8
07,09,1972,35.8
07,10,1972,34.4
07,11,1972,33.4
07,12,1972,36.7
07,13,1972,36.5
07,14,1972,35.8
07,15,1972,37.6
07,16,1972,38.8
07,17,1972,38.0
07,18,1972,37.6
07,19,1972,37.2
07,20,1972,38.5
07,21,1972,35.8
07,22,1972,38.0
07,23,1972,38.2
07,24,1972,36.6
07,25,1972,37.2
07,26,1972,36.0
07,27,1972,36.0
07,28,1972,34.8
07,29,1972,35.5
07,30,1972,36.2
07,31,1972,35.0
08,01,1972,36.2
08,02,1972,36.4
08,03,1972,37.4
08,04,1972,36.6
08,05,1972,36.0
08,06,1972,35.2
08,07,1972,36.6
08,08,1972,36.4
08,09,1972,36.8
08,10,1972,37.2
08,11,1972,36.8
08,12,1972,34.8
08,13,1972,36.2
08,14,1972,36.4
08,15,1972,35.5
08,16,1972,35.5
08,17,1972,36.7
08,18,1972,36.9
08,19,1972,36.4
08,20,1972,35.6
08,21,1972,34.5
08,22,1972,37.0
08,23,1972,35.2
08,24,1972,32.5
08,25,1972,34.2
08,26,1972,34.4
08,27,1972,35.2
08,28,1972,36.0
08,29,1972,36.2
08,30,1972,35.5
08,31,1972,36.7
09,01,1972,36.9
09,02,1972,36.7
09,03,1972,37.0
09,04,1972,37.2
09,05,1972,36.8
09,06,1972,37.7
09,07,1972,37.4
09,08,1972,37.5
09,09,1972,37.0
09,10,1972,36.6
09,11,1972,37.2
09,12,1972,36.6
09,13,1972,36.7
09,14,1972,35.8
09,15,1972,37.0
09,16,1972,37.0
09,17,1972,35.0
09,18,1972,37.0
09,19,1972,36.6
09,20,1972,37.0
09,21,1972,37.2
09,22,1972,37.0
09,23,1972,37.0
09,24,1972,36.7
09,25,1972,36.3
09,26,1972,36.5
09,27,1972,36.8
09,28,1972,35.8
09,29,1972,35.5
09,30,1972,35.7
10,01,1972,36.5
10,02,1972,34.6
10,03,1972,34.8
10,04,1972,33.6
10,05,1972,36.2
10,06,1972,37.0
10,07,1972,36.5
10,08,1972,36.2
10,09,1972,37.0
10,10,1972,36.5
10,11,1972,34.8
10,12,1972,35.4
10,13,1972,35.6
10,14,1972,36.6
10,15,1972,36.0
10,16,1972,35.8
10,17,1972,36.5
10,18,1972,36.8
10,19,1972,36.6
10,20,1972,36.0
10,21,1972,36.0
10,22,1972,36.2
10,23,1972,37.0
10,24,1972,37.0
10,25,1972,36.5
10,26,1972,36.0
10,27,1972,34.4
10,28,1972,35.5
10,29,1972,37.4
10,30,1972,34.8
10,31,1972,35.0
11,01,1972,35.2
11,02,1972,33.6
11,03,1972,32.4
11,04,1972,36.4
11,05,1972,36.5
11,06,1972,36.4
11,07,1972,36.5
11,08,1972,34.5
11,09,1972,35.2
11,10,1972,36.0
11,11,1972,35.7
11,12,1972,34.4
11,13,1972,33.8
11,14,1972,34.5
11,15,1972,35.2
11,16,1972,35.7
11,17,1972,36.4
11,18,1972,34.2
11,19,1972,34.5
11,20,1972,35.2
11,21,1972,35.7
11,22,1972,34.0
11,23,1972,31.6
11,24,1972,35.0
11,25,1972,33.6
11,26,1972,31.6
11,27,1972,35.0
11,28,1972,34.0
11,29,1972,33.6
11,30,1972,34.0
12,01,1972,31.6
12,02,1972,33.7
12,03,1972,34.6
12,04,1972,36.0
12,05,1972,34.0
12,06,1972,33.6
12,07,1972,34.6
12,08,1972,35.6
12,09,1972,35.6
12,10,1972,35.0
12,11,1972,34.0
12,12,1972,35.5
12,13,1972,34.6
12,14,1972,34.0
12,15,1972,34.4
12,16,1972,26.6
12,17,1972,28.7
12,18,1972,29.5
12,19,1972,31.2
12,20,1972,33.2
12,21,1972,32.8
12,22,1972,28.2
12,23,1972,31.8
12,24,1972,30.6
12,25,1972,30.4
12,26,1972,30.0
12,27,1972,29.6
12,28,1972,33.4
12,29,1972,31.4
12,30,1972,31.4
12,31,1972,32.2
01,01,1973,34.5
01,02,1973,34.2
01,03,1973,35.0
01,04,1973,34.5
01,05,1973,35.5
01,06,1973,35.5
01,07,1973,34.2
01,08,1973,34.0
01,09,1973,32.6
01,10,1973,32.2
01,11,1973,32.6
01,12,1973,28.2
01,13,1973,25.5
01,14,1973,27.8
01,15,1973,28.0
01,16,1973,29.8
01,17,1973,32.7
01,18,1973,32.9
01,19,1973,33.7
01,20,1973,30.9
01,21,1973,30.7
01,22,1973,32.0
01,23,1973,31.6
01,24,1973,32.2
01,25,1973,33.7
01,26,1973,33.2
01,27,1973,33.6
01,28,1973,27.1
01,29,1973,29.6
01,30,1973,26.6
01,31,1973,31.6
02,01,1973,31.2
02,02,1973,31.4
02,03,1973,28.8
02,04,1973,28.6
02,05,1973,31.7
02,06,1973,33.6
02,07,1973,34.5
02,08,1973,32.0
02,09,1973,30.0
02,10,1973,25.0
02,11,1973,29.2
02,12,1973,31.0
02,13,1973,32.0
02,14,1973,31.6
02,15,1973,32.6
02,16,1973,32.6
02,17,1973,34.5
02,18,1973,32.8
02,19,1973,30.6
02,20,1973,33.4
02,21,1973,31.8
02,22,1973,34.6
02,23,1973,32.7
02,24,1973,32.8
02,25,1973,33.4
02,26,1973,34.2
02,27,1973,32.6
02,28,1973,31.6
03,01,1973,35.6
03,02,1973,34.8
03,03,1973,34.2
03,04,1973,34.0
03,05,1973,33.7
03,06,1973,33.0
03,07,1973,33.0
03,08,1973,32.0
03,09,1973,33.8
03,10,1973,33.4
03,11,1973,33.4
03,12,1973,34.7
03,13,1973,33.6
03,14,1973,33.4
03,15,1973,34.0
03,16,1973,34.3
03,17,1973,29.6
03,18,1973,35.2
03,19,1973,32.6
03,20,1973,34.0
03,21,1973,33.2
03,22,1973,33.8
03,23,1973,32.7
03,24,1973,31.8
03,25,1973,32.4
03,26,1973,34.0
03,27,1973,34.2
03,28,1973,33.8
03,29,1973,33.9
03,30,1973,34.2
03,31,1973,33.2
04,01,1973,34.4
04,02,1973,34.7
04,03,1973,35.0
04,04,1973,32.0
04,05,1973,32.0
04,06,1973,32.4
04,07,1973,32.8
04,08,1973,33.0
04,09,1973,35.2
04,10,1973,32.6
04,11,1973,34.2
04,12,1973,35.6
04,13,1973,36.2
04,14,1973,37.4
04,15,1973,36.0
04,16,1973,35.0
04,17,1973,31.8
04,18,1973,34.5
04,19,1973,33.8
04,20,1973,34.4
04,21,1973,34.6
04,22,1973,34.5
04,23,1973,34.0
04,24,1973,32.7
04,25,1973,33.8
04,26,1973,33.3
04,27,1973,36.4
04,28,1973,33.4
04,29,1973,34.5
04,30,1973,35.2
05,01,1973,34.6
05,02,1973,34.6
05,03,1973,38.0
05,04,1973,36.4
05,05,1973,35.6
05,06,1973,34.2
05,07,1973,34.8
05,08,1973,33.6
05,09,1973,35.4
05,10,1973,35.8
05,11,1973,36.8
05,12,1973,34.5
05,13,1973,34.0
05,14,1973,36.6
05,15,1973,35.2
05,16,1973,34.4
05,17,1973,35.2
05,18,1973,36.0
05,19,1973,32.8
05,20,1973,34.5
05,21,1973,34.0
05,22,1973,34.6
05,23,1973,33.4
05,24,1973,34.8
05,25,1973,33.6
05,26,1973,34.6
05,27,1973,36.0
05,28,1973,34.0
05,29,1973,36.2
05,30,1973,33.4
05,31,1973,32.8
06,01,1973,31.7
06,02,1973,33.7
06,03,1973,34.2
06,04,1973,33.8
06,05,1973,37.2
06,06,1973,36.4
06,07,1973,36.2
06,08,1973,37.8
06,09,1973,37.3
06,10,1973,38.0
06,11,1973,35.0
06,12,1973,35.6
06,13,1973,32.6
06,14,1973,34.7
06,15,1973,33.5
06,16,1973,35.2
06,17,1973,34.8
06,18,1973,35.0
06,19,1973,33.4
06,20,1973,32.6
06,21,1973,33.4
06,22,1973,33.4
06,23,1973,33.0
06,24,1973,33.4
06,25,1973,33.6
06,26,1973,32.0
06,27,1973,30.4
06,28,1973,32.4
06,29,1973,34.0
06,30,1973,33.4
07,01,1973,33.2
07,02,1973,33.2
07,03,1973,34.5
07,04,1973,34.0
07,05,1973,35.4
07,06,1973,34.4
07,07,1973,35.0
07,08,1973,36.2
07,09,1973,36.4
07,10,1973,35.3
07,11,1973,36.2
07,12,1973,36.6
07,13,1973,37.0
07,14,1973,37.4
07,15,1973,36.0
07,16,1973,37.2
07,17,1973,36.6
07,18,1973,36.5
07,19,1973,36.7
07,20,1973,36.0
07,21,1973,33.7
07,22,1973,31.0
07,23,1973,33.2
07,24,1973,34.0
07,25,1973,32.4
07,26,1973,32.4
07,27,1973,32.2
07,28,1973,34.4
07,29,1973,35.2
07,30,1973,34.5
07,31,1973,34.7
08,01,1973,33.4
08,02,1973,34.7
08,03,1973,35.4
08,04,1973,34.5
08,05,1973,34.8
08,06,1973,34.7
08,07,1973,35.5
08,08,1973,34.6
08,09,1973,36.2
08,10,1973,35.6
08,11,1973,33.0
08,12,1973,35.6
08,13,1973,32.6
08,14,1973,35.0
08,15,1973,36.0
08,16,1973,36.6
08,17,1973,36.0
08,18,1973,35.4
08,19,1973,36.6
08,20,1973,36.3
08,21,1973,33.4
08,22,1973,32.6
08,23,1973,31.0
08,24,1973,34.4
08,25,1973,34.0
08,26,1973,28.8
08,27,1973,33.6
08,28,1973,34.7
08,29,1973,34.2
08,30,1973,35.0
08,31,1973,35.8
09,01,1973,28.8
09,02,1973,28.0
09,03,1973,34.0
09,04,1973,28.2
09,05,1973,28.8
09,06,1973,29.8
09,07,1973,28.2
09,08,1973,29.7
09,09,1973,28.6
09,10,1973,31.8
09,11,1973,32.4
09,12,1973,33.2
09,13,1973,34.0
09,14,1973,34.0
09,15,1973,32.6
09,16,1973,32.8
09,17,1973,33.6
09,18,1973,34.4
09,19,1973,34.0
09,20,1973,34.2
09,21,1973,33.7
09,22,1973,33.6
09,23,1973,35.7
09,24,1973,34.0
09,25,1973,34.0
09,26,1973,34.4
09,27,1973,34.0
09,28,1973,34.4
09,29,1973,35.0
09,30,1973,34.8
10,01,1973,34.8
10,02,1973,35.2
10,03,1973,35.6
10,04,1973,35.0
10,05,1973,34.8
10,06,1973,34.5
10,07,1973,34.2
10,08,1973,32.4
10,09,1973,27.0
10,10,1973,26.6
10,11,1973,28.2
10,12,1973,30.0
10,13,1973,31.4
10,14,1973,34.0
10,15,1973,34.5
10,16,1973,34.0
10,17,1973,34.0
10,18,1973,33.0
10,19,1973,33.0
10,20,1973,33.6
10,21,1973,33.4
10,22,1973,33.2
10,23,1973,33.8
10,24,1973,34.4
10,25,1973,34.5
10,26,1973,33.8
10,27,1973,32.6
10,28,1973,32.3
10,29,1973,33.7
10,30,1973,34.6
10,31,1973,34.2
11,01,1973,34.8
11,02,1973,36.0
11,03,1973,36.4
11,04,1973,35.4
11,05,1973,34.8
11,06,1973,34.0
11,07,1973,34.4
11,08,1973,34.6
11,09,1973,34.8
11,10,1973,32.8
11,11,1973,33.2
11,12,1973,32.7
11,13,1973,33.8
11,14,1973,34.4
11,15,1973,34.0
11,16,1973,34.0
11,17,1973,34.0
11,18,1973,34.8
11,19,1973,34.4
11,20,1973,32.8
11,21,1973,34.0
11,22,1973,35.4
11,23,1973,32.8
11,24,1973,32.4
11,25,1973,33.9
11,26,1973,31.4
11,27,1973,33.4
11,28,1973,34.0
11,29,1973,27.4
11,30,1973,30.2
12,01,1973,30.0
12,02,1973,33.0
12,03,1973,32.8
12,04,1973,29.8
12,05,1973,32.0
12,06,1973,33.4
12,07,1973,32.0
12,08,1973,28.0
12,09,1973,29.4
12,10,1973,28.4
12,11,1973,29.0
12,12,1973,30.0
12,13,1973,32.0
12,14,1973,29.4
12,15,1973,27.8
12,16,1973,29.2
12,17,1973,27.4
12,18,1973,30.4
12,19,1973,28.5
12,20,1973,26.8
12,21,1973,25.0
12,22,1973,28.4
12,23,1973,28.2
12,24,1973,28.4
12,25,1973,30.0
12,26,1973,32.4
12,27,1973,32.0
12,28,1973,32.6
12,29,1973,33.0
12,30,1973,30.7
12,31,1973,30.0
01,01,1974,32.2
01,02,1974,32.8
01,03,1974,34.0
01,04,1974,31.7
01,05,1974,32.4
01,06,1974,33.8
01,07,1974,34.2
01,08,1974,33.8
01,09,1974,34.2
01,10,1974,35.0
01,11,1974,34.0
01,12,1974,33.4
01,13,1974,32.4
01,14,1974,32.2
01,15,1974,32.3
01,16,1974,32.0
01,17,1974,32.5
01,18,1974,32.0
01,19,1974,31.8
01,20,1974,31.7
01,21,1974,34.0
01,22,1974,35.0
01,23,1974,33.0
01,24,1974,33.5
01,25,1974,34.7
01,26,1974,34.0
01,27,1974,34.0
01,28,1974,33.3
01,29,1974,34.4
01,30,1974,34.0
01,31,1974,34.6
02,01,1974,34.4
02,02,1974,32.4
02,03,1974,33.8
02,04,1974,33.4
02,05,1974,33.5
02,06,1974,32.0
02,07,1974,32.4
02,08,1974,32.7
02,09,1974,27.5
02,10,1974,27.0
02,11,1974,28.4
02,12,1974,31.0
02,13,1974,34.2
02,14,1974,30.8
02,15,1974,31.2
02,16,1974,34.4
02,17,1974,33.0
02,18,1974,31.6
02,19,1974,32.6
02,20,1974,33.6
02,21,1974,33.4
02,22,1974,30.8
02,23,1974,31.6
02,24,1974,32.4
02,25,1974,29.8
02,26,1974,27.4
02,27,1974,29.6
02,28,1974,31.0
03,01,1974,30.6
03,02,1974,33.6
03,03,1974,36.4
03,04,1974,33.5
03,05,1974,32.6
03,06,1974,33.0
03,07,1974,33.8
03,08,1974,34.0
03,09,1974,33.0
03,10,1974,34.5
03,11,1974,35.8
03,12,1974,33.8
03,13,1974,36.6
03,14,1974,36.4
03,15,1974,35.7
03,16,1974,34.2
03,17,1974,32.8
03,18,1974,35.5
03,19,1974,32.2
03,20,1974,32.2
03,21,1974,33.2
03,22,1974,33.3
03,23,1974,32.6
03,24,1974,32.5
03,25,1974,34.2
03,26,1974,34.8
03,27,1974,35.0
03,28,1974,33.6
03,29,1974,32.0
03,30,1974,34.0
03,31,1974,33.6
04,01,1974,33.2
04,02,1974,33.4
04,03,1974,33.6
04,04,1974,33.0
04,05,1974,33.2
04,06,1974,31.2
04,07,1974,36.2
04,08,1974,33.0
04,09,1974,36.2
04,10,1974,37.4
04,11,1974,31.2
04,12,1974,31.8
04,13,1974,32.6
04,14,1974,33.6
04,15,1974,37.0
04,16,1974,36.4
04,17,1974,34.6
04,18,1974,35.6
04,19,1974,37.0
04,20,1974,36.2
04,21,1974,35.2
04,22,1974,35.8
04,23,1974,37.5
04,24,1974,36.4
04,25,1974,35.2
04,26,1974,35.2
04,27,1974,35.6
04,28,1974,36.2
04,29,1974,37.2
04,30,1974,34.4
05,01,1974,34.0
05,02,1974,34.4
05,03,1974,34.0
05,04,1974,33.0
05,05,1974,31.4
05,06,1974,33.6
05,07,1974,34.2
05,08,1974,34.3
05,09,1974,34.6
05,10,1974,33.2
05,11,1974,33.8
05,12,1974,35.0
05,13,1974,34.8
05,14,1974,34.6
05,15,1974,34.8
05,16,1974,35.4
05,17,1974,34.5
05,18,1974,35.5
05,19,1974,36.0
05,20,1974,34.6
05,21,1974,34.2
05,22,1974,35.6
05,23,1974,35.7
05,24,1974,35.8
05,25,1974,33.4
05,26,1974,34.6
05,27,1974,35.0
05,28,1974,36.6
05,29,1974,35.2
05,30,1974,34.0
05,31,1974,30.2
06,01,1974,33.2
06,02,1974,34.5
06,03,1974,36.0
06,04,1974,37.4
06,05,1974,35.0
06,06,1974,33.8
06,07,1974,34.0
06,08,1974,32.8
06,09,1974,29.8
06,10,1974,34.6
06,11,1974,35.3
06,12,1974,35.6
06,13,1974,35.0
06,14,1974,30.0
06,15,1974,28.0
06,16,1974,26.0
06,17,1974,28.0
06,18,1974,28.6
06,19,1974,29.0
06,20,1974,30.6
06,21,1974,28.6
06,22,1974,26.5
06,23,1974,28.5
06,24,1974,28.0
06,25,1974,34.3
06,26,1974,31.0
06,27,1974,33.0
06,28,1974,33.3
06,29,1974,34.2
06,30,1974,35.5
07,01,1974,32.6
07,02,1974,25.0
07,03,1974,31.4
07,04,1974,32.2
07,05,1974,33.6
07,06,1974,32.8
07,07,1974,33.2
07,08,1974,33.8
07,09,1974,32.6
07,10,1974,33.4
07,11,1974,32.8
07,12,1974,33.6
07,13,1974,31.6
07,14,1974,27.4
07,15,1974,31.0
07,16,1974,31.4
07,17,1974,31.8
07,18,1974,32.4
07,19,1974,31.6
07,20,1974,31.0
07,21,1974,32.6
07,22,1974,34.4
07,23,1974,33.0
07,24,1974,34.0
07,25,1974,34.6
07,26,1974,34.4
07,27,1974,34.0
07,28,1974,34.2
07,29,1974,35.0
07,30,1974,32.0
07,31,1974,35.0
08,01,1974,34.5
08,02,1974,34.8
08,03,1974,35.0
08,04,1974,34.5
08,05,1974,34.7
08,06,1974,36.0
08,07,1974,36.7
08,08,1974,36.5
08,09,1974,35.0
08,10,1974,36.0
08,11,1974,34.5
08,12,1974,35.4
08,13,1974,36.0
08,14,1974,36.4
08,15,1974,34.5
08,16,1974,34.4
08,17,1974,35.5
08,18,1974,36.0
08,19,1974,35.6
08,20,1974,36.0
08,21,1974,36.2
08,22,1974,35.2
08,23,1974,34.9
08,24,1974,35.5
08,25,1974,36.5
08,26,1974,34.7
08,27,1974,33.4
08,28,1974,28.7
08,29,1974,28.8
08,30,1974,35.2
08,31,1974,33.0
09,01,1974,35.0
09,02,1974,35.0
09,03,1974,34.8
09,04,1974,35.0
09,05,1974,33.5
09,06,1974,33.7
09,07,1974,31.8
09,08,1974,32.5
09,09,1974,29.5
09,10,1974,33.5
09,11,1974,33.8
09,12,1974,33.4
09,13,1974,31.0
09,14,1974,33.0
09,15,1974,33.5
09,16,1974,34.1
09,17,1974,35.0
09,18,1974,34.2
09,19,1974,33.9
09,20,1974,33.4
09,21,1974,25.0
09,22,1974,25.5
09,23,1974,28.0
09,24,1974,30.8
09,25,1974,31.6
09,26,1974,32.0
09,27,1974,32.4
09,28,1974,31.8
09,29,1974,34.5
09,30,1974,28.4
10,01,1974,32.0
10,02,1974,31.2
10,03,1974,32.2
10,04,1974,29.8
10,05,1974,31.0
10,06,1974,31.5
10,07,1974,31.6
10,08,1974,31.8
10,09,1974,32.2
10,10,1974,32.0
10,11,1974,32.4
10,12,1974,33.3
10,13,1974,33.4
10,14,1974,33.0
10,15,1974,34.0
10,16,1974,33.2
10,17,1974,31.2
10,18,1974,32.4
10,19,1974,31.2
10,20,1974,31.0
10,21,1974,31.6
10,22,1974,32.2
10,23,1974,33.0
10,24,1974,32.2
10,25,1974,32.0
10,26,1974,32.6
10,27,1974,32.4
10,28,1974,33.5
10,29,1974,32.0
10,30,1974,35.2
10,31,1974,34.4
11,01,1974,34.6
11,02,1974,34.4
11,03,1974,34.6
11,04,1974,33.8
11,05,1974,34.2
11,06,1974,33.4
11,07,1974,31.6
11,08,1974,33.0
11,09,1974,32.6
11,10,1974,34.4
11,11,1974,33.5
11,12,1974,27.6
11,13,1974,30.2
11,14,1974,32.4
11,15,1974,33.0
11,16,1974,33.2
11,17,1974,34.4
11,18,1974,33.8
11,19,1974,34.4
11,20,1974,34.2
11,21,1974,33.4
11,22,1974,32.8
11,23,1974,34.6
11,24,1974,31.8
11,25,1974,32.5
11,26,1974,29.4
11,27,1974,29.2
11,28,1974,30.4
11,29,1974,33.4
11,30,1974,31.5
12,01,1974,30.0
12,02,1974,29.8
12,03,1974,29.6
12,04,1974,30.4
12,05,1974,31.4
12,06,1974,29.4
12,07,1974,31.4
12,08,1974,33.5
12,09,1974,30.8
12,10,1974,32.2
12,11,1974,33.4
12,12,1974,33.2
12,13,1974,32.8
12,14,1974,33.4
12,15,1974,32.8
12,16,1974,32.0
12,17,1974,29.4
12,18,1974,33.8
12,19,1974,32.2
12,20,1974,33.2
12,21,1974,32.2
12,22,1974,32.4
12,23,1974,32.8
12,24,1974,33.4
12,25,1974,33.6
12,26,1974,33.4
12,27,1974,34.0
12,28,1974,33.2
12,29,1974,33.6
12,30,1974,34.0
12,31,1974,34.2
01,01,1975,32.4
01,02,1975,33.4
01,03,1975,34.0
01,04,1975,31.0
01,05,1975,31.8
01,06,1975,30.8
01,07,1975,33.6
01,08,1975,31.6
01,09,1975,31.0
01,10,1975,30.7
01,11,1975,32.0
01,12,1975,31.8
01,13,1975,27.4
01,14,1975,27.6
01,15,1975,25.5
01,16,1975,28.2
01,17,1975,31.2
01,18,1975,32.4
01,19,1975,32.0
01,20,1975,28.0
01,21,1975,30.2
01,22,1975,31.8
01,23,1975,32.2
01,24,1975,32.0
01,25,1975,32.2
01,26,1975,32.4
01,27,1975,34.0
01,28,1975,34.4
01,29,1975,34.0
01,30,1975,34.8
01,31,1975,32.8
02,01,1975,34.6
02,02,1975,34.0
02,03,1975,34.0
02,04,1975,31.8
02,05,1975,31.6
02,06,1975,32.0
02,07,1975,32.0
02,08,1975,33.4
02,09,1975,32.0
02,10,1975,34.0
02,11,1975,32.2
02,12,1975,34.6
02,13,1975,32.0
02,14,1975,34.4
02,15,1975,31.5
02,16,1975,31.2
02,17,1975,30.8
02,18,1975,31.0
02,19,1975,32.0
02,20,1975,34.6
02,21,1975,32.2
02,22,1975,31.2
02,23,1975,32.6
02,24,1975,27.5
02,25,1975,30.7
02,26,1975,33.7
02,27,1975,32.8
02,28,1975,35.2
03,01,1975,34.2
03,02,1975,35.4
03,03,1975,33.4
03,04,1975,33.6
03,05,1975,34.4
03,06,1975,36.3
03,07,1975,37.0
03,08,1975,33.9
03,09,1975,35.0
03,10,1975,32.6
03,11,1975,32.4
03,12,1975,32.2
03,13,1975,32.4
03,14,1975,31.6
03,15,1975,33.2
03,16,1975,32.4
03,17,1975,33.2
03,18,1975,32.6
03,19,1975,35.2
03,20,1975,36.8
03,21,1975,33.2
03,22,1975,34.0
03,23,1975,33.0
03,24,1975,33.2
03,25,1975,35.5
03,26,1975,34.8
03,27,1975,33.4
03,28,1975,34.0
03,29,1975,33.4
03,30,1975,33.4
03,31,1975,33.0
04,01,1975,33.2
04,02,1975,34.0
04,03,1975,35.0
04,04,1975,34.2
04,05,1975,35.7
04,06,1975,37.0
04,07,1975,34.7
04,08,1975,34.6
04,09,1975,33.7
04,10,1975,33.6
04,11,1975,34.2
04,12,1975,36.2
04,13,1975,34.7
04,14,1975,34.0
04,15,1975,37.8
04,16,1975,37.0
04,17,1975,36.4
04,18,1975,33.8
04,19,1975,34.0
04,20,1975,36.0
04,21,1975,36.4
04,22,1975,36.8
04,23,1975,37.0
04,24,1975,36.2
04,25,1975,34.2
04,26,1975,34.0
04,27,1975,33.7
04,28,1975,33.6
04,29,1975,33.4
04,30,1975,33.3
05,01,1975,34.0
05,02,1975,33.3
05,03,1975,33.8
05,04,1975,34.2
05,05,1975,34.0
05,06,1975,34.0
05,07,1975,33.4
05,08,1975,34.0
05,09,1975,34.0
05,10,1975,33.6
05,11,1975,33.4
05,12,1975,34.0
05,13,1975,31.0
05,14,1975,33.8
05,15,1975,33.6
05,16,1975,35.2
05,17,1975,33.4
05,18,1975,35.6
05,19,1975,36.5
05,20,1975,34.0
05,21,1975,33.8
05,22,1975,33.6
05,23,1975,33.5
05,24,1975,32.4
05,25,1975,33.0
05,26,1975,32.8
05,27,1975,36.2
05,28,1975,33.4
05,29,1975,30.8
05,30,1975,33.0
05,31,1975,31.2
06,01,1975,29.0
06,02,1975,28.0
06,03,1975,27.2
06,04,1975,31.6
06,05,1975,32.4
06,06,1975,33.5
06,07,1975,33.8
06,08,1975,31.6
06,09,1975,33.2
06,10,1975,33.4
06,11,1975,35.2
06,12,1975,35.2
06,13,1975,35.4
06,14,1975,37.2
06,15,1975,33.6
06,16,1975,32.0
06,17,1975,30.2
06,18,1975,32.4
06,19,1975,31.7
06,20,1975,34.0
06,21,1975,34.0
06,22,1975,33.4
06,23,1975,35.6
06,24,1975,35.5
06,25,1975,33.8
06,26,1975,35.5
06,27,1975,34.8
06,28,1975,35.2
06,29,1975,35.0
06,30,1975,33.6
07,01,1975,36.2
07,02,1975,34.7
07,03,1975,35.0
07,04,1975,34.4
07,05,1975,30.0
07,06,1975,34.5
07,07,1975,34.2
07,08,1975,32.4
07,09,1975,35.7
07,10,1975,35.6
07,11,1975,32.0
07,12,1975,33.5
07,13,1975,32.4
07,14,1975,31.8
07,15,1975,32.2
07,16,1975,33.0
07,17,1975,35.2
07,18,1975,35.6
07,19,1975,34.0
07,20,1975,33.6
07,21,1975,35.8
07,22,1975,34.2
07,23,1975,35.2
07,24,1975,32.0
07,25,1975,33.6
07,26,1975,29.2
07,27,1975,31.8
07,28,1975,35.5
07,29,1975,35.8
07,30,1975,36.4
07,31,1975,34.4
08,01,1975,36.0
08,02,1975,36.0
08,03,1975,35.2
08,04,1975,33.0
08,05,1975,35.0
08,06,1975,36.5
08,07,1975,35.0
08,08,1975,36.0
08,09,1975,36.6
08,10,1975,37.0
08,11,1975,36.4
08,12,1975,36.0
08,13,1975,37.0
08,14,1975,37.3
08,15,1975,36.7
08,16,1975,38.0
08,17,1975,32.0
08,18,1975,34.0
08,19,1975,33.8
08,20,1975,35.2
08,21,1975,35.0
08,22,1975,36.0
08,23,1975,32.5
08,24,1975,36.4
08,25,1975,34.2
08,26,1975,34.6
08,27,1975,36.0
08,28,1975,35.6
08,29,1975,35.0
08,30,1975,36.8
08,31,1975,33.6
09,01,1975,33.3
09,02,1975,33.4
09,03,1975,33.4
09,04,1975,35.0
09,05,1975,36.7
09,06,1975,36.9
09,07,1975,31.0
09,08,1975,36.8
09,09,1975,36.7
09,10,1975,32.0
09,11,1975,28.0
09,12,1975,29.6
09,13,1975,28.6
09,14,1975,29.4
09,15,1975,33.2
09,16,1975,34.8
09,17,1975,35.0
09,18,1975,32.6
09,19,1975,32.2
09,20,1975,34.0
09,21,1975,36.0
09,22,1975,35.2
09,23,1975,31.3
09,24,1975,31.0
09,25,1975,31.2
09,26,1975,32.5
09,27,1975,33.0
09,28,1975,34.0
09,29,1975,34.0
09,30,1975,34.0
10,01,1975,35.0
10,02,1975,32.8
10,03,1975,33.0
10,04,1975,34.2
10,05,1975,33.5
10,06,1975,32.2
10,07,1975,30.4
10,08,1975,34.6
10,09,1975,34.7
10,10,1975,30.6
10,11,1975,34.2
10,12,1975,34.6
10,13,1975,33.7
10,14,1975,34.4
10,15,1975,33.6
10,16,1975,34.0
10,17,1975,34.6
10,18,1975,33.6
10,19,1975,33.4
10,20,1975,33.0
10,21,1975,32.7
10,22,1975,35.5
10,23,1975,33.2
10,24,1975,34.0
10,25,1975,34.4
10,26,1975,34.5
10,27,1975,35.2
10,28,1975,34.2
10,29,1975,32.5
10,30,1975,33.4
10,31,1975,33.4
11,01,1975,32.2
11,02,1975,33.8
11,03,1975,34.0
11,04,1975,34.6
11,05,1975,33.6
11,06,1975,34.7
11,07,1975,34.5
11,08,1975,33.8
11,09,1975,32.6
11,10,1975,34.2
11,11,1975,35.0
11,12,1975,34.2
11,13,1975,33.4
11,14,1975,32.7
11,15,1975,31.6
11,16,1975,32.0
11,17,1975,32.4
11,18,1975,31.4
11,19,1975,33.6
11,20,1975,33.8
11,21,1975,33.0
11,22,1975,33.4
11,23,1975,30.4
11,24,1975,33.6
11,25,1975,33.0
11,26,1975,37.6
11,27,1975,33.7
11,28,1975,33.4
11,29,1975,33.0
11,30,1975,35.0
12,01,1975,32.6
12,02,1975,33.0
12,03,1975,32.4
12,04,1975,33.0
12,05,1975,32.4
12,06,1975,32.2
12,07,1975,31.6
12,08,1975,31.4
12,09,1975,31.0
12,10,1975,30.0
12,11,1975,31.7
12,12,1975,30.8
12,13,1975,31.4
12,14,1975,32.4
12,15,1975,32.6
12,16,1975,31.6
12,17,1975,32.8
12,18,1975,30.0
12,19,1975,28.6
12,20,1975,31.8
12,21,1975,31.8
12,22,1975,31.0
12,23,1975,30.3
12,24,1975,30.2
12,25,1975,30.2
12,26,1975,28.6
12,27,1975,29.0
12,28,1975,30.0
12,29,1975,30.0
12,30,1975,32.7
12,31,1975,32.4
01,01,1976,31.8
01,02,1976,32.0
01,03,1976,32.6
01,04,1976,29.0
01,05,1976,30.4
01,06,1976,30.4
01,07,1976,31.4
01,08,1976,28.2
01,09,1976,27.6
01,10,1976,29.8
01,11,1976,31.6
01,12,1976,31.6
01,13,1976,32.8
01,14,1976,35.0
01,15,1976,31.6
01,16,1976,32.2
01,17,1976,30.0
01,18,1976,26.4
01,19,1976,27.8
01,20,1976,29.4
01,21,1976,30.6
01,22,1976,31.4
01,23,1976,31.2
01,24,1976,30.4
01,25,1976,27.0
01,26,1976,33.4
01,27,1976,29.9
01,28,1976,30.7
01,29,1976,30.0
01,30,1976,30.6
01,31,1976,26.7
02,01,1976,26.8
02,02,1976,27.4
02,03,1976,32.0
02,04,1976,30.6
02,05,1976,31.6
02,06,1976,32.2
02,07,1976,31.6
02,08,1976,31.4
02,09,1976,32.2
02,10,1976,32.2
02,11,1976,32.8
02,12,1976,31.7
02,13,1976,32.5
02,14,1976,33.0
02,15,1976,33.7
02,16,1976,36.0
02,17,1976,31.4
02,18,1976,30.8
02,19,1976,31.8
02,20,1976,31.0
02,21,1976,31.6
02,22,1976,32.0
02,23,1976,31.4
02,24,1976,28.0
02,25,1976,28.4
02,26,1976,29.4
02,27,1976,29.6
02,28,1976,31.9
02,29,1976,33.6
03,01,1976,31.2
03,02,1976,32.0
03,03,1976,32.3
03,04,1976,29.7
03,05,1976,29.5
03,06,1976,33.8
03,07,1976,35.0
03,08,1976,31.2
03,09,1976,31.2
03,10,1976,35.0
03,11,1976,35.2
03,12,1976,31.7
03,13,1976,32.8
03,14,1976,36.0
03,15,1976,36.8
03,16,1976,33.0
03,17,1976,32.0
03,18,1976,34.0
03,19,1976,31.0
03,20,1976,31.4
03,21,1976,30.6
03,22,1976,35.2
03,23,1976,33.7
03,24,1976,37.0
03,25,1976,33.6
03,26,1976,30.6
03,27,1976,32.0
03,28,1976,32.0
03,29,1976,32.4
03,30,1976,32.7
03,31,1976,35.0
04,01,1976,33.0
04,02,1976,34.0
04,03,1976,35.2
04,04,1976,36.0
04,05,1976,33.5
04,06,1976,34.0
04,07,1976,31.8
04,08,1976,34.6
04,09,1976,35.2
04,10,1976,36.4
04,11,1976,35.0
04,12,1976,35.4
04,13,1976,36.7
04,14,1976,38.3
04,15,1976,35.0
04,16,1976,31.4
04,17,1976,30.0
04,18,1976,32.0
04,19,1976,34.6
04,20,1976,33.6
04,21,1976,33.4
04,22,1976,33.0
04,23,1976,33.4
04,24,1976,33.2
04,25,1976,33.0
04,26,1976,38.0
04,27,1976,33.6
04,28,1976,39.4
04,29,1976,34.6
04,30,1976,33.6
05,01,1976,37.0
05,02,1976,34.4
05,03,1976,34.2
05,04,1976,34.2
05,05,1976,38.0
05,06,1976,34.0
05,07,1976,34.4
05,08,1976,38.4
05,09,1976,37.2
05,10,1976,36.4
05,11,1976,37.8
05,12,1976,38.5
05,13,1976,34.4
05,14,1976,35.0
05,15,1976,34.6
05,16,1976,34.8
05,17,1976,39.5
05,18,1976,35.6
05,19,1976,38.2
05,20,1976,36.0
05,21,1976,36.0
05,22,1976,35.6
05,23,1976,34.6
05,24,1976,34.2
05,25,1976,34.5
05,26,1976,35.0
05,27,1976,34.6
05,28,1976,34.0
05,29,1976,34.8
05,30,1976,34.0
05,31,1976,34.6
06,01,1976,34.4
06,02,1976,34.4
06,03,1976,37.7
06,04,1976,35.7
06,05,1976,37.8
06,06,1976,37.6
06,07,1976,38.0
06,08,1976,37.7
06,09,1976,33.0
06,10,1976,34.4
06,11,1976,38.2
06,12,1976,36.7
06,13,1976,32.9
06,14,1976,33.4
06,15,1976,34.0
06,16,1976,34.2
06,17,1976,34.2
06,18,1976,34.0
06,19,1976,37.4
06,20,1976,35.6
06,21,1976,33.6
06,22,1976,32.3
06,23,1976,32.8
06,24,1976,33.2
06,25,1976,32.8
06,26,1976,33.2
06,27,1976,33.6
06,28,1976,31.2
06,29,1976,26.4
06,30,1976,31.0
07,01,1976,32.8
07,02,1976,32.0
07,03,1976,32.6
07,04,1976,32.2
07,05,1976,33.0
07,06,1976,33.5
07,07,1976,33.2
07,08,1976,33.0
07,09,1976,34.0
07,10,1976,33.3
07,11,1976,33.2
07,12,1976,33.3
07,13,1976,33.7
07,14,1976,34.0
07,15,1976,34.0
07,16,1976,35.7
07,17,1976,36.0
07,18,1976,36.2
07,19,1976,36.0
07,20,1976,36.2
07,21,1976,36.4
07,22,1976,35.0
07,23,1976,35.8
07,24,1976,35.4
07,25,1976,35.5
07,26,1976,35.0
07,27,1976,35.5
07,28,1976,36.8
07,29,1976,37.0
07,30,1976,37.2
07,31,1976,36.2
08,01,1976,35.2
08,02,1976,35.2
08,03,1976,34.8
08,04,1976,35.2
08,05,1976,34.6
08,06,1976,34.0
08,07,1976,33.4
08,08,1976,34.4
08,09,1976,35.2
08,10,1976,35.4
08,11,1976,35.0
08,12,1976,34.0
08,13,1976,36.2
08,14,1976,35.0
08,15,1976,30.4
08,16,1976,26.7
08,17,1976,30.8
08,18,1976,31.6
08,19,1976,31.8
08,20,1976,32.6
08,21,1976,32.6
08,22,1976,33.0
08,23,1976,31.6
08,24,1976,34.0
08,25,1976,33.6
08,26,1976,33.6
08,27,1976,33.6
08,28,1976,34.6
08,29,1976,33.4
08,30,1976,33.6
08,31,1976,34.8
09,01,1976,36.0
09,02,1976,36.5
09,03,1976,36.0
09,04,1976,34.8
09,05,1976,33.0
09,06,1976,35.5
09,07,1976,35.5
09,08,1976,34.4
09,09,1976,35.0
09,10,1976,36.0
09,11,1976,35.8
09,12,1976,36.1
09,13,1976,35.7
09,14,1976,35.8
09,15,1976,36.0
09,16,1976,36.0
09,17,1976,36.2
09,18,1976,36.5
09,19,1976,36.6
09,20,1976,36.7
09,21,1976,34.8
09,22,1976,37.0
09,23,1976,38.2
09,24,1976,37.2
09,25,1976,36.0
09,26,1976,34.4
09,27,1976,34.8
09,28,1976,32.7
09,29,1976,33.5
09,30,1976,33.3
10,01,1976,35.4
10,02,1976,35.0
10,03,1976,33.5
10,04,1976,32.8
10,05,1976,32.9
10,06,1976,32.8
10,07,1976,32.3
10,08,1976,33.9
10,09,1976,33.0
10,10,1976,32.4
10,11,1976,33.2
10,12,1976,33.4
10,13,1976,33.8
10,14,1976,34.0
10,15,1976,34.8
10,16,1976,32.0
10,17,1976,34.8
10,18,1976,32.9
10,19,1976,35.0
10,20,1976,34.6
10,21,1976,33.5
10,22,1976,34.4
10,23,1976,33.8
10,24,1976,36.6
10,25,1976,36.7
10,26,1976,36.5
10,27,1976,35.5
10,28,1976,36.3
10,29,1976,37.4
10,30,1976,37.6
10,31,1976,37.6
11,01,1976,35.0
11,02,1976,35.4
11,03,1976,35.2
11,04,1976,35.0
11,05,1976,35.7
11,06,1976,35.2
11,07,1976,35.0
11,08,1976,35.0
11,09,1976,35.2
11,10,1976,34.0
11,11,1976,35.0
11,12,1976,34.3
11,13,1976,35.0
11,14,1976,35.2
11,15,1976,34.2
11,16,1976,34.2
11,17,1976,33.5
11,18,1976,32.2
11,19,1976,34.4
11,20,1976,32.8
11,21,1976,34.2
11,22,1976,35.2
11,23,1976,35.3
11,24,1976,35.0
11,25,1976,35.0
11,26,1976,35.0
11,27,1976,32.5
11,28,1976,34.6
11,29,1976,34.8
11,30,1976,34.6
12,01,1976,33.7
12,02,1976,35.0
12,03,1976,34.6
12,04,1976,33.5
12,05,1976,34.0
12,06,1976,31.2
12,07,1976,34.4
12,08,1976,35.0
12,09,1976,34.8
12,10,1976,33.6
12,11,1976,35.0
12,12,1976,34.7
12,13,1976,33.7
12,14,1976,33.0
12,15,1976,32.4
12,16,1976,34.0
12,17,1976,35.2
12,18,1976,34.0
12,19,1976,35.2
12,20,1976,35.0
12,21,1976,35.0
12,22,1976,35.2
12,23,1976,33.8
12,24,1976,33.5
12,25,1976,33.8
12,26,1976,34.8
12,27,1976,35.2
12,28,1976,33.3
12,29,1976,33.8
12,30,1976,33.2
12,31,1976,33.3
01,01,1977,34.2
01,02,1977,33.0
01,03,1977,32.2
01,04,1977,34.0
01,05,1977,34.6
01,06,1977,34.6
01,07,1977,34.9
01,08,1977,33.6
01,09,1977,33.0
01,10,1977,35.3
01,11,1977,35.0
01,12,1977,33.8
01,13,1977,34.2
01,14,1977,33.9
01,15,1977,33.3
01,16,1977,34.8
01,17,1977,35.0
01,18,1977,35.0
01,19,1977,33.4
01,20,1977,31.2
01,21,1977,31.0
01,22,1977,30.2
01,23,1977,31.0
01,24,1977,33.0
01,25,1977,35.0
01,26,1977,35.2
01,27,1977,34.0
01,28,1977,34.0
01,29,1977,35.2
01,30,1977,36.0
01,31,1977,35.5
02,01,1977,36.0
02,02,1977,35.2
02,03,1977,35.4
02,04,1977,35.5
02,05,1977,35.7
02,06,1977,35.2
02,07,1977,35.0
02,08,1977,36.0
02,09,1977,36.0
02,10,1977,36.0
02,11,1977,36.0
02,12,1977,36.0
02,13,1977,36.0
02,14,1977,36.0
02,15,1977,36.2
02,16,1977,36.2
02,17,1977,36.0
02,18,1977,36.0
02,19,1977,35.2
02,20,1977,36.2
02,21,1977,35.7
02,22,1977,36.0
02,23,1977,35.3
02,24,1977,37.4
02,25,1977,37.4
02,26,1977,36.2
02,27,1977,36.6
02,28,1977,36.2
03,01,1977,36.2
03,02,1977,36.0
03,03,1977,34.4
03,04,1977,34.2
03,05,1977,32.2
03,06,1977,36.2
03,07,1977,36.0
03,08,1977,36.2
03,09,1977,36.0
03,10,1977,32.4
03,11,1977,34.2
03,12,1977,34.5
03,13,1977,36.2
03,14,1977,33.4
03,15,1977,34.0
03,16,1977,37.2
03,17,1977,37.5
03,18,1977,35.0
03,19,1977,35.0
03,20,1977,37.7
03,21,1977,36.0
03,22,1977,35.4
03,23,1977,36.2
03,24,1977,35.8
03,25,1977,34.8
03,26,1977,35.5
03,27,1977,35.7
03,28,1977,35.2
03,29,1977,35.4
03,30,1977,34.8
03,31,1977,34.5
04,01,1977,34.2
04,02,1977,35.2
04,03,1977,35.4
04,04,1977,35.2
04,05,1977,36.0
04,06,1977,36.0
04,07,1977,36.2
04,08,1977,36.0
04,09,1977,37.0
04,10,1977,37.0
04,11,1977,36.2
04,12,1977,36.2
04,13,1977,37.0
04,14,1977,37.4
04,15,1977,34.4
04,16,1977,34.5
04,17,1977,34.7
04,18,1977,36.5
04,19,1977,35.4
04,20,1977,34.7
04,21,1977,34.6
04,22,1977,37.0
04,23,1977,36.4
04,24,1977,36.4
04,25,1977,36.2
04,26,1977,36.4
04,27,1977,37.0
04,28,1977,37.4
04,29,1977,36.2
04,30,1977,36.4
05,01,1977,35.0
05,02,1977,40.3
05,03,1977,39.0
05,04,1977,38.8
05,05,1977,34.7
05,06,1977,34.7
05,07,1977,34.3
05,08,1977,36.0
05,09,1977,36.0
05,10,1977,36.4
05,11,1977,36.6
05,12,1977,36.6
05,13,1977,38.4
05,14,1977,38.8
05,15,1977,35.6
05,16,1977,36.6
05,17,1977,39.4
05,18,1977,39.8
05,19,1977,39.5
05,20,1977,38.0
05,21,1977,35.0
05,22,1977,40.0
05,23,1977,36.7
05,24,1977,37.9
05,25,1977,38.2
05,26,1977,36.6
05,27,1977,34.2
05,28,1977,35.0
05,29,1977,35.0
05,30,1977,38.8
05,31,1977,37.8
06,01,1977,37.2
06,02,1977,38.6
06,03,1977,38.2
06,04,1977,38.0
06,05,1977,38.0
06,06,1977,37.4
06,07,1977,37.0
06,08,1977,37.4
06,09,1977,35.2
06,10,1977,32.7
06,11,1977,32.8
06,12,1977,34.0
06,13,1977,34.0
06,14,1977,34.4
06,15,1977,36.2
06,16,1977,34.2
06,17,1977,35.2
06,18,1977,35.0
06,19,1977,33.4
06,20,1977,34.0
06,21,1977,32.8
06,22,1977,35.0
06,23,1977,30.3
06,24,1977,37.5
06,25,1977,37.8
06,26,1977,38.2
06,27,1977,38.2
06,28,1977,36.6
06,29,1977,37.2
06,30,1977,35.7
07,01,1977,36.6
07,02,1977,36.8
07,03,1977,36.6
07,04,1977,37.0
07,05,1977,37.0
07,06,1977,36.2
07,07,1977,37.0
07,08,1977,37.7
07,09,1977,38.0
07,10,1977,37.8
07,11,1977,38.2
07,12,1977,38.0
07,13,1977,38.4
07,14,1977,37.8
07,15,1977,38.4
07,16,1977,38.4
07,17,1977,38.3
07,18,1977,38.2
07,19,1977,38.5
07,20,1977,39.4
07,21,1977,38.6
07,22,1977,38.3
07,23,1977,38.0
07,24,1977,38.5
07,25,1977,38.2
07,26,1977,38.7
07,27,1977,38.8
07,28,1977,38.6
07,29,1977,38.7
07,30,1977,38.5
07,31,1977,38.7
08,01,1977,39.0
08,02,1977,38.8
08,03,1977,39.2
08,04,1977,38.6
08,05,1977,39.0
08,06,1977,39.0
08,07,1977,39.0
08,08,1977,38.7
08,09,1977,38.8
08,10,1977,38.8
08,11,1977,38.5
08,12,1977,38.7
08,13,1977,37.7
08,14,1977,38.2
08,15,1977,38.8
08,16,1977,39.0
08,17,1977,37.5
08,18,1977,36.8
08,19,1977,35.5
08,20,1977,37.7
08,21,1977,36.6
08,22,1977,34.4
08,23,1977,37.0
08,24,1977,37.3
08,25,1977,38.6
08,26,1977,37.8
08,27,1977,39.0
08,28,1977,36.6
08,29,1977,38.0
08,30,1977,37.2
08,31,1977,36.2
09,01,1977,37.4
09,02,1977,37.5
09,03,1977,39.0
09,04,1977,39.0
09,05,1977,39.4
09,06,1977,39.0
09,07,1977,39.2
09,08,1977,38.6
09,09,1977,38.7
09,10,1977,38.0
09,11,1977,39.4
09,12,1977,34.8
09,13,1977,33.6
09,14,1977,36.0
09,15,1977,35.0
09,16,1977,31.8
09,17,1977,33.7
09,18,1977,38.0
09,19,1977,38.7
09,20,1977,38.2
09,21,1977,38.0
09,22,1977,38.5
09,23,1977,34.8
09,24,1977,34.4
09,25,1977,33.6
09,26,1977,33.6
09,27,1977,31.4
09,28,1977,38.2
09,29,1977,37.6
09,30,1977,36.7
10,01,1977,37.4
10,02,1977,35.8
10,03,1977,38.7
10,04,1977,35.0
10,05,1977,35.4
10,06,1977,35.2
10,07,1977,35.6
10,08,1977,34.0
10,09,1977,32.4
10,10,1977,32.8
10,11,1977,35.2
10,12,1977,30.6
10,13,1977,39.0
10,14,1977,38.7
10,15,1977,39.2
10,16,1977,39.0
10,17,1977,39.0
10,18,1977,38.7
10,19,1977,38.8
10,20,1977,39.0
10,21,1977,38.4
10,22,1977,38.5
10,23,1977,39.4
10,24,1977,38.6
10,25,1977,38.4
10,26,1977,39.0
10,27,1977,35.6
10,28,1977,37.0
10,29,1977,38.8
10,30,1977,38.0
10,31,1977,38.4
11,01,1977,38.0
11,02,1977,37.8
11,03,1977,39.0
11,04,1977,38.7
11,05,1977,38.5
11,06,1977,38.4
11,07,1977,37.6
11,08,1977,37.0
11,09,1977,38.0
11,10,1977,38.6
11,11,1977,38.8
11,12,1977,37.8
11,13,1977,38.2
11,14,1977,38.0
11,15,1977,35.0
11,16,1977,35.6
11,17,1977,38.8
11,18,1977,38.4
11,19,1977,37.0
11,20,1977,38.0
11,21,1977,38.0
11,22,1977,37.9
11,23,1977,38.2
11,24,1977,34.7
11,25,1977,34.0
11,26,1977,38.2
11,27,1977,37.5
11,28,1977,37.8
11,29,1977,38.2
11,30,1977,38.0
12,01,1977,38.8
12,02,1977,39.3
12,03,1977,38.0
12,04,1977,37.4
12,05,1977,39.0
12,06,1977,38.4
12,07,1977,38.3
12,08,1977,38.5
12,09,1977,39.0
12,10,1977,39.0
12,11,1977,39.0
12,12,1977,37.6
12,13,1977,33.4
12,14,1977,32.8
12,15,1977,37.6
12,16,1977,35.6
12,17,1977,39.0
12,18,1977,39.4
12,19,1977,39.2
12,20,1977,39.0
12,21,1977,38.2
12,22,1977,37.8
12,23,1977,38.4
12,24,1977,37.5
12,25,1977,37.8
12,26,1977,37.6
12,27,1977,37.4
12,28,1977,34.6
12,29,1977,32.4
12,30,1977,37.8
12,31,1977,35.1
01,01,1978,null
01,02,1978,null
01,03,1978,null
01,04,1978,null
01,05,1978,null
01,06,1978,null
01,07,1978,null
01,08,1978,null
01,09,1978,null
01,10,1978,null
01,11,1978,null
01,12,1978,null
01,13,1978,null
01,14,1978,null
01,15,1978,null
01,16,1978,null
01,17,1978,null
01,18,1978,null
01,19,1978,null
01,20,1978,null
01,21,1978,null
01,22,1978,null
01,23,1978,null
01,24,1978,null
01,25,1978,null
01,26,1978,null
01,27,1978,null
01,28,1978,null
01,29,1978,null
01,30,1978,null
01,31,1978,null
02,01,1978,null
02,02,1978,null
02,03,1978,null
02,04,1978,null
02,05,1978,null
02,06,1978,null
02,07,1978,null
02,08,1978,null
02,09,1978,null
02,10,1978,null
02,11,1978,null
02,12,1978,null
02,13,1978,null
02,14,1978,null
02,15,1978,null
02,16,1978,null
02,17,1978,null
02,18,1978,null
02,19,1978,null
02,20,1978,null
02,21,1978,null
02,22,1978,null
02,23,1978,null
02,24,1978,null
02,25,1978,null
02,26,1978,null
02,27,1978,null
02,28,1978,null
03,01,1978,null
03,02,1978,null
03,03,1978,null
03,04,1978,null
03,05,1978,null
03,06,1978,null
03,07,1978,null
03,08,1978,null
03,09,1978,null
03,10,1978,null
03,11,1978,null
03,12,1978,null
03,13,1978,null
03,14,1978,null
03,15,1978,null
03,16,1978,null
03,17,1978,null
03,18,1978,null
03,19,1978,null
03,20,1978,null
03,21,1978,null
03,22,1978,null
03,23,1978,null
03,24,1978,null
03,25,1978,null
03,26,1978,null
03,27,1978,null
03,28,1978,null
03,29,1978,null
03,30,1978,null
03,31,1978,null
04,01,1978,null
04,02,1978,null
04,03,1978,null
04,04,1978,null
04,05,1978,null
04,06,1978,null
04,07,1978,null
04,08,1978,null
04,09,1978,null
04,10,1978,null
04,11,1978,null
04,12,1978,null
04,13,1978,null
04,14,1978,null
04,15,1978,null
04,16,1978,null
04,17,1978,null
04,18,1978,null
04,19,1978,null
04,20,1978,null
04,21,1978,null
04,22,1978,null
04,23,1978,null
04,24,1978,null
04,25,1978,null
04,26,1978,null
04,27,1978,null
04,28,1978,null
04,29,1978,null
04,30,1978,null
05,01,1978,null
05,02,1978,null
05,03,1978,null
05,04,1978,null
05,05,1978,null
05,06,1978,null
05,07,1978,null
05,08,1978,null
05,09,1978,null
05,10,1978,null
05,11,1978,null
05,12,1978,null
05,13,1978,null
05,14,1978,null
05,15,1978,null
05,16,1978,null
05,17,1978,null
05,18,1978,null
05,19,1978,null
05,20,1978,null
05,21,1978,null
05,22,1978,null
05,23,1978,null
05,24,1978,null
05,25,1978,null
05,26,1978,null
05,27,1978,null
05,28,1978,null
05,29,1978,null
05,30,1978,null
05,31,1978,null
06,01,1978,null
06,02,1978,null
06,03,1978,null
06,04,1978,null
06,05,1978,null
06,06,1978,null
06,07,1978,null
06,08,1978,null
06,09,1978,null
06,10,1978,null
06,11,1978,null
06,12,1978,null
06,13,1978,null
06,14,1978,null
06,15,1978,null
06,16,1978,null
06,17,1978,null
06,18,1978,null
06,19,1978,null
06,20,1978,null
06,21,1978,null
06,22,1978,null
06,23,1978,null
06,24,1978,null
06,25,1978,null
06,26,1978,null
06,27,1978,null
06,28,1978,null
06,29,1978,null
06,30,1978,null
07,01,1978,null
07,02,1978,null
07,03,1978,null
07,04,1978,null
07,05,1978,null
07,06,1978,null
07,07,1978,null
07,08,1978,null
07,09,1978,null
07,10,1978,null
07,11,1978,null
07,12,1978,null
07,13,1978,null
07,14,1978,null
07,15,1978,null
07,16,1978,null
07,17,1978,null
07,18,1978,null
07,19,1978,null
07,20,1978,null
07,21,1978,null
07,22,1978,null
07,23,1978,null
07,24,1978,null
07,25,1978,null
07,26,1978,null
07,27,1978,null
07,28,1978,null
07,29,1978,null
07,30,1978,null
07,31,1978,null
08,01,1978,null
08,02,1978,null
08,03,1978,null
08,04,1978,null
08,05,1978,null
08,06,1978,null
08,07,1978,null
08,08,1978,null
08,09,1978,null
08,10,1978,null
08,11,1978,null
08,12,1978,null
08,13,1978,null
08,14,1978,null
08,15,1978,null
08,16,1978,null
08,17,1978,null
08,18,1978,null
08,19,1978,null
08,20,1978,null
08,21,1978,null
08,22,1978,null
08,23,1978,null
08,24,1978,null
08,25,1978,null
08,26,1978,null
08,27,1978,null
08,28,1978,null
08,29,1978,null
08,30,1978,null
08,31,1978,null
09,01,1978,null
09,02,1978,null
09,03,1978,null
09,04,1978,null
09,05,1978,null
09,06,1978,null
09,07,1978,null
09,08,1978,null
09,09,1978,null
09,10,1978,null
09,11,1978,null
09,12,1978,null
09,13,1978,null
09,14,1978,null
09,15,1978,null
09,16,1978,null
09,17,1978,null
09,18,1978,null
09,19,1978,null
09,20,1978,null
09,21,1978,null
09,22,1978,null
09,23,1978,null
09,24,1978,null
09,25,1978,null
09,26,1978,null
09,27,1978,null
09,28,1978,null
09,29,1978,null
09,30,1978,null
10,01,1978,null
10,02,1978,null
10,03,1978,null
10,04,1978,null
10,05,1978,null
10,06,1978,null
10,07,1978,null
10,08,1978,null
10,09,1978,null
10,10,1978,null
10,11,1978,null
10,12,1978,null
10,13,1978,null
10,14,1978,null
10,15,1978,null
10,16,1978,null
10,17,1978,null
10,18,1978,null
10,19,1978,null
10,20,1978,null
10,21,1978,null
10,22,1978,null
10,23,1978,null
10,24,1978,null
10,25,1978,null
10,26,1978,null
10,27,1978,null
10,28,1978,null
10,29,1978,null
10,30,1978,null
10,31,1978,null
11,01,1978,null
11,02,1978,null
11,03,1978,null
11,04,1978,null
11,05,1978,null
11,06,1978,null
11,07,1978,null
11,08,1978,null
11,09,1978,null
11,10,1978,null
11,11,1978,null
11,12,1978,null
11,13,1978,null
11,14,1978,null
11,15,1978,null
11,16,1978,null
11,17,1978,null
11,18,1978,null
11,19,1978,null
11,20,1978,null
11,21,1978,null
11,22,1978,null
11,23,1978,null
11,24,1978,null
11,25,1978,null
11,26,1978,null
11,27,1978,null
11,28,1978,null
11,29,1978,null
11,30,1978,null
12,01,1978,null
12,02,1978,null
12,03,1978,null
12,04,1978,null
12,05,1978,null
12,06,1978,null
12,07,1978,null
12,08,1978,null
12,09,1978,null
12,10,1978,null
12,11,1978,null
12,12,1978,null
12,13,1978,null
12,14,1978,null
12,15,1978,null
12,16,1978,null
12,17,1978,null
12,18,1978,null
12,19,1978,null
12,20,1978,null
12,21,1978,null
12,22,1978,null
12,23,1978,null
12,24,1978,null
12,25,1978,null
12,26,1978,null
12,27,1978,null
12,28,1978,null
12,29,1978,null
12,30,1978,null
12,31,1978,null
01,01,1979,27.0
01,02,1979,26.4
01,03,1979,28.4
01,04,1979,32.2
01,05,1979,33.8
01,06,1979,31.4
01,07,1979,30.4
01,08,1979,28.6
01,09,1979,32.2
01,10,1979,29.8
01,11,1979,32.4
01,12,1979,31.6
01,13,1979,28.0
01,14,1979,30.5
01,15,1979,32.0
01,16,1979,33.0
01,17,1979,33.2
01,18,1979,33.5
01,19,1979,33.2
01,20,1979,30.6
01,21,1979,33.3
01,22,1979,33.0
01,23,1979,30.6
01,24,1979,32.5
01,25,1979,30.8
01,26,1979,30.8
01,27,1979,31.2
01,28,1979,31.2
01,29,1979,31.2
01,30,1979,31.0
01,31,1979,30.5
