Id:,20286
Estación:,E.T.A. 205 TEMASCAL-OAX
Posición:,18.3397222222N -96.4236111111W
Variable:,Temp Máxima (oC)
Fecha Inicial:,10/01/1977
Fecha Final:,03/01/1984
No Dato:,nan
Mes,Día,Anio,Datos
10,01,1977,null
10,02,1977,null
10,03,1977,null
10,04,1977,null
10,05,1977,null
10,06,1977,null
10,07,1977,null
10,08,1977,30.0
10,09,1977,30.0
10,10,1977,30.0
10,11,1977,26.0
10,12,1977,26.0
10,13,1977,29.0
10,14,1977,24.0
10,15,1977,25.0
10,16,1977,26.0
10,17,1977,28.0
10,18,1977,28.0
10,19,1977,28.0
10,20,1977,30.0
10,21,1977,24.1
10,22,1977,28.0
10,23,1977,31.0
10,24,1977,31.0
10,25,1977,29.0
10,26,1977,28.0
10,27,1977,30.0
10,28,1977,30.0
10,29,1977,31.0
10,30,1977,28.0
10,31,1977,28.0
11,01,1977,28.0
11,02,1977,27.0
11,03,1977,26.0
11,04,1977,26.0
11,05,1977,27.0
11,06,1977,27.0
11,07,1977,27.0
11,08,1977,27.0
11,09,1977,28.0
11,10,1977,30.0
11,11,1977,20.1
11,12,1977,20.0
11,13,1977,21.0
11,14,1977,25.0
11,15,1977,25.0
11,16,1977,25.0
11,17,1977,24.0
11,18,1977,26.0
11,19,1977,27.0
11,20,1977,24.1
11,21,1977,29.0
11,22,1977,24.1
11,23,1977,23.0
11,24,1977,26.0
11,25,1977,28.0
11,26,1977,27.0
11,27,1977,23.0
11,28,1977,31.0
11,29,1977,31.0
11,30,1977,28.0
12,01,1977,null
12,02,1977,null
12,03,1977,null
12,04,1977,null
12,05,1977,null
12,06,1977,null
12,07,1977,null
12,08,1977,null
12,09,1977,null
12,10,1977,null
12,11,1977,null
12,12,1977,null
12,13,1977,null
12,14,1977,null
12,15,1977,null
12,16,1977,null
12,17,1977,null
12,18,1977,null
12,19,1977,null
12,20,1977,null
12,21,1977,null
12,22,1977,null
12,23,1977,null
12,24,1977,null
12,25,1977,null
12,26,1977,null
12,27,1977,null
12,28,1977,null
12,29,1977,null
12,30,1977,null
12,31,1977,null
01,01,1978,null
01,02,1978,null
01,03,1978,null
01,04,1978,null
01,05,1978,null
01,06,1978,null
01,07,1978,null
01,08,1978,null
01,09,1978,null
01,10,1978,null
01,11,1978,null
01,12,1978,null
01,13,1978,null
01,14,1978,null
01,15,1978,null
01,16,1978,null
01,17,1978,null
01,18,1978,null
01,19,1978,null
01,20,1978,null
01,21,1978,null
01,22,1978,null
01,23,1978,null
01,24,1978,null
01,25,1978,null
01,26,1978,null
01,27,1978,null
01,28,1978,null
01,29,1978,null
01,30,1978,null
01,31,1978,null
02,01,1978,null
02,02,1978,null
02,03,1978,null
02,04,1978,null
02,05,1978,null
02,06,1978,null
02,07,1978,null
02,08,1978,null
02,09,1978,null
02,10,1978,null
02,11,1978,null
02,12,1978,null
02,13,1978,null
02,14,1978,null
02,15,1978,null
02,16,1978,null
02,17,1978,null
02,18,1978,null
02,19,1978,null
02,20,1978,null
02,21,1978,null
02,22,1978,null
02,23,1978,null
02,24,1978,null
02,25,1978,null
02,26,1978,null
02,27,1978,null
02,28,1978,null
03,01,1978,null
03,02,1978,null
03,03,1978,null
03,04,1978,null
03,05,1978,null
03,06,1978,null
03,07,1978,null
03,08,1978,null
03,09,1978,null
03,10,1978,null
03,11,1978,null
03,12,1978,null
03,13,1978,null
03,14,1978,null
03,15,1978,null
03,16,1978,null
03,17,1978,null
03,18,1978,null
03,19,1978,null
03,20,1978,null
03,21,1978,null
03,22,1978,null
03,23,1978,null
03,24,1978,null
03,25,1978,null
03,26,1978,null
03,27,1978,null
03,28,1978,null
03,29,1978,null
03,30,1978,null
03,31,1978,null
04,01,1978,null
04,02,1978,null
04,03,1978,null
04,04,1978,null
04,05,1978,null
04,06,1978,null
04,07,1978,null
04,08,1978,null
04,09,1978,null
04,10,1978,null
04,11,1978,null
04,12,1978,null
04,13,1978,null
04,14,1978,null
04,15,1978,null
04,16,1978,null
04,17,1978,null
04,18,1978,null
04,19,1978,null
04,20,1978,null
04,21,1978,null
04,22,1978,null
04,23,1978,null
04,24,1978,null
04,25,1978,null
04,26,1978,null
04,27,1978,null
04,28,1978,null
04,29,1978,null
04,30,1978,null
05,01,1978,null
05,02,1978,null
05,03,1978,null
05,04,1978,null
05,05,1978,null
05,06,1978,null
05,07,1978,null
05,08,1978,null
05,09,1978,null
05,10,1978,null
05,11,1978,null
05,12,1978,null
05,13,1978,null
05,14,1978,null
05,15,1978,null
05,16,1978,null
05,17,1978,null
05,18,1978,null
05,19,1978,null
05,20,1978,null
05,21,1978,null
05,22,1978,null
05,23,1978,null
05,24,1978,null
05,25,1978,null
05,26,1978,null
05,27,1978,null
05,28,1978,null
05,29,1978,null
05,30,1978,null
05,31,1978,null
06,01,1978,null
06,02,1978,null
06,03,1978,null
06,04,1978,null
06,05,1978,null
06,06,1978,null
06,07,1978,null
06,08,1978,null
06,09,1978,null
06,10,1978,null
06,11,1978,null
06,12,1978,null
06,13,1978,null
06,14,1978,null
06,15,1978,null
06,16,1978,null
06,17,1978,null
06,18,1978,null
06,19,1978,null
06,20,1978,null
06,21,1978,null
06,22,1978,null
06,23,1978,null
06,24,1978,null
06,25,1978,null
06,26,1978,null
06,27,1978,null
06,28,1978,null
06,29,1978,null
06,30,1978,null
07,01,1978,null
07,02,1978,null
07,03,1978,null
07,04,1978,null
07,05,1978,null
07,06,1978,null
07,07,1978,null
07,08,1978,null
07,09,1978,null
07,10,1978,null
07,11,1978,null
07,12,1978,null
07,13,1978,null
07,14,1978,null
07,15,1978,null
07,16,1978,null
07,17,1978,null
07,18,1978,null
07,19,1978,null
07,20,1978,null
07,21,1978,null
07,22,1978,null
07,23,1978,null
07,24,1978,null
07,25,1978,null
07,26,1978,null
07,27,1978,null
07,28,1978,null
07,29,1978,null
07,30,1978,null
07,31,1978,null
08,01,1978,30.0
08,02,1978,34.0
08,03,1978,33.0
08,04,1978,33.0
08,05,1978,30.0
08,06,1978,31.0
08,07,1978,29.0
08,08,1978,31.0
08,09,1978,32.0
08,10,1978,31.0
08,11,1978,32.0
08,12,1978,30.0
08,13,1978,34.0
08,14,1978,30.0
08,15,1978,30.0
08,16,1978,32.0
08,17,1978,27.0
08,18,1978,30.0
08,19,1978,29.0
08,20,1978,32.0
08,21,1978,32.0
08,22,1978,30.0
08,23,1978,32.0
08,24,1978,31.0
08,25,1978,31.0
08,26,1978,33.0
08,27,1978,31.0
08,28,1978,30.0
08,29,1978,31.0
08,30,1978,30.0
08,31,1978,31.0
09,01,1978,32.0
09,02,1978,31.0
09,03,1978,30.0
09,04,1978,31.0
09,05,1978,30.0
09,06,1978,32.0
09,07,1978,33.0
09,08,1978,33.0
09,09,1978,33.0
09,10,1978,32.0
09,11,1978,33.0
09,12,1978,33.0
09,13,1978,35.0
09,14,1978,35.0
09,15,1978,34.0
09,16,1978,32.0
09,17,1978,33.0
09,18,1978,33.0
09,19,1978,29.0
09,20,1978,28.0
09,21,1978,30.0
09,22,1978,30.0
09,23,1978,30.0
09,24,1978,31.0
09,25,1978,30.0
09,26,1978,31.0
09,27,1978,32.0
09,28,1978,31.0
09,29,1978,32.0
09,30,1978,31.0
10,01,1978,31.0
10,02,1978,31.0
10,03,1978,33.0
10,04,1978,33.0
10,05,1978,31.0
10,06,1978,31.0
10,07,1978,29.0
10,08,1978,28.0
10,09,1978,32.0
10,10,1978,28.0
10,11,1978,34.0
10,12,1978,28.0
10,13,1978,27.0
10,14,1978,29.0
10,15,1978,35.0
10,16,1978,25.0
10,17,1978,28.0
10,18,1978,24.0
10,19,1978,24.0
10,20,1978,26.0
10,21,1978,30.0
10,22,1978,30.0
10,23,1978,29.0
10,24,1978,29.0
10,25,1978,29.0
10,26,1978,28.0
10,27,1978,25.0
10,28,1978,29.0
10,29,1978,27.0
10,30,1978,28.0
10,31,1978,28.0
11,01,1978,27.0
11,02,1978,25.0
11,03,1978,26.0
11,04,1978,25.0
11,05,1978,27.0
11,06,1978,27.0
11,07,1978,25.0
11,08,1978,26.0
11,09,1978,27.0
11,10,1978,28.0
11,11,1978,28.0
11,12,1978,27.0
11,13,1978,28.0
11,14,1978,27.0
11,15,1978,29.0
11,16,1978,29.0
11,17,1978,27.0
11,18,1978,22.0
11,19,1978,28.0
11,20,1978,27.0
11,21,1978,26.0
11,22,1978,29.0
11,23,1978,28.0
11,24,1978,27.0
11,25,1978,28.0
11,26,1978,28.0
11,27,1978,31.0
11,28,1978,30.0
11,29,1978,26.0
11,30,1978,26.0
12,01,1978,27.0
12,02,1978,25.0
12,03,1978,26.0
12,04,1978,25.0
12,05,1978,27.0
12,06,1978,27.0
12,07,1978,25.0
12,08,1978,26.0
12,09,1978,27.0
12,10,1978,28.0
12,11,1978,28.0
12,12,1978,27.0
12,13,1978,28.0
12,14,1978,25.0
12,15,1978,29.0
12,16,1978,29.0
12,17,1978,27.0
12,18,1978,22.0
12,19,1978,28.0
12,20,1978,28.0
12,21,1978,26.0
12,22,1978,29.0
12,23,1978,28.0
12,24,1978,27.0
12,25,1978,28.0
12,26,1978,28.0
12,27,1978,31.0
12,28,1978,30.0
12,29,1978,26.0
12,30,1978,28.0
12,31,1978,27.0
01,01,1979,18.0
01,02,1979,23.0
01,03,1979,20.0
01,04,1979,21.0
01,05,1979,22.0
01,06,1979,21.0
01,07,1979,28.0
01,08,1979,21.0
01,09,1979,19.0
01,10,1979,24.0
01,11,1979,24.0
01,12,1979,21.0
01,13,1979,21.0
01,14,1979,22.0
01,15,1979,23.0
01,16,1979,25.0
01,17,1979,25.0
01,18,1979,29.0
01,19,1979,28.0
01,20,1979,32.0
01,21,1979,27.0
01,22,1979,25.0
01,23,1979,31.0
01,24,1979,30.0
01,25,1979,29.0
01,26,1979,31.0
01,27,1979,27.0
01,28,1979,32.0
01,29,1979,24.0
01,30,1979,28.0
01,31,1979,22.0
02,01,1979,28.0
02,02,1979,26.0
02,03,1979,27.0
02,04,1979,26.0
02,05,1979,29.0
02,06,1979,29.0
02,07,1979,21.0
02,08,1979,23.0
02,09,1979,18.0
02,10,1979,26.0
02,11,1979,24.0
02,12,1979,24.0
02,13,1979,26.0
02,14,1979,27.0
02,15,1979,29.0
02,16,1979,27.0
02,17,1979,28.0
02,18,1979,27.0
02,19,1979,25.0
02,20,1979,27.0
02,21,1979,28.0
02,22,1979,30.0
02,23,1979,32.0
02,24,1979,30.0
02,25,1979,33.0
02,26,1979,31.0
02,27,1979,32.0
02,28,1979,30.0
03,01,1979,31.0
03,02,1979,33.0
03,03,1979,30.0
03,04,1979,32.0
03,05,1979,27.0
03,06,1979,20.0
03,07,1979,20.0
03,08,1979,27.0
03,09,1979,29.0
03,10,1979,24.0
03,11,1979,26.0
03,12,1979,27.0
03,13,1979,31.0
03,14,1979,32.0
03,15,1979,22.8
03,16,1979,28.0
03,17,1979,31.0
03,18,1979,32.0
03,19,1979,32.0
03,20,1979,30.0
03,21,1979,34.0
03,22,1979,37.0
03,23,1979,30.0
03,24,1979,22.0
03,25,1979,24.0
03,26,1979,26.0
03,27,1979,29.0
03,28,1979,33.0
03,29,1979,33.0
03,30,1979,34.0
03,31,1979,34.0
04,01,1979,34.0
04,02,1979,33.0
04,03,1979,36.0
04,04,1979,27.0
04,05,1979,27.0
04,06,1979,33.0
04,07,1979,32.0
04,08,1979,34.0
04,09,1979,35.0
04,10,1979,36.0
04,11,1979,40.0
04,12,1979,38.0
04,13,1979,34.0
04,14,1979,33.0
04,15,1979,39.0
04,16,1979,34.0
04,17,1979,36.0
04,18,1979,34.0
04,19,1979,35.0
04,20,1979,34.0
04,21,1979,38.0
04,22,1979,29.0
04,23,1979,30.0
04,24,1979,30.0
04,25,1979,36.0
04,26,1979,37.0
04,27,1979,37.0
04,28,1979,36.0
04,29,1979,33.0
04,30,1979,33.0
05,01,1979,33.0
05,02,1979,36.0
05,03,1979,37.0
05,04,1979,34.0
05,05,1979,27.0
05,06,1979,29.0
05,07,1979,31.0
05,08,1979,33.0
05,09,1979,36.0
05,10,1979,33.0
05,11,1979,34.0
05,12,1979,35.0
05,13,1979,33.0
05,14,1979,28.0
05,15,1979,29.0
05,16,1979,28.0
05,17,1979,28.0
05,18,1979,32.0
05,19,1979,31.0
05,20,1979,33.0
05,21,1979,28.0
05,22,1979,35.0
05,23,1979,34.0
05,24,1979,35.0
05,25,1979,34.0
05,26,1979,35.0
05,27,1979,33.0
05,28,1979,35.0
05,29,1979,36.0
05,30,1979,33.0
05,31,1979,37.0
06,01,1979,34.0
06,02,1979,33.0
06,03,1979,36.0
06,04,1979,27.0
06,05,1979,27.0
06,06,1979,33.0
06,07,1979,32.0
06,08,1979,34.0
06,09,1979,35.0
06,10,1979,36.0
06,11,1979,40.0
06,12,1979,38.0
06,13,1979,34.0
06,14,1979,33.0
06,15,1979,39.0
06,16,1979,34.0
06,17,1979,36.0
06,18,1979,34.0
06,19,1979,35.0
06,20,1979,34.0
06,21,1979,38.0
06,22,1979,29.0
06,23,1979,30.0
06,24,1979,30.0
06,25,1979,36.0
06,26,1979,37.0
06,27,1979,37.0
06,28,1979,36.0
06,29,1979,33.0
06,30,1979,33.0
07,01,1979,null
07,02,1979,null
07,03,1979,null
07,04,1979,null
07,05,1979,null
07,06,1979,null
07,07,1979,null
07,08,1979,null
07,09,1979,null
07,10,1979,null
07,11,1979,null
07,12,1979,null
07,13,1979,null
07,14,1979,null
07,15,1979,null
07,16,1979,null
07,17,1979,null
07,18,1979,null
07,19,1979,null
07,20,1979,null
07,21,1979,null
07,22,1979,null
07,23,1979,null
07,24,1979,null
07,25,1979,null
07,26,1979,null
07,27,1979,null
07,28,1979,null
07,29,1979,null
07,30,1979,null
07,31,1979,null
08,01,1979,null
08,02,1979,null
08,03,1979,null
08,04,1979,null
08,05,1979,null
08,06,1979,null
08,07,1979,null
08,08,1979,null
08,09,1979,null
08,10,1979,null
08,11,1979,null
08,12,1979,null
08,13,1979,null
08,14,1979,null
08,15,1979,null
08,16,1979,null
08,17,1979,null
08,18,1979,null
08,19,1979,null
08,20,1979,null
08,21,1979,null
08,22,1979,null
08,23,1979,null
08,24,1979,null
08,25,1979,null
08,26,1979,null
08,27,1979,null
08,28,1979,null
08,29,1979,null
08,30,1979,null
08,31,1979,null
09,01,1979,null
09,02,1979,null
09,03,1979,null
09,04,1979,null
09,05,1979,null
09,06,1979,null
09,07,1979,null
09,08,1979,31.0
09,09,1979,31.0
09,10,1979,30.0
09,11,1979,31.0
09,12,1979,32.0
09,13,1979,32.0
09,14,1979,31.0
09,15,1979,32.0
09,16,1979,30.0
09,17,1979,31.0
09,18,1979,29.0
09,19,1979,30.0
09,20,1979,33.0
09,21,1979,31.0
09,22,1979,33.0
09,23,1979,24.0
09,24,1979,29.0
09,25,1979,29.0
09,26,1979,30.0
09,27,1979,28.0
09,28,1979,30.0
09,29,1979,30.0
09,30,1979,30.0
10,01,1979,31.0
10,02,1979,31.0
10,03,1979,30.0
10,04,1979,29.0
10,05,1979,28.0
10,06,1979,29.0
10,07,1979,29.0
10,08,1979,29.0
10,09,1979,30.0
10,10,1979,29.0
10,11,1979,32.0
10,12,1979,31.0
10,13,1979,31.0
10,14,1979,29.0
10,15,1979,31.0
10,16,1979,31.0
10,17,1979,32.0
10,18,1979,30.0
10,19,1979,31.0
10,20,1979,32.0
10,21,1979,31.0
10,22,1979,33.0
10,23,1979,24.0
10,24,1979,25.0
10,25,1979,27.0
10,26,1979,25.0
10,27,1979,29.0
10,28,1979,30.0
10,29,1979,31.0
10,30,1979,29.0
10,31,1979,30.0
11,01,1979,28.0
11,02,1979,27.0
11,03,1979,28.0
11,04,1979,27.0
11,05,1979,31.0
11,06,1979,27.0
11,07,1979,31.0
11,08,1979,31.0
11,09,1979,27.0
11,10,1979,27.0
11,11,1979,31.0
11,12,1979,28.0
11,13,1979,31.0
11,14,1979,28.0
11,15,1979,28.0
11,16,1979,27.0
11,17,1979,30.0
11,18,1979,29.0
11,19,1979,28.0
11,20,1979,30.0
11,21,1979,28.0
11,22,1979,28.0
11,23,1979,28.0
11,24,1979,27.0
11,25,1979,25.0
11,26,1979,28.0
11,27,1979,31.0
11,28,1979,22.0
11,29,1979,22.0
11,30,1979,21.0
12,01,1979,22.1
12,02,1979,23.0
12,03,1979,21.1
12,04,1979,21.0
12,05,1979,25.0
12,06,1979,27.0
12,07,1979,22.0
12,08,1979,23.0
12,09,1979,21.0
12,10,1979,21.0
12,11,1979,28.0
12,12,1979,23.1
12,13,1979,24.0
12,14,1979,24.0
12,15,1979,26.0
12,16,1979,27.0
12,17,1979,28.0
12,18,1979,24.1
12,19,1979,27.0
12,20,1979,26.0
12,21,1979,23.1
12,22,1979,23.0
12,23,1979,24.0
12,24,1979,25.0
12,25,1979,26.0
12,26,1979,24.0
12,27,1979,21.0
12,28,1979,22.0
12,29,1979,22.0
12,30,1979,21.0
12,31,1979,20.0
01,01,1980,null
01,02,1980,null
01,03,1980,null
01,04,1980,26.0
01,05,1980,26.0
01,06,1980,27.0
01,07,1980,28.0
01,08,1980,27.0
01,09,1980,25.0
01,10,1980,25.0
01,11,1980,28.0
01,12,1980,28.0
01,13,1980,24.0
01,14,1980,22.0
01,15,1980,26.0
01,16,1980,24.0
01,17,1980,27.0
01,18,1980,27.0
01,19,1980,28.0
01,20,1980,25.0
01,21,1980,27.0
01,22,1980,27.0
01,23,1980,22.0
01,24,1980,21.0
01,25,1980,24.0
01,26,1980,26.0
01,27,1980,22.0
01,28,1980,26.0
01,29,1980,27.0
01,30,1980,30.0
01,31,1980,27.0
02,01,1980,21.0
02,02,1980,24.0
02,03,1980,25.0
02,04,1980,28.0
02,05,1980,25.0
02,06,1980,25.0
02,07,1980,26.0
02,08,1980,26.0
02,09,1980,25.0
02,10,1980,15.1
02,11,1980,25.0
02,12,1980,33.0
02,13,1980,28.0
02,14,1980,22.0
02,15,1980,25.0
02,16,1980,19.0
02,17,1980,18.0
02,18,1980,27.0
02,19,1980,28.0
02,20,1980,19.0
02,21,1980,29.0
02,22,1980,25.0
02,23,1980,19.0
02,24,1980,27.0
02,25,1980,26.0
02,26,1980,28.0
02,27,1980,25.0
02,28,1980,28.0
02,29,1980,30.0
03,01,1980,null
03,02,1980,null
03,03,1980,null
03,04,1980,null
03,05,1980,null
03,06,1980,null
03,07,1980,null
03,08,1980,null
03,09,1980,null
03,10,1980,null
03,11,1980,null
03,12,1980,null
03,13,1980,null
03,14,1980,null
03,15,1980,null
03,16,1980,null
03,17,1980,null
03,18,1980,null
03,19,1980,null
03,20,1980,null
03,21,1980,null
03,22,1980,null
03,23,1980,null
03,24,1980,null
03,25,1980,null
03,26,1980,null
03,27,1980,null
03,28,1980,null
03,29,1980,null
03,30,1980,null
03,31,1980,null
04,01,1980,null
04,02,1980,null
04,03,1980,null
04,04,1980,null
04,05,1980,null
04,06,1980,null
04,07,1980,null
04,08,1980,null
04,09,1980,null
04,10,1980,null
04,11,1980,null
04,12,1980,null
04,13,1980,null
04,14,1980,null
04,15,1980,null
04,16,1980,null
04,17,1980,null
04,18,1980,null
04,19,1980,null
04,20,1980,null
04,21,1980,null
04,22,1980,null
04,23,1980,null
04,24,1980,null
04,25,1980,null
04,26,1980,null
04,27,1980,null
04,28,1980,null
04,29,1980,null
04,30,1980,null
05,01,1980,null
05,02,1980,null
05,03,1980,null
05,04,1980,null
05,05,1980,null
05,06,1980,null
05,07,1980,null
05,08,1980,null
05,09,1980,null
05,10,1980,null
05,11,1980,null
05,12,1980,null
05,13,1980,null
05,14,1980,null
05,15,1980,null
05,16,1980,null
05,17,1980,null
05,18,1980,null
05,19,1980,null
05,20,1980,null
05,21,1980,null
05,22,1980,null
05,23,1980,null
05,24,1980,null
05,25,1980,null
05,26,1980,null
05,27,1980,null
05,28,1980,null
05,29,1980,null
05,30,1980,null
05,31,1980,null
06,01,1980,null
06,02,1980,null
06,03,1980,null
06,04,1980,null
06,05,1980,null
06,06,1980,null
06,07,1980,null
06,08,1980,null
06,09,1980,null
06,10,1980,null
06,11,1980,null
06,12,1980,null
06,13,1980,null
06,14,1980,null
06,15,1980,null
06,16,1980,null
06,17,1980,null
06,18,1980,null
06,19,1980,null
06,20,1980,null
06,21,1980,null
06,22,1980,null
06,23,1980,null
06,24,1980,null
06,25,1980,null
06,26,1980,null
06,27,1980,null
06,28,1980,null
06,29,1980,null
06,30,1980,null
07,01,1980,null
07,02,1980,null
07,03,1980,null
07,04,1980,null
07,05,1980,null
07,06,1980,null
07,07,1980,null
07,08,1980,null
07,09,1980,null
07,10,1980,null
07,11,1980,null
07,12,1980,null
07,13,1980,null
07,14,1980,null
07,15,1980,null
07,16,1980,null
07,17,1980,null
07,18,1980,null
07,19,1980,null
07,20,1980,null
07,21,1980,null
07,22,1980,null
07,23,1980,null
07,24,1980,null
07,25,1980,null
07,26,1980,null
07,27,1980,null
07,28,1980,null
07,29,1980,null
07,30,1980,null
07,31,1980,null
08,01,1980,null
08,02,1980,null
08,03,1980,null
08,04,1980,null
08,05,1980,null
08,06,1980,null
08,07,1980,null
08,08,1980,null
08,09,1980,null
08,10,1980,null
08,11,1980,null
08,12,1980,null
08,13,1980,null
08,14,1980,null
08,15,1980,null
08,16,1980,null
08,17,1980,null
08,18,1980,null
08,19,1980,null
08,20,1980,null
08,21,1980,null
08,22,1980,null
08,23,1980,null
08,24,1980,null
08,25,1980,null
08,26,1980,null
08,27,1980,null
08,28,1980,null
08,29,1980,null
08,30,1980,null
08,31,1980,null
09,01,1980,null
09,02,1980,null
09,03,1980,null
09,04,1980,null
09,05,1980,null
09,06,1980,null
09,07,1980,null
09,08,1980,null
09,09,1980,null
09,10,1980,null
09,11,1980,null
09,12,1980,null
09,13,1980,null
09,14,1980,null
09,15,1980,null
09,16,1980,null
09,17,1980,null
09,18,1980,null
09,19,1980,null
09,20,1980,null
09,21,1980,null
09,22,1980,null
09,23,1980,null
09,24,1980,null
09,25,1980,null
09,26,1980,null
09,27,1980,null
09,28,1980,null
09,29,1980,null
09,30,1980,null
10,01,1980,null
10,02,1980,null
10,03,1980,null
10,04,1980,null
10,05,1980,null
10,06,1980,null
10,07,1980,null
10,08,1980,null
10,09,1980,null
10,10,1980,null
10,11,1980,null
10,12,1980,null
10,13,1980,null
10,14,1980,null
10,15,1980,null
10,16,1980,null
10,17,1980,null
10,18,1980,null
10,19,1980,null
10,20,1980,null
10,21,1980,null
10,22,1980,null
10,23,1980,null
10,24,1980,null
10,25,1980,null
10,26,1980,null
10,27,1980,null
10,28,1980,null
10,29,1980,null
10,30,1980,null
10,31,1980,null
11,01,1980,null
11,02,1980,null
11,03,1980,null
11,04,1980,null
11,05,1980,null
11,06,1980,null
11,07,1980,null
11,08,1980,null
11,09,1980,null
11,10,1980,null
11,11,1980,null
11,12,1980,null
11,13,1980,null
11,14,1980,null
11,15,1980,null
11,16,1980,null
11,17,1980,null
11,18,1980,null
11,19,1980,null
11,20,1980,null
11,21,1980,null
11,22,1980,null
11,23,1980,null
11,24,1980,null
11,25,1980,null
11,26,1980,null
11,27,1980,null
11,28,1980,null
11,29,1980,null
11,30,1980,null
12,01,1980,null
12,02,1980,null
12,03,1980,null
12,04,1980,null
12,05,1980,null
12,06,1980,null
12,07,1980,null
12,08,1980,null
12,09,1980,null
12,10,1980,null
12,11,1980,null
12,12,1980,null
12,13,1980,null
12,14,1980,null
12,15,1980,null
12,16,1980,null
12,17,1980,null
12,18,1980,null
12,19,1980,null
12,20,1980,null
12,21,1980,null
12,22,1980,null
12,23,1980,null
12,24,1980,null
12,25,1980,null
12,26,1980,null
12,27,1980,null
12,28,1980,null
12,29,1980,null
12,30,1980,null
12,31,1980,null
01,01,1981,null
01,02,1981,null
01,03,1981,null
01,04,1981,null
01,05,1981,null
01,06,1981,null
01,07,1981,null
01,08,1981,null
01,09,1981,null
01,10,1981,null
01,11,1981,null
01,12,1981,null
01,13,1981,null
01,14,1981,null
01,15,1981,null
01,16,1981,null
01,17,1981,null
01,18,1981,null
01,19,1981,null
01,20,1981,null
01,21,1981,null
01,22,1981,null
01,23,1981,null
01,24,1981,null
01,25,1981,null
01,26,1981,null
01,27,1981,null
01,28,1981,null
01,29,1981,null
01,30,1981,null
01,31,1981,null
02,01,1981,null
02,02,1981,null
02,03,1981,null
02,04,1981,null
02,05,1981,null
02,06,1981,null
02,07,1981,null
02,08,1981,null
02,09,1981,null
02,10,1981,null
02,11,1981,null
02,12,1981,null
02,13,1981,null
02,14,1981,null
02,15,1981,null
02,16,1981,null
02,17,1981,null
02,18,1981,null
02,19,1981,null
02,20,1981,null
02,21,1981,null
02,22,1981,null
02,23,1981,null
02,24,1981,null
02,25,1981,null
02,26,1981,null
02,27,1981,null
02,28,1981,null
03,01,1981,null
03,02,1981,null
03,03,1981,null
03,04,1981,null
03,05,1981,null
03,06,1981,null
03,07,1981,null
03,08,1981,null
03,09,1981,null
03,10,1981,null
03,11,1981,null
03,12,1981,null
03,13,1981,null
03,14,1981,null
03,15,1981,null
03,16,1981,null
03,17,1981,null
03,18,1981,null
03,19,1981,null
03,20,1981,null
03,21,1981,null
03,22,1981,null
03,23,1981,null
03,24,1981,null
03,25,1981,null
03,26,1981,null
03,27,1981,null
03,28,1981,null
03,29,1981,null
03,30,1981,null
03,31,1981,null
04,01,1981,null
04,02,1981,null
04,03,1981,null
04,04,1981,null
04,05,1981,null
04,06,1981,null
04,07,1981,null
04,08,1981,null
04,09,1981,null
04,10,1981,null
04,11,1981,null
04,12,1981,null
04,13,1981,null
04,14,1981,null
04,15,1981,null
04,16,1981,null
04,17,1981,null
04,18,1981,null
04,19,1981,null
04,20,1981,null
04,21,1981,null
04,22,1981,null
04,23,1981,null
04,24,1981,null
04,25,1981,null
04,26,1981,null
04,27,1981,null
04,28,1981,null
04,29,1981,null
04,30,1981,null
05,01,1981,null
05,02,1981,null
05,03,1981,null
05,04,1981,null
05,05,1981,null
05,06,1981,null
05,07,1981,null
05,08,1981,null
05,09,1981,null
05,10,1981,null
05,11,1981,null
05,12,1981,null
05,13,1981,null
05,14,1981,null
05,15,1981,null
05,16,1981,null
05,17,1981,null
05,18,1981,null
05,19,1981,null
05,20,1981,null
05,21,1981,null
05,22,1981,null
05,23,1981,null
05,24,1981,null
05,25,1981,null
05,26,1981,null
05,27,1981,null
05,28,1981,null
05,29,1981,null
05,30,1981,null
05,31,1981,null
06,01,1981,null
06,02,1981,null
06,03,1981,null
06,04,1981,null
06,05,1981,null
06,06,1981,null
06,07,1981,null
06,08,1981,null
06,09,1981,null
06,10,1981,null
06,11,1981,null
06,12,1981,null
06,13,1981,null
06,14,1981,null
06,15,1981,null
06,16,1981,null
06,17,1981,null
06,18,1981,null
06,19,1981,null
06,20,1981,null
06,21,1981,null
06,22,1981,null
06,23,1981,null
06,24,1981,null
06,25,1981,null
06,26,1981,null
06,27,1981,null
06,28,1981,null
06,29,1981,null
06,30,1981,null
07,01,1981,null
07,02,1981,null
07,03,1981,null
07,04,1981,null
07,05,1981,null
07,06,1981,null
07,07,1981,null
07,08,1981,null
07,09,1981,null
07,10,1981,null
07,11,1981,null
07,12,1981,null
07,13,1981,null
07,14,1981,null
07,15,1981,null
07,16,1981,null
07,17,1981,null
07,18,1981,null
07,19,1981,null
07,20,1981,null
07,21,1981,null
07,22,1981,null
07,23,1981,null
07,24,1981,null
07,25,1981,null
07,26,1981,null
07,27,1981,null
07,28,1981,null
07,29,1981,null
07,30,1981,null
07,31,1981,null
08,01,1981,null
08,02,1981,null
08,03,1981,null
08,04,1981,null
08,05,1981,null
08,06,1981,null
08,07,1981,null
08,08,1981,null
08,09,1981,null
08,10,1981,null
08,11,1981,null
08,12,1981,null
08,13,1981,null
08,14,1981,null
08,15,1981,null
08,16,1981,null
08,17,1981,null
08,18,1981,null
08,19,1981,null
08,20,1981,null
08,21,1981,null
08,22,1981,null
08,23,1981,null
08,24,1981,null
08,25,1981,null
08,26,1981,null
08,27,1981,null
08,28,1981,null
08,29,1981,null
08,30,1981,null
08,31,1981,null
09,01,1981,null
09,02,1981,null
09,03,1981,null
09,04,1981,null
09,05,1981,null
09,06,1981,null
09,07,1981,null
09,08,1981,null
09,09,1981,null
09,10,1981,null
09,11,1981,null
09,12,1981,null
09,13,1981,null
09,14,1981,null
09,15,1981,null
09,16,1981,null
09,17,1981,null
09,18,1981,null
09,19,1981,null
09,20,1981,null
09,21,1981,null
09,22,1981,null
09,23,1981,null
09,24,1981,null
09,25,1981,null
09,26,1981,null
09,27,1981,null
09,28,1981,null
09,29,1981,null
09,30,1981,null
10,01,1981,null
10,02,1981,null
10,03,1981,null
10,04,1981,null
10,05,1981,null
10,06,1981,null
10,07,1981,null
10,08,1981,null
10,09,1981,null
10,10,1981,null
10,11,1981,null
10,12,1981,null
10,13,1981,null
10,14,1981,null
10,15,1981,null
10,16,1981,null
10,17,1981,null
10,18,1981,null
10,19,1981,null
10,20,1981,null
10,21,1981,null
10,22,1981,null
10,23,1981,null
10,24,1981,null
10,25,1981,null
10,26,1981,null
10,27,1981,null
10,28,1981,null
10,29,1981,null
10,30,1981,null
10,31,1981,null
11,01,1981,null
11,02,1981,null
11,03,1981,null
11,04,1981,null
11,05,1981,null
11,06,1981,null
11,07,1981,null
11,08,1981,null
11,09,1981,null
11,10,1981,null
11,11,1981,null
11,12,1981,null
11,13,1981,null
11,14,1981,null
11,15,1981,null
11,16,1981,null
11,17,1981,null
11,18,1981,null
11,19,1981,null
11,20,1981,null
11,21,1981,null
11,22,1981,null
11,23,1981,null
11,24,1981,null
11,25,1981,null
11,26,1981,null
11,27,1981,null
11,28,1981,null
11,29,1981,null
11,30,1981,null
12,01,1981,null
12,02,1981,null
12,03,1981,null
12,04,1981,null
12,05,1981,null
12,06,1981,null
12,07,1981,null
12,08,1981,null
12,09,1981,null
12,10,1981,null
12,11,1981,null
12,12,1981,null
12,13,1981,null
12,14,1981,null
12,15,1981,null
12,16,1981,null
12,17,1981,null
12,18,1981,null
12,19,1981,null
12,20,1981,null
12,21,1981,null
12,22,1981,null
12,23,1981,null
12,24,1981,null
12,25,1981,null
12,26,1981,null
12,27,1981,null
12,28,1981,null
12,29,1981,null
12,30,1981,null
12,31,1981,null
01,01,1982,null
01,02,1982,null
01,03,1982,null
01,04,1982,null
01,05,1982,null
01,06,1982,null
01,07,1982,null
01,08,1982,null
01,09,1982,null
01,10,1982,null
01,11,1982,null
01,12,1982,null
01,13,1982,null
01,14,1982,null
01,15,1982,null
01,16,1982,null
01,17,1982,null
01,18,1982,null
01,19,1982,null
01,20,1982,null
01,21,1982,null
01,22,1982,null
01,23,1982,null
01,24,1982,null
01,25,1982,null
01,26,1982,null
01,27,1982,null
01,28,1982,null
01,29,1982,null
01,30,1982,null
01,31,1982,null
02,01,1982,null
02,02,1982,null
02,03,1982,null
02,04,1982,null
02,05,1982,null
02,06,1982,null
02,07,1982,null
02,08,1982,null
02,09,1982,null
02,10,1982,null
02,11,1982,null
02,12,1982,null
02,13,1982,null
02,14,1982,null
02,15,1982,null
02,16,1982,null
02,17,1982,null
02,18,1982,null
02,19,1982,null
02,20,1982,null
02,21,1982,null
02,22,1982,null
02,23,1982,null
02,24,1982,null
02,25,1982,null
02,26,1982,null
02,27,1982,null
02,28,1982,null
03,01,1982,null
03,02,1982,null
03,03,1982,null
03,04,1982,null
03,05,1982,null
03,06,1982,null
03,07,1982,null
03,08,1982,null
03,09,1982,null
03,10,1982,null
03,11,1982,null
03,12,1982,null
03,13,1982,null
03,14,1982,null
03,15,1982,null
03,16,1982,null
03,17,1982,null
03,18,1982,null
03,19,1982,null
03,20,1982,null
03,21,1982,null
03,22,1982,null
03,23,1982,null
03,24,1982,null
03,25,1982,null
03,26,1982,null
03,27,1982,null
03,28,1982,null
03,29,1982,null
03,30,1982,null
03,31,1982,null
04,01,1982,null
04,02,1982,null
04,03,1982,null
04,04,1982,null
04,05,1982,null
04,06,1982,null
04,07,1982,null
04,08,1982,null
04,09,1982,null
04,10,1982,null
04,11,1982,null
04,12,1982,null
04,13,1982,null
04,14,1982,null
04,15,1982,null
04,16,1982,null
04,17,1982,null
04,18,1982,null
04,19,1982,null
04,20,1982,null
04,21,1982,null
04,22,1982,null
04,23,1982,null
04,24,1982,null
04,25,1982,null
04,26,1982,null
04,27,1982,null
04,28,1982,null
04,29,1982,null
04,30,1982,null
05,01,1982,null
05,02,1982,null
05,03,1982,null
05,04,1982,null
05,05,1982,null
05,06,1982,null
05,07,1982,null
05,08,1982,null
05,09,1982,null
05,10,1982,null
05,11,1982,null
05,12,1982,null
05,13,1982,null
05,14,1982,null
05,15,1982,null
05,16,1982,null
05,17,1982,null
05,18,1982,null
05,19,1982,null
05,20,1982,null
05,21,1982,null
05,22,1982,null
05,23,1982,null
05,24,1982,null
05,25,1982,null
05,26,1982,null
05,27,1982,null
05,28,1982,null
05,29,1982,null
05,30,1982,null
05,31,1982,null
06,01,1982,null
06,02,1982,null
06,03,1982,null
06,04,1982,null
06,05,1982,null
06,06,1982,null
06,07,1982,null
06,08,1982,null
06,09,1982,null
06,10,1982,null
06,11,1982,null
06,12,1982,null
06,13,1982,null
06,14,1982,null
06,15,1982,null
06,16,1982,null
06,17,1982,null
06,18,1982,null
06,19,1982,null
06,20,1982,null
06,21,1982,null
06,22,1982,null
06,23,1982,null
06,24,1982,null
06,25,1982,null
06,26,1982,null
06,27,1982,null
06,28,1982,null
06,29,1982,null
06,30,1982,null
07,01,1982,null
07,02,1982,null
07,03,1982,null
07,04,1982,null
07,05,1982,null
07,06,1982,null
07,07,1982,null
07,08,1982,null
07,09,1982,null
07,10,1982,null
07,11,1982,null
07,12,1982,null
07,13,1982,null
07,14,1982,null
07,15,1982,null
07,16,1982,null
07,17,1982,null
07,18,1982,null
07,19,1982,null
07,20,1982,null
07,21,1982,null
07,22,1982,null
07,23,1982,null
07,24,1982,null
07,25,1982,null
07,26,1982,null
07,27,1982,null
07,28,1982,null
07,29,1982,null
07,30,1982,null
07,31,1982,null
08,01,1982,null
08,02,1982,null
08,03,1982,null
08,04,1982,null
08,05,1982,null
08,06,1982,null
08,07,1982,null
08,08,1982,null
08,09,1982,null
08,10,1982,null
08,11,1982,null
08,12,1982,null
08,13,1982,null
08,14,1982,null
08,15,1982,null
08,16,1982,null
08,17,1982,null
08,18,1982,null
08,19,1982,null
08,20,1982,null
08,21,1982,null
08,22,1982,null
08,23,1982,null
08,24,1982,null
08,25,1982,null
08,26,1982,null
08,27,1982,null
08,28,1982,null
08,29,1982,null
08,30,1982,null
08,31,1982,null
09,01,1982,null
09,02,1982,null
09,03,1982,null
09,04,1982,null
09,05,1982,null
09,06,1982,null
09,07,1982,null
09,08,1982,null
09,09,1982,null
09,10,1982,null
09,11,1982,null
09,12,1982,null
09,13,1982,null
09,14,1982,null
09,15,1982,null
09,16,1982,null
09,17,1982,null
09,18,1982,null
09,19,1982,null
09,20,1982,null
09,21,1982,null
09,22,1982,null
09,23,1982,null
09,24,1982,null
09,25,1982,null
09,26,1982,null
09,27,1982,null
09,28,1982,null
09,29,1982,null
09,30,1982,null
10,01,1982,null
10,02,1982,null
10,03,1982,null
10,04,1982,null
10,05,1982,null
10,06,1982,null
10,07,1982,null
10,08,1982,null
10,09,1982,null
10,10,1982,null
10,11,1982,null
10,12,1982,null
10,13,1982,null
10,14,1982,null
10,15,1982,null
10,16,1982,null
10,17,1982,null
10,18,1982,null
10,19,1982,null
10,20,1982,null
10,21,1982,null
10,22,1982,null
10,23,1982,null
10,24,1982,null
10,25,1982,null
10,26,1982,null
10,27,1982,null
10,28,1982,null
10,29,1982,null
10,30,1982,null
10,31,1982,null
11,01,1982,null
11,02,1982,null
11,03,1982,null
11,04,1982,null
11,05,1982,null
11,06,1982,null
11,07,1982,null
11,08,1982,null
11,09,1982,null
11,10,1982,null
11,11,1982,null
11,12,1982,null
11,13,1982,null
11,14,1982,null
11,15,1982,null
11,16,1982,null
11,17,1982,null
11,18,1982,null
11,19,1982,null
11,20,1982,null
11,21,1982,null
11,22,1982,null
11,23,1982,null
11,24,1982,null
11,25,1982,null
11,26,1982,null
11,27,1982,null
11,28,1982,null
11,29,1982,null
11,30,1982,null
12,01,1982,null
12,02,1982,null
12,03,1982,null
12,04,1982,null
12,05,1982,null
12,06,1982,null
12,07,1982,null
12,08,1982,null
12,09,1982,null
12,10,1982,null
12,11,1982,null
12,12,1982,null
12,13,1982,null
12,14,1982,null
12,15,1982,null
12,16,1982,null
12,17,1982,null
12,18,1982,null
12,19,1982,null
12,20,1982,null
12,21,1982,null
12,22,1982,null
12,23,1982,null
12,24,1982,null
12,25,1982,null
12,26,1982,null
12,27,1982,null
12,28,1982,null
12,29,1982,null
12,30,1982,null
12,31,1982,null
01,01,1983,null
01,02,1983,null
01,03,1983,null
01,04,1983,null
01,05,1983,null
01,06,1983,null
01,07,1983,null
01,08,1983,null
01,09,1983,null
01,10,1983,null
01,11,1983,null
01,12,1983,null
01,13,1983,null
01,14,1983,null
01,15,1983,null
01,16,1983,null
01,17,1983,null
01,18,1983,null
01,19,1983,null
01,20,1983,null
01,21,1983,null
01,22,1983,null
01,23,1983,null
01,24,1983,null
01,25,1983,null
01,26,1983,null
01,27,1983,null
01,28,1983,null
01,29,1983,null
01,30,1983,null
01,31,1983,null
02,01,1983,null
02,02,1983,null
02,03,1983,null
02,04,1983,null
02,05,1983,null
02,06,1983,null
02,07,1983,null
02,08,1983,null
02,09,1983,null
02,10,1983,null
02,11,1983,null
02,12,1983,null
02,13,1983,null
02,14,1983,null
02,15,1983,null
02,16,1983,null
02,17,1983,null
02,18,1983,null
02,19,1983,null
02,20,1983,null
02,21,1983,null
02,22,1983,null
02,23,1983,null
02,24,1983,null
02,25,1983,null
02,26,1983,null
02,27,1983,null
02,28,1983,null
03,01,1983,null
03,02,1983,null
03,03,1983,null
03,04,1983,null
03,05,1983,null
03,06,1983,null
03,07,1983,null
03,08,1983,null
03,09,1983,null
03,10,1983,null
03,11,1983,null
03,12,1983,null
03,13,1983,null
03,14,1983,null
03,15,1983,null
03,16,1983,null
03,17,1983,null
03,18,1983,null
03,19,1983,null
03,20,1983,null
03,21,1983,null
03,22,1983,null
03,23,1983,null
03,24,1983,null
03,25,1983,null
03,26,1983,null
03,27,1983,null
03,28,1983,null
03,29,1983,null
03,30,1983,null
03,31,1983,null
04,01,1983,null
04,02,1983,null
04,03,1983,null
04,04,1983,null
04,05,1983,null
04,06,1983,null
04,07,1983,null
04,08,1983,null
04,09,1983,null
04,10,1983,null
04,11,1983,null
04,12,1983,null
04,13,1983,null
04,14,1983,null
04,15,1983,null
04,16,1983,null
04,17,1983,null
04,18,1983,null
04,19,1983,null
04,20,1983,null
04,21,1983,null
04,22,1983,null
04,23,1983,null
04,24,1983,null
04,25,1983,null
04,26,1983,null
04,27,1983,null
04,28,1983,null
04,29,1983,null
04,30,1983,null
05,01,1983,null
05,02,1983,null
05,03,1983,null
05,04,1983,null
05,05,1983,null
05,06,1983,null
05,07,1983,null
05,08,1983,null
05,09,1983,null
05,10,1983,null
05,11,1983,null
05,12,1983,null
05,13,1983,null
05,14,1983,null
05,15,1983,null
05,16,1983,null
05,17,1983,null
05,18,1983,null
05,19,1983,null
05,20,1983,null
05,21,1983,null
05,22,1983,null
05,23,1983,null
05,24,1983,null
05,25,1983,null
05,26,1983,null
05,27,1983,null
05,28,1983,null
05,29,1983,null
05,30,1983,null
05,31,1983,null
06,01,1983,null
06,02,1983,null
06,03,1983,null
06,04,1983,null
06,05,1983,null
06,06,1983,null
06,07,1983,null
06,08,1983,null
06,09,1983,null
06,10,1983,null
06,11,1983,null
06,12,1983,null
06,13,1983,null
06,14,1983,null
06,15,1983,null
06,16,1983,null
06,17,1983,null
06,18,1983,null
06,19,1983,null
06,20,1983,null
06,21,1983,null
06,22,1983,null
06,23,1983,null
06,24,1983,null
06,25,1983,null
06,26,1983,null
06,27,1983,null
06,28,1983,null
06,29,1983,null
06,30,1983,null
07,01,1983,null
07,02,1983,null
07,03,1983,null
07,04,1983,null
07,05,1983,null
07,06,1983,null
07,07,1983,null
07,08,1983,null
07,09,1983,null
07,10,1983,null
07,11,1983,null
07,12,1983,null
07,13,1983,null
07,14,1983,null
07,15,1983,null
07,16,1983,null
07,17,1983,null
07,18,1983,null
07,19,1983,null
07,20,1983,null
07,21,1983,null
07,22,1983,null
07,23,1983,null
07,24,1983,null
07,25,1983,null
07,26,1983,null
07,27,1983,null
07,28,1983,null
07,29,1983,null
07,30,1983,null
07,31,1983,null
08,01,1983,null
08,02,1983,null
08,03,1983,null
08,04,1983,null
08,05,1983,null
08,06,1983,null
08,07,1983,null
08,08,1983,null
08,09,1983,null
08,10,1983,null
08,11,1983,null
08,12,1983,null
08,13,1983,null
08,14,1983,null
08,15,1983,null
08,16,1983,null
08,17,1983,null
08,18,1983,null
08,19,1983,null
08,20,1983,null
08,21,1983,null
08,22,1983,null
08,23,1983,null
08,24,1983,null
08,25,1983,null
08,26,1983,null
08,27,1983,null
08,28,1983,null
08,29,1983,null
08,30,1983,null
08,31,1983,null
09,01,1983,null
09,02,1983,null
09,03,1983,null
09,04,1983,null
09,05,1983,null
09,06,1983,null
09,07,1983,null
09,08,1983,null
09,09,1983,null
09,10,1983,null
09,11,1983,null
09,12,1983,null
09,13,1983,null
09,14,1983,null
09,15,1983,null
09,16,1983,null
09,17,1983,null
09,18,1983,null
09,19,1983,null
09,20,1983,null
09,21,1983,null
09,22,1983,null
09,23,1983,null
09,24,1983,null
09,25,1983,null
09,26,1983,null
09,27,1983,null
09,28,1983,null
09,29,1983,null
09,30,1983,null
10,01,1983,null
10,02,1983,null
10,03,1983,null
10,04,1983,null
10,05,1983,null
10,06,1983,null
10,07,1983,null
10,08,1983,null
10,09,1983,null
10,10,1983,null
10,11,1983,null
10,12,1983,null
10,13,1983,null
10,14,1983,null
10,15,1983,null
10,16,1983,null
10,17,1983,null
10,18,1983,null
10,19,1983,null
10,20,1983,null
10,21,1983,null
10,22,1983,null
10,23,1983,null
10,24,1983,null
10,25,1983,null
10,26,1983,null
10,27,1983,null
10,28,1983,null
10,29,1983,null
10,30,1983,null
10,31,1983,null
11,01,1983,null
11,02,1983,null
11,03,1983,null
11,04,1983,null
11,05,1983,null
11,06,1983,null
11,07,1983,null
11,08,1983,null
11,09,1983,null
11,10,1983,null
11,11,1983,null
11,12,1983,null
11,13,1983,null
11,14,1983,null
11,15,1983,null
11,16,1983,null
11,17,1983,null
11,18,1983,null
11,19,1983,null
11,20,1983,null
11,21,1983,null
11,22,1983,null
11,23,1983,null
11,24,1983,null
11,25,1983,null
11,26,1983,null
11,27,1983,null
11,28,1983,null
11,29,1983,null
11,30,1983,null
12,01,1983,null
12,02,1983,null
12,03,1983,null
12,04,1983,null
12,05,1983,null
12,06,1983,null
12,07,1983,null
12,08,1983,null
12,09,1983,null
12,10,1983,null
12,11,1983,null
12,12,1983,null
12,13,1983,null
12,14,1983,null
12,15,1983,null
12,16,1983,null
12,17,1983,null
12,18,1983,null
12,19,1983,null
12,20,1983,null
12,21,1983,null
12,22,1983,null
12,23,1983,null
12,24,1983,null
12,25,1983,null
12,26,1983,null
12,27,1983,null
12,28,1983,null
12,29,1983,null
12,30,1983,null
12,31,1983,null
01,01,1984,null
01,02,1984,null
01,03,1984,null
01,04,1984,null
01,05,1984,null
01,06,1984,null
01,07,1984,null
01,08,1984,null
01,09,1984,null
01,10,1984,null
01,11,1984,null
01,12,1984,null
01,13,1984,null
01,14,1984,null
01,15,1984,null
01,16,1984,null
01,17,1984,null
01,18,1984,null
01,19,1984,null
01,20,1984,null
01,21,1984,null
01,22,1984,null
01,23,1984,null
01,24,1984,null
01,25,1984,null
01,26,1984,null
01,27,1984,null
01,28,1984,null
01,29,1984,null
01,30,1984,null
01,31,1984,null
02,01,1984,27.5
02,02,1984,26.0
02,03,1984,31.0
02,04,1984,30.5
02,05,1984,24.0
02,06,1984,23.5
02,07,1984,28.0
02,08,1984,26.0
02,09,1984,28.0
02,10,1984,27.5
02,11,1984,26.0
02,12,1984,27.5
02,13,1984,28.0
02,14,1984,27.5
02,15,1984,28.0
02,16,1984,26.0
02,17,1984,28.0
02,18,1984,29.0
02,19,1984,28.0
02,20,1984,29.5
02,21,1984,32.0
02,22,1984,30.5
02,23,1984,31.0
02,24,1984,30.5
02,25,1984,32.0
02,26,1984,33.0
02,27,1984,34.0
02,28,1984,29.0
02,29,1984,28.5
