Id:,20363
Estación:,GUIGOVELAGA-OAX
Posición:,16.8830555556N -95.4575W
Variable:,Temp Máxima (oC)
Fecha Inicial:,04/01/1982
Fecha Final:,09/01/1991
No Dato:,nan
Mes,Día,Anio,Datos
04,01,1982,null
04,02,1982,null
04,03,1982,null
04,04,1982,null
04,05,1982,null
04,06,1982,null
04,07,1982,null
04,08,1982,null
04,09,1982,null
04,10,1982,null
04,11,1982,null
04,12,1982,null
04,13,1982,null
04,14,1982,null
04,15,1982,null
04,16,1982,34.0
04,17,1982,37.0
04,18,1982,33.0
04,19,1982,35.0
04,20,1982,36.0
04,21,1982,34.0
04,22,1982,28.0
04,23,1982,38.0
04,24,1982,29.5
04,25,1982,30.0
04,26,1982,34.0
04,27,1982,34.0
04,28,1982,35.0
04,29,1982,34.0
04,30,1982,31.0
05,01,1982,36.5
05,02,1982,30.0
05,03,1982,29.0
05,04,1982,30.0
05,05,1982,32.5
05,06,1982,40.0
05,07,1982,32.0
05,08,1982,34.0
05,09,1982,33.0
05,10,1982,41.0
05,11,1982,30.0
05,12,1982,36.0
05,13,1982,34.0
05,14,1982,34.0
05,15,1982,33.0
05,16,1982,34.0
05,17,1982,34.0
05,18,1982,31.5
05,19,1982,31.0
05,20,1982,32.0
05,21,1982,31.0
05,22,1982,32.0
05,23,1982,31.0
05,24,1982,33.5
05,25,1982,30.0
05,26,1982,33.5
05,27,1982,33.0
05,28,1982,31.5
05,29,1982,31.0
05,30,1982,30.0
05,31,1982,32.0
06,01,1982,32.5
06,02,1982,35.0
06,03,1982,33.5
06,04,1982,35.0
06,05,1982,33.5
06,06,1982,32.0
06,07,1982,34.0
06,08,1982,31.0
06,09,1982,33.0
06,10,1982,33.0
06,11,1982,28.5
06,12,1982,31.0
06,13,1982,28.5
06,14,1982,28.5
06,15,1982,27.0
06,16,1982,31.5
06,17,1982,31.0
06,18,1982,31.5
06,19,1982,27.0
06,20,1982,32.5
06,21,1982,31.0
06,22,1982,32.0
06,23,1982,31.0
06,24,1982,31.0
06,25,1982,28.0
06,26,1982,28.0
06,27,1982,31.0
06,28,1982,29.0
06,29,1982,31.0
06,30,1982,32.5
07,01,1982,31.0
07,02,1982,31.5
07,03,1982,30.5
07,04,1982,30.0
07,05,1982,31.0
07,06,1982,31.5
07,07,1982,27.5
07,08,1982,32.5
07,09,1982,31.0
07,10,1982,31.5
07,11,1982,30.0
07,12,1982,32.0
07,13,1982,29.0
07,14,1982,27.0
07,15,1982,26.0
07,16,1982,31.0
07,17,1982,28.0
07,18,1982,30.0
07,19,1982,30.0
07,20,1982,29.0
07,21,1982,29.0
07,22,1982,29.0
07,23,1982,29.5
07,24,1982,27.0
07,25,1982,29.0
07,26,1982,28.0
07,27,1982,29.0
07,28,1982,29.5
07,29,1982,28.0
07,30,1982,32.0
07,31,1982,27.0
08,01,1982,29.0
08,02,1982,29.0
08,03,1982,29.0
08,04,1982,29.0
08,05,1982,28.0
08,06,1982,28.0
08,07,1982,29.5
08,08,1982,29.5
08,09,1982,29.5
08,10,1982,33.0
08,11,1982,29.0
08,12,1982,28.0
08,13,1982,30.0
08,14,1982,28.0
08,15,1982,27.0
08,16,1982,30.0
08,17,1982,28.0
08,18,1982,31.0
08,19,1982,29.5
08,20,1982,29.0
08,21,1982,27.0
08,22,1982,28.5
08,23,1982,29.0
08,24,1982,31.0
08,25,1982,30.0
08,26,1982,39.0
08,27,1982,29.0
08,28,1982,29.0
08,29,1982,27.5
08,30,1982,27.5
08,31,1982,27.0
09,01,1982,27.0
09,02,1982,29.0
09,03,1982,29.5
09,04,1982,31.5
09,05,1982,28.5
09,06,1982,29.0
09,07,1982,27.5
09,08,1982,28.5
09,09,1982,30.0
09,10,1982,33.0
09,11,1982,29.0
09,12,1982,27.5
09,13,1982,28.5
09,14,1982,30.0
09,15,1982,29.0
09,16,1982,31.5
09,17,1982,28.0
09,18,1982,26.0
09,19,1982,27.5
09,20,1982,26.5
09,21,1982,27.0
09,22,1982,25.0
09,23,1982,26.0
09,24,1982,27.0
09,25,1982,29.0
09,26,1982,28.5
09,27,1982,29.0
09,28,1982,30.0
09,29,1982,28.5
09,30,1982,25.5
10,01,1982,27.0
10,02,1982,26.0
10,03,1982,25.5
10,04,1982,30.5
10,05,1982,29.0
10,06,1982,31.0
10,07,1982,31.5
10,08,1982,32.0
10,09,1982,31.5
10,10,1982,33.0
10,11,1982,29.5
10,12,1982,31.0
10,13,1982,28.5
10,14,1982,29.5
10,15,1982,25.0
10,16,1982,26.5
10,17,1982,22.5
10,18,1982,26.0
10,19,1982,24.5
10,20,1982,28.0
10,21,1982,27.5
10,22,1982,26.0
10,23,1982,24.5
10,24,1982,26.0
10,25,1982,24.0
10,26,1982,25.0
10,27,1982,26.0
10,28,1982,28.5
10,29,1982,29.5
10,30,1982,28.0
10,31,1982,26.5
11,01,1982,29.0
11,02,1982,31.0
11,03,1982,31.0
11,04,1982,25.0
11,05,1982,27.0
11,06,1982,23.0
11,07,1982,23.0
11,08,1982,24.0
11,09,1982,25.0
11,10,1982,26.0
11,11,1982,19.0
11,12,1982,29.0
11,13,1982,30.0
11,14,1982,24.0
11,15,1982,25.0
11,16,1982,27.0
11,17,1982,29.0
11,18,1982,28.0
11,19,1982,31.0
11,20,1982,32.0
11,21,1982,29.0
11,22,1982,27.0
11,23,1982,30.0
11,24,1982,28.0
11,25,1982,27.0
11,26,1982,28.0
11,27,1982,24.0
11,28,1982,29.0
11,29,1982,30.0
11,30,1982,32.0
12,01,1982,29.0
12,02,1982,32.0
12,03,1982,32.0
12,04,1982,26.0
12,05,1982,24.0
12,06,1982,23.0
12,07,1982,21.0
12,08,1982,23.0
12,09,1982,24.0
12,10,1982,26.0
12,11,1982,30.0
12,12,1982,27.0
12,13,1982,22.0
12,14,1982,22.0
12,15,1982,25.0
12,16,1982,27.0
12,17,1982,21.0
12,18,1982,24.0
12,19,1982,23.0
12,20,1982,23.0
12,21,1982,24.0
12,22,1982,29.0
12,23,1982,31.0
12,24,1982,30.0
12,25,1982,31.0
12,26,1982,26.0
12,27,1982,30.0
12,28,1982,27.0
12,29,1982,26.0
12,30,1982,25.0
12,31,1982,29.0
01,01,1983,26.0
01,02,1983,25.0
01,03,1983,20.0
01,04,1983,22.0
01,05,1983,22.0
01,06,1983,23.0
01,07,1983,23.0
01,08,1983,23.0
01,09,1983,26.0
01,10,1983,27.0
01,11,1983,25.0
01,12,1983,20.0
01,13,1983,20.0
01,14,1983,22.0
01,15,1983,22.0
01,16,1983,23.0
01,17,1983,20.0
01,18,1983,26.0
01,19,1983,29.0
01,20,1983,22.0
01,21,1983,24.0
01,22,1983,27.0
01,23,1983,22.0
01,24,1983,29.0
01,25,1983,30.0
01,26,1983,27.0
01,27,1983,33.0
01,28,1983,25.0
01,29,1983,28.0
01,30,1983,31.0
01,31,1983,30.0
02,01,1983,28.0
02,02,1983,25.0
02,03,1983,27.0
02,04,1983,29.0
02,05,1983,28.5
02,06,1983,31.0
02,07,1983,26.5
02,08,1983,27.0
02,09,1983,29.0
02,10,1983,31.0
02,11,1983,30.0
02,12,1983,27.5
02,13,1983,24.5
02,14,1983,30.0
02,15,1983,31.5
02,16,1983,28.0
02,17,1983,26.0
02,18,1983,27.0
02,19,1983,27.5
02,20,1983,28.0
02,21,1983,24.5
02,22,1983,23.0
02,23,1983,24.0
02,24,1983,25.0
02,25,1983,28.0
02,26,1983,29.0
02,27,1983,24.0
02,28,1983,28.0
03,01,1983,30.0
03,02,1983,32.0
03,03,1983,32.0
03,04,1983,31.0
03,05,1983,30.0
03,06,1983,31.0
03,07,1983,30.0
03,08,1983,30.0
03,09,1983,31.0
03,10,1983,30.0
03,11,1983,31.0
03,12,1983,30.0
03,13,1983,28.0
03,14,1983,30.0
03,15,1983,29.0
03,16,1983,29.0
03,17,1983,29.0
03,18,1983,28.0
03,19,1983,30.0
03,20,1983,31.0
03,21,1983,29.0
03,22,1983,31.0
03,23,1983,31.0
03,24,1983,31.0
03,25,1983,31.0
03,26,1983,30.0
03,27,1983,28.0
03,28,1983,31.0
03,29,1983,32.0
03,30,1983,31.0
03,31,1983,30.0
04,01,1983,31.0
04,02,1983,29.0
04,03,1983,33.0
04,04,1983,33.0
04,05,1983,34.0
04,06,1983,31.0
04,07,1983,31.0
04,08,1983,30.0
04,09,1983,28.0
04,10,1983,25.0
04,11,1983,30.0
04,12,1983,31.0
04,13,1983,31.0
04,14,1983,31.0
04,15,1983,32.0
04,16,1983,31.0
04,17,1983,31.0
04,18,1983,31.0
04,19,1983,31.0
04,20,1983,31.0
04,21,1983,32.0
04,22,1983,34.0
04,23,1983,32.0
04,24,1983,31.0
04,25,1983,31.0
04,26,1983,30.0
04,27,1983,30.0
04,28,1983,29.0
04,29,1983,28.0
04,30,1983,31.0
05,01,1983,37.0
05,02,1983,36.0
05,03,1983,35.0
05,04,1983,31.0
05,05,1983,33.0
05,06,1983,31.0
05,07,1983,36.0
05,08,1983,35.0
05,09,1983,34.0
05,10,1983,33.0
05,11,1983,30.0
05,12,1983,31.0
05,13,1983,34.0
05,14,1983,35.0
05,15,1983,35.0
05,16,1983,35.0
05,17,1983,35.0
05,18,1983,31.0
05,19,1983,36.0
05,20,1983,33.0
05,21,1983,36.0
05,22,1983,36.0
05,23,1983,30.0
05,24,1983,33.0
05,25,1983,30.0
05,26,1983,30.0
05,27,1983,34.0
05,28,1983,36.0
05,29,1983,37.0
05,30,1983,36.0
05,31,1983,37.0
06,01,1983,36.0
06,02,1983,36.0
06,03,1983,36.0
06,04,1983,32.0
06,05,1983,34.0
06,06,1983,34.0
06,07,1983,32.0
06,08,1983,28.0
06,09,1983,29.0
06,10,1983,30.0
06,11,1983,33.0
06,12,1983,35.0
06,13,1983,35.0
06,14,1983,34.0
06,15,1983,30.0
06,16,1983,33.0
06,17,1983,35.0
06,18,1983,35.0
06,19,1983,34.0
06,20,1983,36.0
06,21,1983,30.0
06,22,1983,27.0
06,23,1983,28.0
06,24,1983,27.0
06,25,1983,26.0
06,26,1983,35.0
06,27,1983,37.0
06,28,1983,30.0
06,29,1983,34.0
06,30,1983,33.0
07,01,1983,33.0
07,02,1983,32.0
07,03,1983,37.0
07,04,1983,37.0
07,05,1983,31.0
07,06,1983,31.0
07,07,1983,28.0
07,08,1983,29.0
07,09,1983,28.0
07,10,1983,32.0
07,11,1983,29.0
07,12,1983,32.0
07,13,1983,31.0
07,14,1983,34.0
07,15,1983,34.0
07,16,1983,32.0
07,17,1983,30.0
07,18,1983,29.0
07,19,1983,27.0
07,20,1983,27.0
07,21,1983,27.0
07,22,1983,29.0
07,23,1983,26.0
07,24,1983,28.0
07,25,1983,29.0
07,26,1983,29.0
07,27,1983,32.0
07,28,1983,32.0
07,29,1983,30.0
07,30,1983,29.0
07,31,1983,29.0
08,01,1983,28.0
08,02,1983,30.0
08,03,1983,36.0
08,04,1983,31.0
08,05,1983,29.0
08,06,1983,29.0
08,07,1983,27.0
08,08,1983,29.0
08,09,1983,29.0
08,10,1983,31.0
08,11,1983,29.0
08,12,1983,30.0
08,13,1983,33.0
08,14,1983,27.0
08,15,1983,31.0
08,16,1983,31.0
08,17,1983,33.0
08,18,1983,33.0
08,19,1983,33.0
08,20,1983,31.0
08,21,1983,32.0
08,22,1983,31.0
08,23,1983,31.0
08,24,1983,29.0
08,25,1983,27.0
08,26,1983,27.0
08,27,1983,31.0
08,28,1983,31.0
08,29,1983,30.0
08,30,1983,31.0
08,31,1983,30.0
09,01,1983,31.0
09,02,1983,32.0
09,03,1983,31.0
09,04,1983,27.0
09,05,1983,29.0
09,06,1983,32.0
09,07,1983,31.0
09,08,1983,33.0
09,09,1983,28.0
09,10,1983,31.0
09,11,1983,31.0
09,12,1983,31.0
09,13,1983,30.0
09,14,1983,31.0
09,15,1983,30.0
09,16,1983,31.0
09,17,1983,29.0
09,18,1983,32.0
09,19,1983,30.0
09,20,1983,30.0
09,21,1983,31.0
09,22,1983,30.0
09,23,1983,24.0
09,24,1983,24.0
09,25,1983,26.0
09,26,1983,26.0
09,27,1983,25.0
09,28,1983,25.0
09,29,1983,26.0
09,30,1983,27.0
10,01,1983,29.0
10,02,1983,29.0
10,03,1983,31.0
10,04,1983,30.0
10,05,1983,28.0
10,06,1983,28.0
10,07,1983,29.0
10,08,1983,29.0
10,09,1983,28.0
10,10,1983,30.0
10,11,1983,29.0
10,12,1983,30.0
10,13,1983,28.0
10,14,1983,27.0
10,15,1983,26.0
10,16,1983,29.0
10,17,1983,33.0
10,18,1983,32.0
10,19,1983,33.0
10,20,1983,29.0
10,21,1983,29.0
10,22,1983,27.0
10,23,1983,29.0
10,24,1983,29.0
10,25,1983,29.0
10,26,1983,25.5
10,27,1983,33.0
10,28,1983,32.0
10,29,1983,29.0
10,30,1983,30.0
10,31,1983,31.0
11,01,1983,25.0
11,02,1983,25.0
11,03,1983,25.0
11,04,1983,28.0
11,05,1983,28.0
11,06,1983,21.0
11,07,1983,29.0
11,08,1983,28.0
11,09,1983,31.0
11,10,1983,24.0
11,11,1983,21.0
11,12,1983,30.0
11,13,1983,29.0
11,14,1983,28.0
11,15,1983,32.0
11,16,1983,26.0
11,17,1983,24.0
11,18,1983,30.0
11,19,1983,32.0
11,20,1983,28.0
11,21,1983,30.0
11,22,1983,29.0
11,23,1983,30.0
11,24,1983,31.0
11,25,1983,24.0
11,26,1983,29.0
11,27,1983,31.0
11,28,1983,27.0
11,29,1983,30.0
11,30,1983,27.0
12,01,1983,27.0
12,02,1983,29.0
12,03,1983,31.0
12,04,1983,32.0
12,05,1983,25.0
12,06,1983,33.0
12,07,1983,31.0
12,08,1983,26.0
12,09,1983,28.0
12,10,1983,28.0
12,11,1983,30.0
12,12,1983,27.0
12,13,1983,31.0
12,14,1983,31.0
12,15,1983,29.0
12,16,1983,29.0
12,17,1983,29.0
12,18,1983,26.0
12,19,1983,27.0
12,20,1983,24.0
12,21,1983,29.0
12,22,1983,29.0
12,23,1983,24.0
12,24,1983,23.0
12,25,1983,26.0
12,26,1983,24.0
12,27,1983,28.0
12,28,1983,30.0
12,29,1983,26.0
12,30,1983,18.0
12,31,1983,18.0
01,01,1984,18.0
01,02,1984,19.0
01,03,1984,22.0
01,04,1984,23.0
01,05,1984,24.0
01,06,1984,28.0
01,07,1984,26.0
01,08,1984,22.0
01,09,1984,27.0
01,10,1984,27.0
01,11,1984,21.0
01,12,1984,25.0
01,13,1984,24.0
01,14,1984,21.0
01,15,1984,23.0
01,16,1984,24.0
01,17,1984,28.0
01,18,1984,28.0
01,19,1984,22.0
01,20,1984,25.0
01,21,1984,25.0
01,22,1984,21.0
01,23,1984,29.0
01,24,1984,27.0
01,25,1984,28.0
01,26,1984,24.0
01,27,1984,23.0
01,28,1984,22.0
01,29,1984,24.0
01,30,1984,26.0
01,31,1984,28.0
02,01,1984,18.5
02,02,1984,20.5
02,03,1984,20.0
02,04,1984,21.0
02,05,1984,19.0
02,06,1984,18.0
02,07,1984,15.0
02,08,1984,16.5
02,09,1984,18.0
02,10,1984,16.0
02,11,1984,19.0
02,12,1984,20.0
02,13,1984,21.0
02,14,1984,22.5
02,15,1984,21.0
02,16,1984,20.5
02,17,1984,21.5
02,18,1984,23.5
02,19,1984,20.0
02,20,1984,22.0
02,21,1984,21.0
02,22,1984,22.5
02,23,1984,24.0
02,24,1984,23.0
02,25,1984,23.0
02,26,1984,24.0
02,27,1984,25.0
02,28,1984,22.0
02,29,1984,20.5
03,01,1984,23.0
03,02,1984,26.0
03,03,1984,29.0
03,04,1984,32.0
03,05,1984,32.0
03,06,1984,25.0
03,07,1984,19.0
03,08,1984,22.0
03,09,1984,24.0
03,10,1984,28.0
03,11,1984,27.0
03,12,1984,30.0
03,13,1984,29.0
03,14,1984,27.0
03,15,1984,30.0
03,16,1984,28.0
03,17,1984,31.0
03,18,1984,33.0
03,19,1984,31.0
03,20,1984,29.0
03,21,1984,28.0
03,22,1984,33.0
03,23,1984,33.0
03,24,1984,34.0
03,25,1984,33.0
03,26,1984,32.0
03,27,1984,33.0
03,28,1984,30.0
03,29,1984,27.0
03,30,1984,27.0
03,31,1984,26.0
04,01,1984,31.0
04,02,1984,31.0
04,03,1984,30.0
04,04,1984,32.0
04,05,1984,31.0
04,06,1984,30.0
04,07,1984,34.0
04,08,1984,32.0
04,09,1984,34.0
04,10,1984,33.0
04,11,1984,34.0
04,12,1984,33.0
04,13,1984,34.0
04,14,1984,35.0
04,15,1984,29.0
04,16,1984,29.0
04,17,1984,29.0
04,18,1984,29.0
04,19,1984,31.0
04,20,1984,33.0
04,21,1984,34.0
04,22,1984,35.0
04,23,1984,35.0
04,24,1984,34.0
04,25,1984,33.0
04,26,1984,33.0
04,27,1984,34.0
04,28,1984,33.0
04,29,1984,34.0
04,30,1984,34.0
05,01,1984,36.0
05,02,1984,36.0
05,03,1984,35.0
05,04,1984,36.0
05,05,1984,34.0
05,06,1984,34.0
05,07,1984,35.0
05,08,1984,35.0
05,09,1984,33.0
05,10,1984,30.0
05,11,1984,33.0
05,12,1984,34.0
05,13,1984,31.0
05,14,1984,30.0
05,15,1984,31.0
05,16,1984,31.0
05,17,1984,30.0
05,18,1984,29.0
05,19,1984,32.0
05,20,1984,34.0
05,21,1984,35.0
05,22,1984,33.0
05,23,1984,30.0
05,24,1984,28.0
05,25,1984,32.0
05,26,1984,33.0
05,27,1984,31.0
05,28,1984,28.0
05,29,1984,33.0
05,30,1984,34.0
05,31,1984,33.0
06,01,1984,26.0
06,02,1984,29.0
06,03,1984,30.0
06,04,1984,32.0
06,05,1984,33.0
06,06,1984,34.0
06,07,1984,30.0
06,08,1984,31.0
06,09,1984,32.0
06,10,1984,33.0
06,11,1984,30.0
06,12,1984,28.0
06,13,1984,27.0
06,14,1984,25.0
06,15,1984,25.0
06,16,1984,26.0
06,17,1984,28.0
06,18,1984,29.0
06,19,1984,29.0
06,20,1984,29.0
06,21,1984,27.0
06,22,1984,26.0
06,23,1984,31.0
06,24,1984,31.0
06,25,1984,30.0
06,26,1984,30.0
06,27,1984,31.0
06,28,1984,34.0
06,29,1984,33.0
06,30,1984,34.0
07,01,1984,28.0
07,02,1984,29.0
07,03,1984,28.0
07,04,1984,27.0
07,05,1984,29.0
07,06,1984,28.0
07,07,1984,25.0
07,08,1984,28.0
07,09,1984,27.0
07,10,1984,28.0
07,11,1984,29.0
07,12,1984,25.0
07,13,1984,29.0
07,14,1984,30.0
07,15,1984,28.0
07,16,1984,30.0
07,17,1984,28.0
07,18,1984,30.0
07,19,1984,30.0
07,20,1984,30.0
07,21,1984,30.0
07,22,1984,29.0
07,23,1984,26.0
07,24,1984,25.0
07,25,1984,25.0
07,26,1984,26.0
07,27,1984,27.0
07,28,1984,28.0
07,29,1984,29.0
07,30,1984,30.0
07,31,1984,31.0
08,01,1984,31.0
08,02,1984,28.0
08,03,1984,26.0
08,04,1984,26.0
08,05,1984,27.0
08,06,1984,28.0
08,07,1984,29.0
08,08,1984,28.0
08,09,1984,28.0
08,10,1984,28.0
08,11,1984,29.0
08,12,1984,29.0
08,13,1984,26.0
08,14,1984,27.0
08,15,1984,28.0
08,16,1984,28.0
08,17,1984,28.0
08,18,1984,29.0
08,19,1984,31.0
08,20,1984,31.0
08,21,1984,29.0
08,22,1984,28.0
08,23,1984,29.0
08,24,1984,30.0
08,25,1984,29.0
08,26,1984,28.0
08,27,1984,25.0
08,28,1984,27.0
08,29,1984,26.0
08,30,1984,27.0
08,31,1984,28.0
09,01,1984,29.0
09,02,1984,30.0
09,03,1984,26.0
09,04,1984,24.0
09,05,1984,29.0
09,06,1984,27.0
09,07,1984,31.0
09,08,1984,30.0
09,09,1984,29.0
09,10,1984,24.0
09,11,1984,22.0
09,12,1984,26.0
09,13,1984,24.0
09,14,1984,27.0
09,15,1984,27.0
09,16,1984,23.0
09,17,1984,24.0
09,18,1984,29.0
09,19,1984,27.0
09,20,1984,30.0
09,21,1984,30.0
09,22,1984,29.0
09,23,1984,32.0
09,24,1984,27.0
09,25,1984,27.0
09,26,1984,27.0
09,27,1984,24.0
09,28,1984,26.0
09,29,1984,27.0
09,30,1984,29.0
10,01,1984,22.0
10,02,1984,25.0
10,03,1984,27.0
10,04,1984,30.0
10,05,1984,30.0
10,06,1984,30.0
10,07,1984,29.0
10,08,1984,27.0
10,09,1984,29.0
10,10,1984,29.0
10,11,1984,27.0
10,12,1984,29.0
10,13,1984,30.0
10,14,1984,30.0
10,15,1984,30.0
10,16,1984,31.0
10,17,1984,32.0
10,18,1984,32.0
10,19,1984,32.0
10,20,1984,31.0
10,21,1984,31.0
10,22,1984,32.0
10,23,1984,31.0
10,24,1984,27.0
10,25,1984,29.0
10,26,1984,27.0
10,27,1984,28.0
10,28,1984,29.0
10,29,1984,28.0
10,30,1984,25.0
10,31,1984,29.0
11,01,1984,29.0
11,02,1984,23.0
11,03,1984,29.0
11,04,1984,30.0
11,05,1984,26.0
11,06,1984,26.0
11,07,1984,26.0
11,08,1984,27.0
11,09,1984,28.0
11,10,1984,29.0
11,11,1984,26.0
11,12,1984,27.0
11,13,1984,26.0
11,14,1984,26.0
11,15,1984,26.0
11,16,1984,26.0
11,17,1984,27.0
11,18,1984,30.0
11,19,1984,28.0
11,20,1984,30.0
11,21,1984,27.0
11,22,1984,25.0
11,23,1984,26.0
11,24,1984,29.0
11,25,1984,30.0
11,26,1984,29.0
11,27,1984,30.0
11,28,1984,26.0
11,29,1984,30.0
11,30,1984,30.0
12,01,1984,26.0
12,02,1984,29.0
12,03,1984,34.0
12,04,1984,30.0
12,05,1984,31.0
12,06,1984,27.0
12,07,1984,27.0
12,08,1984,27.0
12,09,1984,24.0
12,10,1984,26.0
12,11,1984,28.0
12,12,1984,30.0
12,13,1984,30.0
12,14,1984,29.0
12,15,1984,32.0
12,16,1984,33.0
12,17,1984,33.0
12,18,1984,33.0
12,19,1984,30.0
12,20,1984,31.0
12,21,1984,35.0
12,22,1984,29.0
12,23,1984,25.0
12,24,1984,22.0
12,25,1984,23.0
12,26,1984,26.0
12,27,1984,24.0
12,28,1984,23.0
12,29,1984,26.0
12,30,1984,32.0
12,31,1984,30.0
01,01,1985,31.0
01,02,1985,30.0
01,03,1985,22.0
01,04,1985,22.0
01,05,1985,20.0
01,06,1985,19.0
01,07,1985,22.0
01,08,1985,23.0
01,09,1985,30.0
01,10,1985,31.0
01,11,1985,31.0
01,12,1985,27.0
01,13,1985,21.0
01,14,1985,28.0
01,15,1985,28.0
01,16,1985,32.0
01,17,1985,26.0
01,18,1985,33.0
01,19,1985,32.0
01,20,1985,31.0
01,21,1985,30.0
01,22,1985,26.0
01,23,1985,24.0
01,24,1985,29.0
01,25,1985,30.0
01,26,1985,31.0
01,27,1985,34.0
01,28,1985,39.0
01,29,1985,39.0
01,30,1985,38.0
01,31,1985,36.0
02,01,1985,35.0
02,02,1985,35.0
02,03,1985,30.0
02,04,1985,30.0
02,05,1985,33.0
02,06,1985,32.0
02,07,1985,28.0
02,08,1985,26.0
02,09,1985,25.0
02,10,1985,30.0
02,11,1985,36.0
02,12,1985,36.0
02,13,1985,35.0
02,14,1985,29.0
02,15,1985,28.0
02,16,1985,25.0
02,17,1985,24.0
02,18,1985,26.0
02,19,1985,25.0
02,20,1985,23.0
02,21,1985,30.0
02,22,1985,32.0
02,23,1985,32.0
02,24,1985,39.0
02,25,1985,39.0
02,26,1985,39.0
02,27,1985,39.0
02,28,1985,39.0
03,01,1985,null
03,02,1985,null
03,03,1985,null
03,04,1985,null
03,05,1985,null
03,06,1985,null
03,07,1985,null
03,08,1985,null
03,09,1985,null
03,10,1985,null
03,11,1985,null
03,12,1985,null
03,13,1985,null
03,14,1985,null
03,15,1985,null
03,16,1985,null
03,17,1985,null
03,18,1985,null
03,19,1985,null
03,20,1985,null
03,21,1985,null
03,22,1985,null
03,23,1985,null
03,24,1985,null
03,25,1985,null
03,26,1985,null
03,27,1985,null
03,28,1985,null
03,29,1985,null
03,30,1985,null
03,31,1985,null
04,01,1985,30.0
04,02,1985,27.0
04,03,1985,30.0
04,04,1985,33.0
04,05,1985,32.0
04,06,1985,34.0
04,07,1985,40.0
04,08,1985,41.0
04,09,1985,35.0
04,10,1985,35.0
04,11,1985,36.0
04,12,1985,35.0
04,13,1985,35.0
04,14,1985,29.0
04,15,1985,27.0
04,16,1985,31.0
04,17,1985,30.0
04,18,1985,32.0
04,19,1985,32.0
04,20,1985,33.0
04,21,1985,40.0
04,22,1985,45.0
04,23,1985,40.0
04,24,1985,38.0
04,25,1985,40.0
04,26,1985,39.0
04,27,1985,34.0
04,28,1985,36.0
04,29,1985,35.0
04,30,1985,33.0
05,01,1985,34.0
05,02,1985,31.0
05,03,1985,33.0
05,04,1985,30.0
05,05,1985,31.0
05,06,1985,31.0
05,07,1985,31.0
05,08,1985,31.0
05,09,1985,31.0
05,10,1985,33.0
05,11,1985,37.0
05,12,1985,31.0
05,13,1985,39.0
05,14,1985,34.0
05,15,1985,33.0
05,16,1985,32.0
05,17,1985,36.0
05,18,1985,31.0
05,19,1985,33.0
05,20,1985,38.0
05,21,1985,36.0
05,22,1985,35.0
05,23,1985,38.0
05,24,1985,39.0
05,25,1985,40.0
05,26,1985,33.0
05,27,1985,31.0
05,28,1985,32.0
05,29,1985,33.0
05,30,1985,34.0
05,31,1985,34.0
06,01,1985,32.0
06,02,1985,34.0
06,03,1985,31.0
06,04,1985,32.0
06,05,1985,31.0
06,06,1985,36.0
06,07,1985,35.0
06,08,1985,35.0
06,09,1985,33.0
06,10,1985,36.0
06,11,1985,31.0
06,12,1985,30.0
06,13,1985,31.0
06,14,1985,30.0
06,15,1985,31.0
06,16,1985,38.0
06,17,1985,38.0
06,18,1985,38.0
06,19,1985,39.0
06,20,1985,39.0
06,21,1985,35.0
06,22,1985,39.0
06,23,1985,34.0
06,24,1985,30.0
06,25,1985,30.0
06,26,1985,31.0
06,27,1985,31.0
06,28,1985,32.0
06,29,1985,34.0
06,30,1985,35.0
07,01,1985,30.0
07,02,1985,32.0
07,03,1985,30.0
07,04,1985,33.0
07,05,1985,35.0
07,06,1985,33.0
07,07,1985,32.0
07,08,1985,30.0
07,09,1985,30.0
07,10,1985,31.0
07,11,1985,34.0
07,12,1985,36.0
07,13,1985,33.0
07,14,1985,32.0
07,15,1985,36.0
07,16,1985,30.0
07,17,1985,35.0
07,18,1985,36.0
07,19,1985,31.0
07,20,1985,36.0
07,21,1985,32.0
07,22,1985,31.0
07,23,1985,30.0
07,24,1985,30.0
07,25,1985,31.0
07,26,1985,33.0
07,27,1985,30.0
07,28,1985,30.0
07,29,1985,35.0
07,30,1985,36.0
07,31,1985,36.0
08,01,1985,20.0
08,02,1985,22.0
08,03,1985,22.0
08,04,1985,28.0
08,05,1985,29.0
08,06,1985,31.0
08,07,1985,30.0
08,08,1985,31.0
08,09,1985,32.0
08,10,1985,29.0
08,11,1985,32.0
08,12,1985,35.0
08,13,1985,32.0
08,14,1985,33.0
08,15,1985,33.0
08,16,1985,31.0
08,17,1985,32.0
08,18,1985,30.0
08,19,1985,30.0
08,20,1985,30.0
08,21,1985,null
08,22,1985,null
08,23,1985,null
08,24,1985,null
08,25,1985,30.0
08,26,1985,29.0
08,27,1985,28.0
08,28,1985,30.0
08,29,1985,28.0
08,30,1985,29.0
08,31,1985,30.0
09,01,1985,30.0
09,02,1985,32.0
09,03,1985,32.0
09,04,1985,32.0
09,05,1985,30.0
09,06,1985,31.0
09,07,1985,29.0
09,08,1985,35.0
09,09,1985,28.0
09,10,1985,25.0
09,11,1985,24.0
09,12,1985,23.0
09,13,1985,23.0
09,14,1985,29.0
09,15,1985,30.0
09,16,1985,27.0
09,17,1985,31.0
09,18,1985,29.0
09,19,1985,31.0
09,20,1985,30.0
09,21,1985,31.0
09,22,1985,35.0
09,23,1985,38.0
09,24,1985,33.0
09,25,1985,36.0
09,26,1985,36.0
09,27,1985,30.0
09,28,1985,28.0
09,29,1985,30.0
09,30,1985,30.0
10,01,1985,28.0
10,02,1985,32.0
10,03,1985,30.0
10,04,1985,30.0
10,05,1985,32.0
10,06,1985,34.0
10,07,1985,28.0
10,08,1985,26.0
10,09,1985,26.0
10,10,1985,25.0
10,11,1985,22.0
10,12,1985,28.0
10,13,1985,30.0
10,14,1985,30.0
10,15,1985,31.0
10,16,1985,30.0
10,17,1985,32.0
10,18,1985,31.0
10,19,1985,32.0
10,20,1985,29.0
10,21,1985,28.0
10,22,1985,28.0
10,23,1985,21.0
10,24,1985,22.0
10,25,1985,24.0
10,26,1985,29.0
10,27,1985,35.0
10,28,1985,35.0
10,29,1985,30.0
10,30,1985,29.0
10,31,1985,33.0
11,01,1985,32.0
11,02,1985,31.0
11,03,1985,30.0
11,04,1985,31.0
11,05,1985,31.0
11,06,1985,35.0
11,07,1985,37.0
11,08,1985,32.0
11,09,1985,36.0
11,10,1985,37.0
11,11,1985,36.0
11,12,1985,31.0
11,13,1985,32.0
11,14,1985,31.0
11,15,1985,29.0
11,16,1985,31.0
11,17,1985,37.0
11,18,1985,32.0
11,19,1985,31.0
11,20,1985,31.0
11,21,1985,31.0
11,22,1985,31.0
11,23,1985,31.0
11,24,1985,31.0
11,25,1985,32.0
11,26,1985,31.0
11,27,1985,32.0
11,28,1985,31.0
11,29,1985,31.0
11,30,1985,37.0
12,01,1985,37.0
12,02,1985,37.0
12,03,1985,37.0
12,04,1985,37.0
12,05,1985,37.0
12,06,1985,37.0
12,07,1985,37.0
12,08,1985,37.0
12,09,1985,37.0
12,10,1985,37.0
12,11,1985,37.0
12,12,1985,37.0
12,13,1985,37.0
12,14,1985,37.0
12,15,1985,37.0
12,16,1985,35.0
12,17,1985,34.0
12,18,1985,36.0
12,19,1985,36.0
12,20,1985,35.0
12,21,1985,36.0
12,22,1985,36.0
12,23,1985,37.0
12,24,1985,36.0
12,25,1985,35.0
12,26,1985,36.0
12,27,1985,36.0
12,28,1985,31.0
12,29,1985,32.0
12,30,1985,32.0
12,31,1985,31.0
01,01,1986,31.0
01,02,1986,31.0
01,03,1986,35.0
01,04,1986,32.0
01,05,1986,30.0
01,06,1986,30.0
01,07,1986,28.0
01,08,1986,28.0
01,09,1986,28.0
01,10,1986,27.0
01,11,1986,28.0
01,12,1986,26.0
01,13,1986,26.0
01,14,1986,28.0
01,15,1986,27.0
01,16,1986,25.0
01,17,1986,28.0
01,18,1986,29.0
01,19,1986,26.0
01,20,1986,30.0
01,21,1986,33.0
01,22,1986,32.0
01,23,1986,33.0
01,24,1986,34.0
01,25,1986,33.0
01,26,1986,32.0
01,27,1986,31.0
01,28,1986,30.0
01,29,1986,30.0
01,30,1986,30.0
01,31,1986,31.0
02,01,1986,32.0
02,02,1986,38.0
02,03,1986,37.0
02,04,1986,37.0
02,05,1986,37.0
02,06,1986,37.0
02,07,1986,37.0
02,08,1986,37.0
02,09,1986,31.0
02,10,1986,32.0
02,11,1986,37.0
02,12,1986,32.0
02,13,1986,31.0
02,14,1986,32.0
02,15,1986,31.0
02,16,1986,33.0
02,17,1986,34.0
02,18,1986,35.0
02,19,1986,30.0
02,20,1986,30.0
02,21,1986,31.0
02,22,1986,31.0
02,23,1986,30.0
02,24,1986,32.0
02,25,1986,32.0
02,26,1986,33.0
02,27,1986,35.0
02,28,1986,31.0
03,01,1986,35.0
03,02,1986,40.0
03,03,1986,40.0
03,04,1986,40.0
03,05,1986,36.0
03,06,1986,37.0
03,07,1986,37.0
03,08,1986,38.0
03,09,1986,33.0
03,10,1986,34.0
03,11,1986,34.0
03,12,1986,35.0
03,13,1986,34.0
03,14,1986,34.0
03,15,1986,36.0
03,16,1986,32.0
03,17,1986,38.0
03,18,1986,34.0
03,19,1986,31.0
03,20,1986,33.0
03,21,1986,36.0
03,22,1986,35.0
03,23,1986,36.0
03,24,1986,36.0
03,25,1986,33.0
03,26,1986,36.0
03,27,1986,39.0
03,28,1986,36.0
03,29,1986,35.0
03,30,1986,37.0
03,31,1986,34.0
04,01,1986,35.0
04,02,1986,39.0
04,03,1986,36.0
04,04,1986,35.0
04,05,1986,34.0
04,06,1986,36.0
04,07,1986,36.0
04,08,1986,32.0
04,09,1986,36.0
04,10,1986,38.0
04,11,1986,32.0
04,12,1986,32.0
04,13,1986,32.0
04,14,1986,33.0
04,15,1986,33.0
04,16,1986,34.0
04,17,1986,33.0
04,18,1986,34.0
04,19,1986,33.0
04,20,1986,34.0
04,21,1986,32.0
04,22,1986,33.0
04,23,1986,34.0
04,24,1986,35.0
04,25,1986,33.0
04,26,1986,32.0
04,27,1986,33.0
04,28,1986,33.0
04,29,1986,32.0
04,30,1986,33.0
05,01,1986,32.0
05,02,1986,33.0
05,03,1986,34.0
05,04,1986,32.0
05,05,1986,33.0
05,06,1986,33.0
05,07,1986,33.0
05,08,1986,32.0
05,09,1986,34.0
05,10,1986,34.0
05,11,1986,33.0
05,12,1986,31.0
05,13,1986,33.0
05,14,1986,32.0
05,15,1986,33.0
05,16,1986,33.0
05,17,1986,34.0
05,18,1986,32.0
05,19,1986,33.0
05,20,1986,32.0
05,21,1986,32.0
05,22,1986,36.0
05,23,1986,33.0
05,24,1986,32.0
05,25,1986,32.0
05,26,1986,34.0
05,27,1986,38.0
05,28,1986,37.0
05,29,1986,35.0
05,30,1986,36.0
05,31,1986,38.0
06,01,1986,32.0
06,02,1986,33.0
06,03,1986,31.0
06,04,1986,33.0
06,05,1986,36.0
06,06,1986,35.0
06,07,1986,36.0
06,08,1986,35.0
06,09,1986,36.0
06,10,1986,35.0
06,11,1986,37.0
06,12,1986,35.0
06,13,1986,36.0
06,14,1986,33.0
06,15,1986,37.0
06,16,1986,36.0
06,17,1986,36.0
06,18,1986,33.0
06,19,1986,37.0
06,20,1986,36.0
06,21,1986,35.0
06,22,1986,35.0
06,23,1986,34.0
06,24,1986,34.0
06,25,1986,35.0
06,26,1986,34.0
06,27,1986,34.0
06,28,1986,34.0
06,29,1986,33.0
06,30,1986,33.0
07,01,1986,33.0
07,02,1986,36.0
07,03,1986,33.0
07,04,1986,34.0
07,05,1986,36.0
07,06,1986,33.0
07,07,1986,32.0
07,08,1986,32.0
07,09,1986,32.0
07,10,1986,33.0
07,11,1986,36.0
07,12,1986,32.0
07,13,1986,33.0
07,14,1986,33.0
07,15,1986,33.0
07,16,1986,36.0
07,17,1986,33.0
07,18,1986,37.0
07,19,1986,35.0
07,20,1986,34.0
07,21,1986,36.0
07,22,1986,35.0
07,23,1986,34.0
07,24,1986,34.0
07,25,1986,36.0
07,26,1986,35.0
07,27,1986,34.0
07,28,1986,38.0
07,29,1986,36.0
07,30,1986,34.0
07,31,1986,33.0
08,01,1986,36.0
08,02,1986,36.0
08,03,1986,37.0
08,04,1986,36.0
08,05,1986,36.0
08,06,1986,36.0
08,07,1986,35.0
08,08,1986,36.0
08,09,1986,36.0
08,10,1986,35.0
08,11,1986,35.0
08,12,1986,35.0
08,13,1986,35.0
08,14,1986,38.0
08,15,1986,38.0
08,16,1986,38.0
08,17,1986,38.0
08,18,1986,33.0
08,19,1986,38.0
08,20,1986,38.0
08,21,1986,38.0
08,22,1986,38.0
08,23,1986,38.0
08,24,1986,37.0
08,25,1986,36.0
08,26,1986,37.0
08,27,1986,36.0
08,28,1986,36.0
08,29,1986,36.0
08,30,1986,35.0
08,31,1986,35.0
09,01,1986,35.0
09,02,1986,37.0
09,03,1986,37.0
09,04,1986,36.0
09,05,1986,37.0
09,06,1986,37.0
09,07,1986,37.0
09,08,1986,37.0
09,09,1986,35.0
09,10,1986,36.0
09,11,1986,37.0
09,12,1986,36.0
09,13,1986,36.0
09,14,1986,36.0
09,15,1986,35.0
09,16,1986,36.0
09,17,1986,35.0
09,18,1986,35.0
09,19,1986,34.0
09,20,1986,34.0
09,21,1986,41.0
09,22,1986,41.0
09,23,1986,41.0
09,24,1986,40.0
09,25,1986,40.0
09,26,1986,41.0
09,27,1986,41.0
09,28,1986,41.0
09,29,1986,40.0
09,30,1986,40.0
10,01,1986,40.0
10,02,1986,40.0
10,03,1986,38.0
10,04,1986,36.0
10,05,1986,34.0
10,06,1986,34.0
10,07,1986,37.0
10,08,1986,34.0
10,09,1986,36.0
10,10,1986,33.0
10,11,1986,38.0
10,12,1986,36.0
10,13,1986,36.0
10,14,1986,37.0
10,15,1986,35.0
10,16,1986,36.0
10,17,1986,38.0
10,18,1986,37.0
10,19,1986,37.0
10,20,1986,38.0
10,21,1986,38.0
10,22,1986,35.0
10,23,1986,33.0
10,24,1986,35.0
10,25,1986,33.0
10,26,1986,38.0
10,27,1986,36.0
10,28,1986,38.0
10,29,1986,37.0
10,30,1986,37.0
10,31,1986,37.0
11,01,1986,37.0
11,02,1986,38.0
11,03,1986,36.0
11,04,1986,31.0
11,05,1986,30.0
11,06,1986,29.0
11,07,1986,29.0
11,08,1986,30.0
11,09,1986,29.0
11,10,1986,29.0
11,11,1986,28.0
11,12,1986,26.0
11,13,1986,24.0
11,14,1986,24.0
11,15,1986,27.0
11,16,1986,27.0
11,17,1986,29.0
11,18,1986,30.0
11,19,1986,30.0
11,20,1986,33.0
11,21,1986,31.0
11,22,1986,34.0
11,23,1986,34.0
11,24,1986,34.0
11,25,1986,34.0
11,26,1986,34.0
11,27,1986,30.0
11,28,1986,30.0
11,29,1986,30.0
11,30,1986,30.0
12,01,1986,30.0
12,02,1986,27.0
12,03,1986,33.0
12,04,1986,24.0
12,05,1986,24.0
12,06,1986,26.0
12,07,1986,30.0
12,08,1986,33.0
12,09,1986,33.0
12,10,1986,29.0
12,11,1986,27.0
12,12,1986,22.0
12,13,1986,22.0
12,14,1986,23.0
12,15,1986,22.0
12,16,1986,24.0
12,17,1986,24.0
12,18,1986,29.0
12,19,1986,27.0
12,20,1986,28.0
12,21,1986,24.0
12,22,1986,31.0
12,23,1986,31.0
12,24,1986,24.0
12,25,1986,28.0
12,26,1986,22.0
12,27,1986,21.0
12,28,1986,25.0
12,29,1986,28.0
12,30,1986,28.0
12,31,1986,28.0
01,01,1987,28.0
01,02,1987,21.0
01,03,1987,28.0
01,04,1987,23.0
01,05,1987,27.0
01,06,1987,26.0
01,07,1987,22.0
01,08,1987,21.0
01,09,1987,29.0
01,10,1987,23.0
01,11,1987,21.0
01,12,1987,21.0
01,13,1987,24.0
01,14,1987,28.0
01,15,1987,32.0
01,16,1987,32.0
01,17,1987,33.0
01,18,1987,30.0
01,19,1987,30.0
01,20,1987,22.0
01,21,1987,31.0
01,22,1987,26.0
01,23,1987,21.0
01,24,1987,31.0
01,25,1987,27.0
01,26,1987,27.0
01,27,1987,24.0
01,28,1987,27.0
01,29,1987,29.0
01,30,1987,27.0
01,31,1987,23.0
02,01,1987,31.0
02,02,1987,24.0
02,03,1987,30.0
02,04,1987,31.0
02,05,1987,34.0
02,06,1987,34.0
02,07,1987,26.0
02,08,1987,21.0
02,09,1987,22.0
02,10,1987,22.0
02,11,1987,25.0
02,12,1987,23.0
02,13,1987,27.0
02,14,1987,31.0
02,15,1987,32.0
02,16,1987,30.0
02,17,1987,32.0
02,18,1987,24.0
02,19,1987,28.0
02,20,1987,33.0
02,21,1987,29.0
02,22,1987,29.0
02,23,1987,23.0
02,24,1987,29.0
02,25,1987,29.0
02,26,1987,29.0
02,27,1987,34.0
02,28,1987,34.0
03,01,1987,34.0
03,02,1987,33.0
03,03,1987,21.0
03,04,1987,22.0
03,05,1987,20.0
03,06,1987,25.0
03,07,1987,29.0
03,08,1987,30.0
03,09,1987,31.0
03,10,1987,29.0
03,11,1987,32.0
03,12,1987,20.0
03,13,1987,20.0
03,14,1987,27.0
03,15,1987,31.0
03,16,1987,33.0
03,17,1987,32.0
03,18,1987,31.0
03,19,1987,32.0
03,20,1987,35.0
03,21,1987,36.0
03,22,1987,34.0
03,23,1987,33.0
03,24,1987,32.0
03,25,1987,33.0
03,26,1987,35.0
03,27,1987,35.0
03,28,1987,30.0
03,29,1987,36.0
03,30,1987,36.0
03,31,1987,30.0
04,01,1987,21.0
04,02,1987,33.0
04,03,1987,22.0
04,04,1987,25.0
04,05,1987,33.0
04,06,1987,30.0
04,07,1987,28.0
04,08,1987,28.0
04,09,1987,28.0
04,10,1987,28.0
04,11,1987,33.0
04,12,1987,34.0
04,13,1987,34.0
04,14,1987,30.0
04,15,1987,28.0
04,16,1987,33.0
04,17,1987,33.0
04,18,1987,36.0
04,19,1987,37.0
04,20,1987,34.0
04,21,1987,34.0
04,22,1987,24.0
04,23,1987,28.0
04,24,1987,30.0
04,25,1987,29.0
04,26,1987,29.0
04,27,1987,29.0
04,28,1987,29.0
04,29,1987,30.0
04,30,1987,25.0
05,01,1987,35.0
05,02,1987,34.0
05,03,1987,34.0
05,04,1987,34.0
05,05,1987,34.0
05,06,1987,34.0
05,07,1987,30.0
05,08,1987,30.0
05,09,1987,31.0
05,10,1987,32.0
05,11,1987,36.0
05,12,1987,35.0
05,13,1987,34.0
05,14,1987,35.0
05,15,1987,34.0
05,16,1987,34.0
05,17,1987,35.0
05,18,1987,35.0
05,19,1987,34.0
05,20,1987,35.0
05,21,1987,34.0
05,22,1987,35.0
05,23,1987,34.0
05,24,1987,34.0
05,25,1987,35.0
05,26,1987,34.0
05,27,1987,36.0
05,28,1987,38.0
05,29,1987,38.0
05,30,1987,38.0
05,31,1987,35.0
06,01,1987,33.0
06,02,1987,35.0
06,03,1987,34.0
06,04,1987,28.0
06,05,1987,24.0
06,06,1987,23.0
06,07,1987,26.0
06,08,1987,29.0
06,09,1987,31.0
06,10,1987,33.0
06,11,1987,34.0
06,12,1987,29.0
06,13,1987,38.0
06,14,1987,32.0
06,15,1987,32.0
06,16,1987,35.0
06,17,1987,31.0
06,18,1987,31.0
06,19,1987,31.0
06,20,1987,34.0
06,21,1987,35.0
06,22,1987,35.0
06,23,1987,36.0
06,24,1987,30.0
06,25,1987,31.0
06,26,1987,33.0
06,27,1987,31.0
06,28,1987,31.0
06,29,1987,31.0
06,30,1987,31.0
07,01,1987,30.0
07,02,1987,29.0
07,03,1987,29.0
07,04,1987,30.0
07,05,1987,31.0
07,06,1987,32.0
07,07,1987,32.0
07,08,1987,33.0
07,09,1987,31.0
07,10,1987,30.0
07,11,1987,30.0
07,12,1987,26.0
07,13,1987,27.0
07,14,1987,29.0
07,15,1987,30.0
07,16,1987,31.0
07,17,1987,32.0
07,18,1987,29.0
07,19,1987,24.0
07,20,1987,26.0
07,21,1987,25.0
07,22,1987,24.0
07,23,1987,29.0
07,24,1987,29.0
07,25,1987,29.0
07,26,1987,28.0
07,27,1987,29.0
07,28,1987,29.0
07,29,1987,30.0
07,30,1987,27.0
07,31,1987,25.0
08,01,1987,26.0
08,02,1987,29.0
08,03,1987,31.0
08,04,1987,29.0
08,05,1987,24.0
08,06,1987,27.0
08,07,1987,29.0
08,08,1987,28.0
08,09,1987,32.0
08,10,1987,31.0
08,11,1987,32.0
08,12,1987,33.0
08,13,1987,30.0
08,14,1987,33.0
08,15,1987,32.0
08,16,1987,30.0
08,17,1987,31.0
08,18,1987,29.0
08,19,1987,24.0
08,20,1987,28.0
08,21,1987,28.0
08,22,1987,27.0
08,23,1987,28.0
08,24,1987,29.0
08,25,1987,29.0
08,26,1987,28.0
08,27,1987,27.0
08,28,1987,26.0
08,29,1987,27.0
08,30,1987,null
08,31,1987,null
09,01,1987,null
09,02,1987,null
09,03,1987,null
09,04,1987,null
09,05,1987,null
09,06,1987,null
09,07,1987,null
09,08,1987,null
09,09,1987,null
09,10,1987,null
09,11,1987,null
09,12,1987,null
09,13,1987,null
09,14,1987,null
09,15,1987,null
09,16,1987,null
09,17,1987,null
09,18,1987,null
09,19,1987,null
09,20,1987,null
09,21,1987,null
09,22,1987,null
09,23,1987,null
09,24,1987,null
09,25,1987,null
09,26,1987,null
09,27,1987,null
09,28,1987,null
09,29,1987,null
09,30,1987,null
10,01,1987,null
10,02,1987,null
10,03,1987,null
10,04,1987,null
10,05,1987,null
10,06,1987,null
10,07,1987,null
10,08,1987,null
10,09,1987,null
10,10,1987,null
10,11,1987,null
10,12,1987,null
10,13,1987,null
10,14,1987,null
10,15,1987,null
10,16,1987,null
10,17,1987,null
10,18,1987,null
10,19,1987,null
10,20,1987,null
10,21,1987,null
10,22,1987,null
10,23,1987,null
10,24,1987,null
10,25,1987,null
10,26,1987,null
10,27,1987,null
10,28,1987,null
10,29,1987,null
10,30,1987,null
10,31,1987,null
11,01,1987,23.0
11,02,1987,27.0
11,03,1987,24.0
11,04,1987,28.0
11,05,1987,28.0
11,06,1987,27.0
11,07,1987,30.0
11,08,1987,29.0
11,09,1987,32.0
11,10,1987,29.0
11,11,1987,22.0
11,12,1987,20.0
11,13,1987,20.0
11,14,1987,25.0
11,15,1987,29.0
11,16,1987,33.0
11,17,1987,38.0
11,18,1987,33.0
11,19,1987,28.0
11,20,1987,28.0
11,21,1987,29.0
11,22,1987,26.0
11,23,1987,26.0
11,24,1987,27.0
11,25,1987,29.0
11,26,1987,29.0
11,27,1987,35.0
11,28,1987,30.0
11,29,1987,35.0
11,30,1987,37.0
12,01,1987,25.0
12,02,1987,25.0
12,03,1987,26.0
12,04,1987,29.0
12,05,1987,36.0
12,06,1987,38.0
12,07,1987,33.0
12,08,1987,28.0
12,09,1987,29.0
12,10,1987,27.0
12,11,1987,29.0
12,12,1987,30.0
12,13,1987,25.0
12,14,1987,32.0
12,15,1987,35.0
12,16,1987,24.0
12,17,1987,26.0
12,18,1987,29.0
12,19,1987,33.0
12,20,1987,29.0
12,21,1987,27.0
12,22,1987,30.0
12,23,1987,33.0
12,24,1987,31.0
12,25,1987,33.0
12,26,1987,26.0
12,27,1987,24.0
12,28,1987,27.0
12,29,1987,29.0
12,30,1987,31.0
12,31,1987,30.0
01,01,1988,25.0
01,02,1988,28.0
01,03,1988,25.0
01,04,1988,25.0
01,05,1988,28.0
01,06,1988,28.0
01,07,1988,31.0
01,08,1988,29.0
01,09,1988,29.0
01,10,1988,24.0
01,11,1988,28.0
01,12,1988,24.0
01,13,1988,29.0
01,14,1988,26.0
01,15,1988,26.0
01,16,1988,32.0
01,17,1988,33.0
01,18,1988,32.0
01,19,1988,30.0
01,20,1988,31.0
01,21,1988,26.0
01,22,1988,30.0
01,23,1988,27.0
01,24,1988,27.0
01,25,1988,28.0
01,26,1988,28.0
01,27,1988,29.0
01,28,1988,29.0
01,29,1988,28.0
01,30,1988,28.0
01,31,1988,28.0
02,01,1988,31.0
02,02,1988,30.0
02,03,1988,28.0
02,04,1988,28.0
02,05,1988,27.0
02,06,1988,27.0
02,07,1988,25.0
02,08,1988,29.0
02,09,1988,25.0
02,10,1988,27.0
02,11,1988,27.0
02,12,1988,26.0
02,13,1988,24.0
02,14,1988,30.0
02,15,1988,27.0
02,16,1988,27.0
02,17,1988,32.0
02,18,1988,32.0
02,19,1988,31.0
02,20,1988,25.0
02,21,1988,28.0
02,22,1988,27.0
02,23,1988,35.0
02,24,1988,30.0
02,25,1988,24.0
02,26,1988,26.0
02,27,1988,27.0
02,28,1988,27.0
02,29,1988,28.0
03,01,1988,28.0
03,02,1988,33.0
03,03,1988,32.0
03,04,1988,31.0
03,05,1988,30.0
03,06,1988,27.0
03,07,1988,30.0
03,08,1988,32.0
03,09,1988,33.0
03,10,1988,28.0
03,11,1988,32.0
03,12,1988,32.0
03,13,1988,33.0
03,14,1988,29.0
03,15,1988,28.0
03,16,1988,26.0
03,17,1988,29.0
03,18,1988,26.0
03,19,1988,27.0
03,20,1988,28.0
03,21,1988,27.0
03,22,1988,34.0
03,23,1988,33.0
03,24,1988,36.0
03,25,1988,37.0
03,26,1988,36.0
03,27,1988,35.0
03,28,1988,37.0
03,29,1988,38.0
03,30,1988,36.0
03,31,1988,35.0
04,01,1988,38.0
04,02,1988,39.0
04,03,1988,39.0
04,04,1988,38.0
04,05,1988,38.0
04,06,1988,36.0
04,07,1988,33.0
04,08,1988,34.0
04,09,1988,38.0
04,10,1988,33.0
04,11,1988,36.0
04,12,1988,31.0
04,13,1988,36.0
04,14,1988,38.0
04,15,1988,38.0
04,16,1988,38.0
04,17,1988,39.0
04,18,1988,38.0
04,19,1988,39.0
04,20,1988,38.0
04,21,1988,38.0
04,22,1988,38.0
04,23,1988,38.0
04,24,1988,38.0
04,25,1988,36.0
04,26,1988,35.0
04,27,1988,35.0
04,28,1988,35.0
04,29,1988,36.0
04,30,1988,37.0
05,01,1988,38.0
05,02,1988,39.0
05,03,1988,38.0
05,04,1988,36.0
05,05,1988,34.0
05,06,1988,37.0
05,07,1988,39.0
05,08,1988,38.0
05,09,1988,38.0
05,10,1988,38.0
05,11,1988,39.0
05,12,1988,38.0
05,13,1988,35.0
05,14,1988,37.0
05,15,1988,36.0
05,16,1988,38.0
05,17,1988,35.0
05,18,1988,39.0
05,19,1988,36.0
05,20,1988,38.0
05,21,1988,38.0
05,22,1988,38.0
05,23,1988,37.0
05,24,1988,35.0
05,25,1988,32.0
05,26,1988,37.0
05,27,1988,38.0
05,28,1988,36.0
05,29,1988,38.0
05,30,1988,38.0
05,31,1988,37.0
06,01,1988,38.0
06,02,1988,38.0
06,03,1988,39.0
06,04,1988,38.0
06,05,1988,39.0
06,06,1988,38.0
06,07,1988,39.0
06,08,1988,39.0
06,09,1988,39.0
06,10,1988,38.0
06,11,1988,38.0
06,12,1988,35.0
06,13,1988,37.0
06,14,1988,33.0
06,15,1988,34.0
06,16,1988,34.0
06,17,1988,36.0
06,18,1988,38.0
06,19,1988,38.0
06,20,1988,36.0
06,21,1988,36.0
06,22,1988,38.0
06,23,1988,37.0
06,24,1988,35.0
06,25,1988,38.0
06,26,1988,36.0
06,27,1988,39.0
06,28,1988,39.0
06,29,1988,39.0
06,30,1988,39.0
07,01,1988,37.0
07,02,1988,40.0
07,03,1988,36.0
07,04,1988,34.0
07,05,1988,37.0
07,06,1988,34.0
07,07,1988,36.0
07,08,1988,37.0
07,09,1988,37.0
07,10,1988,35.0
07,11,1988,38.0
07,12,1988,35.0
07,13,1988,34.0
07,14,1988,35.0
07,15,1988,35.0
07,16,1988,33.0
07,17,1988,30.0
07,18,1988,34.0
07,19,1988,38.0
07,20,1988,35.0
07,21,1988,33.0
07,22,1988,32.0
07,23,1988,38.0
07,24,1988,34.0
07,25,1988,33.0
07,26,1988,36.0
07,27,1988,37.0
07,28,1988,35.0
07,29,1988,34.0
07,30,1988,36.0
07,31,1988,38.0
08,01,1988,34.0
08,02,1988,36.0
08,03,1988,37.0
08,04,1988,35.0
08,05,1988,37.0
08,06,1988,35.0
08,07,1988,33.0
08,08,1988,35.0
08,09,1988,32.0
08,10,1988,30.0
08,11,1988,30.0
08,12,1988,28.0
08,13,1988,30.0
08,14,1988,32.0
08,15,1988,34.0
08,16,1988,32.0
08,17,1988,37.0
08,18,1988,36.0
08,19,1988,36.0
08,20,1988,31.0
08,21,1988,35.0
08,22,1988,35.0
08,23,1988,34.0
08,24,1988,32.0
08,25,1988,34.0
08,26,1988,32.0
08,27,1988,34.0
08,28,1988,28.0
08,29,1988,33.0
08,30,1988,31.0
08,31,1988,30.0
09,01,1988,35.0
09,02,1988,36.0
09,03,1988,33.0
09,04,1988,31.0
09,05,1988,34.0
09,06,1988,36.0
09,07,1988,33.0
09,08,1988,37.0
09,09,1988,35.0
09,10,1988,34.0
09,11,1988,37.0
09,12,1988,33.0
09,13,1988,31.0
09,14,1988,34.0
09,15,1988,36.0
09,16,1988,38.0
09,17,1988,38.0
09,18,1988,34.0
09,19,1988,37.0
09,20,1988,35.0
09,21,1988,32.0
09,22,1988,37.0
09,23,1988,38.0
09,24,1988,35.0
09,25,1988,37.0
09,26,1988,36.0
09,27,1988,33.0
09,28,1988,34.0
09,29,1988,34.0
09,30,1988,34.0
10,01,1988,33.0
10,02,1988,34.0
10,03,1988,31.0
10,04,1988,28.0
10,05,1988,24.0
10,06,1988,23.0
10,07,1988,30.0
10,08,1988,28.0
10,09,1988,31.0
10,10,1988,33.0
10,11,1988,30.0
10,12,1988,31.0
10,13,1988,33.0
10,14,1988,30.0
10,15,1988,34.0
10,16,1988,32.0
10,17,1988,30.0
10,18,1988,34.0
10,19,1988,32.0
10,20,1988,35.0
10,21,1988,35.0
10,22,1988,32.0
10,23,1988,38.0
10,24,1988,36.0
10,25,1988,37.0
10,26,1988,35.0
10,27,1988,33.0
10,28,1988,34.0
10,29,1988,33.0
10,30,1988,30.0
10,31,1988,30.0
11,01,1988,34.0
11,02,1988,29.0
11,03,1988,28.0
11,04,1988,33.0
11,05,1988,36.0
11,06,1988,30.0
11,07,1988,28.0
11,08,1988,30.0
11,09,1988,30.0
11,10,1988,34.0
11,11,1988,33.0
11,12,1988,35.0
11,13,1988,34.0
11,14,1988,30.0
11,15,1988,31.0
11,16,1988,30.0
11,17,1988,27.0
11,18,1988,30.0
11,19,1988,26.0
11,20,1988,33.0
11,21,1988,34.0
11,22,1988,30.0
11,23,1988,34.0
11,24,1988,30.0
11,25,1988,27.0
11,26,1988,23.0
11,27,1988,27.0
11,28,1988,31.0
11,29,1988,30.0
11,30,1988,32.0
12,01,1988,30.0
12,02,1988,31.0
12,03,1988,34.0
12,04,1988,35.0
12,05,1988,34.0
12,06,1988,34.0
12,07,1988,38.0
12,08,1988,34.0
12,09,1988,31.0
12,10,1988,30.0
12,11,1988,26.0
12,12,1988,23.0
12,13,1988,26.0
12,14,1988,21.0
12,15,1988,29.0
12,16,1988,23.0
12,17,1988,29.0
12,18,1988,25.0
12,19,1988,24.0
12,20,1988,20.0
12,21,1988,26.0
12,22,1988,27.0
12,23,1988,29.0
12,24,1988,33.0
12,25,1988,31.0
12,26,1988,34.0
12,27,1988,27.0
12,28,1988,23.0
12,29,1988,26.0
12,30,1988,24.0
12,31,1988,25.0
01,01,1989,null
01,02,1989,null
01,03,1989,null
01,04,1989,null
01,05,1989,null
01,06,1989,null
01,07,1989,null
01,08,1989,null
01,09,1989,null
01,10,1989,null
01,11,1989,null
01,12,1989,null
01,13,1989,null
01,14,1989,null
01,15,1989,null
01,16,1989,null
01,17,1989,null
01,18,1989,null
01,19,1989,null
01,20,1989,null
01,21,1989,null
01,22,1989,null
01,23,1989,null
01,24,1989,null
01,25,1989,null
01,26,1989,null
01,27,1989,null
01,28,1989,null
01,29,1989,null
01,30,1989,null
01,31,1989,null
02,01,1989,31.0
02,02,1989,30.0
02,03,1989,30.0
02,04,1989,31.0
02,05,1989,29.0
02,06,1989,23.0
02,07,1989,27.0
02,08,1989,26.0
02,09,1989,31.0
02,10,1989,32.0
02,11,1989,25.0
02,12,1989,33.0
02,13,1989,26.0
02,14,1989,34.0
02,15,1989,30.0
02,16,1989,24.0
02,17,1989,32.0
02,18,1989,26.0
02,19,1989,27.0
02,20,1989,28.0
02,21,1989,31.0
02,22,1989,33.0
02,23,1989,32.0
02,24,1989,33.0
02,25,1989,30.0
02,26,1989,31.0
02,27,1989,30.0
02,28,1989,32.0
03,01,1989,null
03,02,1989,null
03,03,1989,null
03,04,1989,null
03,05,1989,null
03,06,1989,null
03,07,1989,null
03,08,1989,null
03,09,1989,null
03,10,1989,null
03,11,1989,null
03,12,1989,null
03,13,1989,null
03,14,1989,null
03,15,1989,null
03,16,1989,null
03,17,1989,null
03,18,1989,null
03,19,1989,null
03,20,1989,null
03,21,1989,null
03,22,1989,null
03,23,1989,null
03,24,1989,null
03,25,1989,null
03,26,1989,null
03,27,1989,null
03,28,1989,null
03,29,1989,null
03,30,1989,null
03,31,1989,null
04,01,1989,27.0
04,02,1989,29.0
04,03,1989,28.0
04,04,1989,36.0
04,05,1989,38.0
04,06,1989,38.0
04,07,1989,41.0
04,08,1989,42.0
04,09,1989,41.0
04,10,1989,34.0
04,11,1989,31.0
04,12,1989,33.0
04,13,1989,31.0
04,14,1989,35.0
04,15,1989,35.0
04,16,1989,36.0
04,17,1989,39.0
04,18,1989,36.0
04,19,1989,37.0
04,20,1989,33.0
04,21,1989,36.0
04,22,1989,37.0
04,23,1989,33.0
04,24,1989,34.0
04,25,1989,33.0
04,26,1989,30.0
04,27,1989,36.0
04,28,1989,34.0
04,29,1989,33.0
04,30,1989,34.0
05,01,1989,30.0
05,02,1989,38.0
05,03,1989,33.0
05,04,1989,39.0
05,05,1989,40.0
05,06,1989,36.0
05,07,1989,34.0
05,08,1989,31.0
05,09,1989,26.0
05,10,1989,30.0
05,11,1989,34.0
05,12,1989,31.0
05,13,1989,40.0
05,14,1989,37.0
05,15,1989,41.0
05,16,1989,33.0
05,17,1989,42.0
05,18,1989,42.0
05,19,1989,41.0
05,20,1989,35.0
05,21,1989,35.0
05,22,1989,30.0
05,23,1989,35.0
05,24,1989,30.0
05,25,1989,33.0
05,26,1989,30.0
05,27,1989,35.0
05,28,1989,35.0
05,29,1989,31.0
05,30,1989,31.0
05,31,1989,32.0
06,01,1989,24.0
06,02,1989,32.0
06,03,1989,36.0
06,04,1989,39.0
06,05,1989,34.0
06,06,1989,31.0
06,07,1989,30.0
06,08,1989,33.0
06,09,1989,30.0
06,10,1989,30.0
06,11,1989,38.0
06,12,1989,38.0
06,13,1989,39.0
06,14,1989,40.0
06,15,1989,38.0
06,16,1989,32.0
06,17,1989,34.0
06,18,1989,38.0
06,19,1989,37.0
06,20,1989,38.0
06,21,1989,34.0
06,22,1989,31.0
06,23,1989,35.0
06,24,1989,34.0
06,25,1989,39.0
06,26,1989,32.0
06,27,1989,33.0
06,28,1989,32.0
06,29,1989,32.0
06,30,1989,34.0
07,01,1989,35.0
07,02,1989,35.0
07,03,1989,38.0
07,04,1989,31.0
07,05,1989,34.0
07,06,1989,30.0
07,07,1989,31.0
07,08,1989,38.0
07,09,1989,40.0
07,10,1989,33.0
07,11,1989,33.0
07,12,1989,32.0
07,13,1989,33.0
07,14,1989,34.0
07,15,1989,35.0
07,16,1989,36.0
07,17,1989,34.0
07,18,1989,33.0
07,19,1989,37.0
07,20,1989,35.0
07,21,1989,33.0
07,22,1989,33.0
07,23,1989,34.0
07,24,1989,31.0
07,25,1989,32.0
07,26,1989,35.0
07,27,1989,32.0
07,28,1989,31.0
07,29,1989,38.0
07,30,1989,33.0
07,31,1989,35.0
08,01,1989,35.0
08,02,1989,30.0
08,03,1989,30.0
08,04,1989,34.0
08,05,1989,30.0
08,06,1989,38.0
08,07,1989,34.0
08,08,1989,36.0
08,09,1989,30.0
08,10,1989,35.0
08,11,1989,30.0
08,12,1989,36.0
08,13,1989,30.0
08,14,1989,38.0
08,15,1989,33.0
08,16,1989,29.0
08,17,1989,33.0
08,18,1989,34.0
08,19,1989,36.0
08,20,1989,36.0
08,21,1989,38.0
08,22,1989,35.0
08,23,1989,34.0
08,24,1989,35.0
08,25,1989,36.0
08,26,1989,36.0
08,27,1989,38.0
08,28,1989,34.0
08,29,1989,38.0
08,30,1989,35.0
08,31,1989,35.0
09,01,1989,29.0
09,02,1989,29.0
09,03,1989,28.0
09,04,1989,33.0
09,05,1989,32.0
09,06,1989,33.0
09,07,1989,30.0
09,08,1989,34.0
09,09,1989,36.0
09,10,1989,31.0
09,11,1989,30.0
09,12,1989,30.0
09,13,1989,32.0
09,14,1989,31.0
09,15,1989,35.0
09,16,1989,36.0
09,17,1989,30.0
09,18,1989,32.0
09,19,1989,28.0
09,20,1989,30.0
09,21,1989,36.0
09,22,1989,32.0
09,23,1989,32.0
09,24,1989,31.0
09,25,1989,35.0
09,26,1989,33.0
09,27,1989,33.0
09,28,1989,31.0
09,29,1989,30.0
09,30,1989,33.0
10,01,1989,28.0
10,02,1989,27.0
10,03,1989,36.0
10,04,1989,32.0
10,05,1989,34.0
10,06,1989,31.0
10,07,1989,30.0
10,08,1989,28.0
10,09,1989,31.0
10,10,1989,34.0
10,11,1989,28.0
10,12,1989,29.0
10,13,1989,29.0
10,14,1989,36.0
10,15,1989,32.0
10,16,1989,38.0
10,17,1989,31.0
10,18,1989,35.0
10,19,1989,31.0
10,20,1989,30.0
10,21,1989,28.0
10,22,1989,31.0
10,23,1989,34.0
10,24,1989,31.0
10,25,1989,28.0
10,26,1989,29.0
10,27,1989,31.0
10,28,1989,29.0
10,29,1989,29.0
10,30,1989,30.0
10,31,1989,30.0
11,01,1989,null
11,02,1989,null
11,03,1989,null
11,04,1989,null
11,05,1989,null
11,06,1989,null
11,07,1989,null
11,08,1989,null
11,09,1989,null
11,10,1989,null
11,11,1989,null
11,12,1989,null
11,13,1989,null
11,14,1989,null
11,15,1989,null
11,16,1989,null
11,17,1989,null
11,18,1989,null
11,19,1989,null
11,20,1989,null
11,21,1989,null
11,22,1989,null
11,23,1989,null
11,24,1989,null
11,25,1989,null
11,26,1989,null
11,27,1989,null
11,28,1989,null
11,29,1989,null
11,30,1989,null
12,01,1989,null
12,02,1989,null
12,03,1989,null
12,04,1989,null
12,05,1989,null
12,06,1989,null
12,07,1989,null
12,08,1989,null
12,09,1989,null
12,10,1989,null
12,11,1989,null
12,12,1989,null
12,13,1989,null
12,14,1989,null
12,15,1989,null
12,16,1989,null
12,17,1989,null
12,18,1989,null
12,19,1989,null
12,20,1989,null
12,21,1989,null
12,22,1989,null
12,23,1989,null
12,24,1989,null
12,25,1989,null
12,26,1989,null
12,27,1989,null
12,28,1989,null
12,29,1989,null
12,30,1989,null
12,31,1989,null
01,01,1990,null
01,02,1990,null
01,03,1990,null
01,04,1990,null
01,05,1990,null
01,06,1990,null
01,07,1990,null
01,08,1990,null
01,09,1990,null
01,10,1990,null
01,11,1990,null
01,12,1990,null
01,13,1990,null
01,14,1990,null
01,15,1990,null
01,16,1990,null
01,17,1990,null
01,18,1990,null
01,19,1990,null
01,20,1990,null
01,21,1990,null
01,22,1990,null
01,23,1990,null
01,24,1990,null
01,25,1990,null
01,26,1990,null
01,27,1990,null
01,28,1990,null
01,29,1990,null
01,30,1990,null
01,31,1990,null
02,01,1990,null
02,02,1990,null
02,03,1990,null
02,04,1990,null
02,05,1990,null
02,06,1990,null
02,07,1990,null
02,08,1990,null
02,09,1990,null
02,10,1990,null
02,11,1990,null
02,12,1990,null
02,13,1990,null
02,14,1990,null
02,15,1990,null
02,16,1990,null
02,17,1990,null
02,18,1990,null
02,19,1990,null
02,20,1990,null
02,21,1990,null
02,22,1990,null
02,23,1990,null
02,24,1990,null
02,25,1990,null
02,26,1990,null
02,27,1990,null
02,28,1990,null
03,01,1990,null
03,02,1990,null
03,03,1990,null
03,04,1990,null
03,05,1990,null
03,06,1990,null
03,07,1990,null
03,08,1990,null
03,09,1990,null
03,10,1990,null
03,11,1990,null
03,12,1990,null
03,13,1990,null
03,14,1990,null
03,15,1990,null
03,16,1990,null
03,17,1990,null
03,18,1990,null
03,19,1990,null
03,20,1990,null
03,21,1990,null
03,22,1990,null
03,23,1990,null
03,24,1990,null
03,25,1990,null
03,26,1990,null
03,27,1990,null
03,28,1990,null
03,29,1990,null
03,30,1990,null
03,31,1990,null
04,01,1990,null
04,02,1990,null
04,03,1990,null
04,04,1990,null
04,05,1990,null
04,06,1990,null
04,07,1990,null
04,08,1990,null
04,09,1990,null
04,10,1990,null
04,11,1990,null
04,12,1990,null
04,13,1990,null
04,14,1990,null
04,15,1990,null
04,16,1990,null
04,17,1990,null
04,18,1990,null
04,19,1990,null
04,20,1990,null
04,21,1990,null
04,22,1990,null
04,23,1990,null
04,24,1990,null
04,25,1990,null
04,26,1990,null
04,27,1990,null
04,28,1990,null
04,29,1990,null
04,30,1990,null
05,01,1990,null
05,02,1990,null
05,03,1990,null
05,04,1990,null
05,05,1990,null
05,06,1990,null
05,07,1990,null
05,08,1990,null
05,09,1990,null
05,10,1990,null
05,11,1990,null
05,12,1990,null
05,13,1990,null
05,14,1990,null
05,15,1990,null
05,16,1990,null
05,17,1990,null
05,18,1990,null
05,19,1990,null
05,20,1990,null
05,21,1990,null
05,22,1990,null
05,23,1990,null
05,24,1990,null
05,25,1990,null
05,26,1990,null
05,27,1990,null
05,28,1990,null
05,29,1990,null
05,30,1990,null
05,31,1990,null
06,01,1990,null
06,02,1990,null
06,03,1990,null
06,04,1990,null
06,05,1990,null
06,06,1990,null
06,07,1990,null
06,08,1990,null
06,09,1990,null
06,10,1990,null
06,11,1990,null
06,12,1990,null
06,13,1990,null
06,14,1990,null
06,15,1990,null
06,16,1990,null
06,17,1990,null
06,18,1990,null
06,19,1990,null
06,20,1990,null
06,21,1990,null
06,22,1990,null
06,23,1990,null
06,24,1990,null
06,25,1990,null
06,26,1990,null
06,27,1990,null
06,28,1990,null
06,29,1990,null
06,30,1990,null
07,01,1990,null
07,02,1990,null
07,03,1990,null
07,04,1990,null
07,05,1990,null
07,06,1990,null
07,07,1990,null
07,08,1990,null
07,09,1990,null
07,10,1990,null
07,11,1990,null
07,12,1990,null
07,13,1990,null
07,14,1990,null
07,15,1990,null
07,16,1990,null
07,17,1990,null
07,18,1990,null
07,19,1990,null
07,20,1990,null
07,21,1990,null
07,22,1990,null
07,23,1990,null
07,24,1990,null
07,25,1990,null
07,26,1990,null
07,27,1990,null
07,28,1990,null
07,29,1990,null
07,30,1990,null
07,31,1990,null
08,01,1990,null
08,02,1990,null
08,03,1990,null
08,04,1990,null
08,05,1990,null
08,06,1990,null
08,07,1990,null
08,08,1990,null
08,09,1990,null
08,10,1990,null
08,11,1990,null
08,12,1990,null
08,13,1990,null
08,14,1990,null
08,15,1990,null
08,16,1990,null
08,17,1990,null
08,18,1990,null
08,19,1990,null
08,20,1990,null
08,21,1990,null
08,22,1990,null
08,23,1990,null
08,24,1990,null
08,25,1990,null
08,26,1990,null
08,27,1990,null
08,28,1990,null
08,29,1990,null
08,30,1990,null
08,31,1990,null
09,01,1990,null
09,02,1990,null
09,03,1990,null
09,04,1990,null
09,05,1990,null
09,06,1990,null
09,07,1990,null
09,08,1990,null
09,09,1990,null
09,10,1990,null
09,11,1990,null
09,12,1990,null
09,13,1990,null
09,14,1990,null
09,15,1990,null
09,16,1990,null
09,17,1990,null
09,18,1990,null
09,19,1990,null
09,20,1990,null
09,21,1990,null
09,22,1990,null
09,23,1990,null
09,24,1990,null
09,25,1990,null
09,26,1990,null
09,27,1990,null
09,28,1990,null
09,29,1990,null
09,30,1990,null
10,01,1990,null
10,02,1990,null
10,03,1990,null
10,04,1990,null
10,05,1990,null
10,06,1990,null
10,07,1990,null
10,08,1990,null
10,09,1990,null
10,10,1990,null
10,11,1990,null
10,12,1990,null
10,13,1990,null
10,14,1990,null
10,15,1990,null
10,16,1990,null
10,17,1990,null
10,18,1990,null
10,19,1990,null
10,20,1990,null
10,21,1990,null
10,22,1990,null
10,23,1990,null
10,24,1990,null
10,25,1990,null
10,26,1990,null
10,27,1990,null
10,28,1990,null
10,29,1990,null
10,30,1990,null
10,31,1990,null
11,01,1990,null
11,02,1990,null
11,03,1990,null
11,04,1990,null
11,05,1990,null
11,06,1990,null
11,07,1990,null
11,08,1990,null
11,09,1990,null
11,10,1990,null
11,11,1990,null
11,12,1990,null
11,13,1990,null
11,14,1990,null
11,15,1990,null
11,16,1990,null
11,17,1990,null
11,18,1990,null
11,19,1990,null
11,20,1990,null
11,21,1990,null
11,22,1990,null
11,23,1990,null
11,24,1990,null
11,25,1990,null
11,26,1990,null
11,27,1990,null
11,28,1990,null
11,29,1990,null
11,30,1990,null
12,01,1990,null
12,02,1990,null
12,03,1990,null
12,04,1990,null
12,05,1990,null
12,06,1990,null
12,07,1990,null
12,08,1990,null
12,09,1990,null
12,10,1990,null
12,11,1990,null
12,12,1990,null
12,13,1990,null
12,14,1990,null
12,15,1990,null
12,16,1990,null
12,17,1990,null
12,18,1990,null
12,19,1990,null
12,20,1990,null
12,21,1990,null
12,22,1990,null
12,23,1990,null
12,24,1990,null
12,25,1990,null
12,26,1990,null
12,27,1990,null
12,28,1990,null
12,29,1990,null
12,30,1990,null
12,31,1990,null
01,01,1991,20.0
01,02,1991,26.0
01,03,1991,32.0
01,04,1991,30.0
01,05,1991,25.0
01,06,1991,25.0
01,07,1991,30.0
01,08,1991,30.0
01,09,1991,30.0
01,10,1991,30.0
01,11,1991,28.0
01,12,1991,25.0
01,13,1991,20.0
01,14,1991,20.0
01,15,1991,25.0
01,16,1991,30.0
01,17,1991,29.0
01,18,1991,24.0
01,19,1991,33.0
01,20,1991,33.0
01,21,1991,30.0
01,22,1991,25.0
01,23,1991,25.0
01,24,1991,30.0
01,25,1991,29.0
01,26,1991,29.0
01,27,1991,25.0
01,28,1991,22.0
01,29,1991,20.0
01,30,1991,28.0
01,31,1991,28.0
02,01,1991,30.0
02,02,1991,28.0
02,03,1991,30.0
02,04,1991,30.0
02,05,1991,30.0
02,06,1991,30.0
02,07,1991,31.0
02,08,1991,28.0
02,09,1991,30.0
02,10,1991,28.0
02,11,1991,28.0
02,12,1991,28.0
02,13,1991,23.0
02,14,1991,30.0
02,15,1991,30.0
02,16,1991,30.0
02,17,1991,27.0
02,18,1991,28.0
02,19,1991,30.0
02,20,1991,30.0
02,21,1991,28.0
02,22,1991,30.0
02,23,1991,30.0
02,24,1991,31.0
02,25,1991,31.0
02,26,1991,30.0
02,27,1991,28.0
02,28,1991,29.0
03,01,1991,30.0
03,02,1991,30.0
03,03,1991,30.0
03,04,1991,31.0
03,05,1991,31.0
03,06,1991,30.0
03,07,1991,30.0
03,08,1991,31.0
03,09,1991,32.0
03,10,1991,30.0
03,11,1991,25.0
03,12,1991,33.0
03,13,1991,28.0
03,14,1991,30.0
03,15,1991,25.0
03,16,1991,28.0
03,17,1991,30.0
03,18,1991,30.0
03,19,1991,27.0
03,20,1991,30.0
03,21,1991,32.0
03,22,1991,32.0
03,23,1991,28.0
03,24,1991,32.0
03,25,1991,30.0
03,26,1991,26.0
03,27,1991,24.0
03,28,1991,25.0
03,29,1991,30.0
03,30,1991,29.0
03,31,1991,29.0
04,01,1991,30.0
04,02,1991,32.0
04,03,1991,28.0
04,04,1991,26.0
04,05,1991,30.0
04,06,1991,27.0
04,07,1991,28.0
04,08,1991,32.0
04,09,1991,30.0
04,10,1991,30.0
04,11,1991,31.0
04,12,1991,30.0
04,13,1991,30.0
04,14,1991,27.0
04,15,1991,29.0
04,16,1991,30.0
04,17,1991,29.0
04,18,1991,29.0
04,19,1991,28.0
04,20,1991,30.0
04,21,1991,26.0
04,22,1991,27.0
04,23,1991,30.0
04,24,1991,29.0
04,25,1991,32.0
04,26,1991,28.0
04,27,1991,30.0
04,28,1991,25.0
04,29,1991,27.0
04,30,1991,30.0
05,01,1991,30.0
05,02,1991,27.0
05,03,1991,25.0
05,04,1991,25.0
05,05,1991,25.0
05,06,1991,26.0
05,07,1991,22.0
05,08,1991,30.0
05,09,1991,26.0
05,10,1991,21.0
05,11,1991,25.0
05,12,1991,31.0
05,13,1991,33.0
05,14,1991,30.0
05,15,1991,30.0
05,16,1991,30.0
05,17,1991,30.0
05,18,1991,32.0
05,19,1991,30.0
05,20,1991,30.0
05,21,1991,30.0
05,22,1991,24.0
05,23,1991,28.0
05,24,1991,30.0
05,25,1991,30.0
05,26,1991,27.0
05,27,1991,30.0
05,28,1991,30.0
05,29,1991,26.0
05,30,1991,28.0
05,31,1991,29.0
06,01,1991,26.0
06,02,1991,31.0
06,03,1991,32.0
06,04,1991,32.0
06,05,1991,33.0
06,06,1991,35.0
06,07,1991,33.0
06,08,1991,30.0
06,09,1991,30.0
06,10,1991,32.0
06,11,1991,33.0
06,12,1991,34.0
06,13,1991,30.0
06,14,1991,32.0
06,15,1991,28.0
06,16,1991,30.0
06,17,1991,30.0
06,18,1991,28.0
06,19,1991,32.0
06,20,1991,28.0
06,21,1991,28.0
06,22,1991,30.0
06,23,1991,30.0
06,24,1991,28.0
06,25,1991,30.0
06,26,1991,32.0
06,27,1991,28.0
06,28,1991,27.0
06,29,1991,28.0
06,30,1991,26.0
07,01,1991,25.0
07,02,1991,28.0
07,03,1991,24.0
07,04,1991,30.0
07,05,1991,25.0
07,06,1991,24.0
07,07,1991,25.0
07,08,1991,24.0
07,09,1991,23.0
07,10,1991,25.0
07,11,1991,28.0
07,12,1991,30.0
07,13,1991,30.0
07,14,1991,28.0
07,15,1991,28.0
07,16,1991,30.0
07,17,1991,30.0
07,18,1991,26.0
07,19,1991,24.0
07,20,1991,23.0
07,21,1991,20.0
07,22,1991,20.0
07,23,1991,18.0
07,24,1991,20.0
07,25,1991,21.0
07,26,1991,20.0
07,27,1991,22.0
07,28,1991,24.0
07,29,1991,23.0
07,30,1991,24.0
07,31,1991,25.0
08,01,1991,29.0
08,02,1991,28.0
08,03,1991,26.0
08,04,1991,25.0
08,05,1991,24.0
08,06,1991,20.0
08,07,1991,23.0
08,08,1991,25.0
08,09,1991,30.0
08,10,1991,25.0
08,11,1991,26.0
08,12,1991,25.0
08,13,1991,25.0
08,14,1991,23.0
08,15,1991,20.0
08,16,1991,24.0
08,17,1991,23.0
08,18,1991,23.0
08,19,1991,26.0
08,20,1991,25.0
08,21,1991,28.0
08,22,1991,30.0
08,23,1991,30.0
08,24,1991,28.0
08,25,1991,28.0
08,26,1991,28.0
08,27,1991,30.0
08,28,1991,29.0
08,29,1991,30.0
08,30,1991,28.0
08,31,1991,29.0
