Id:,20131
Estación:,SANTIAGO APOALA-OAX
Posición:,17.6497222222N -97.1186111111W
Variable:,Temp Mínima (oC)
Fecha Inicial:,01/01/1966
Fecha Final:,03/01/1982
No Dato:,nan
Mes,Día,Anio,Datos
01,01,1966,10.0
01,02,1966,10.5
01,03,1966,14.0
01,04,1966,16.0
01,05,1966,11.0
01,06,1966,12.5
01,07,1966,14.5
01,08,1966,15.0
01,09,1966,13.0
01,10,1966,10.0
01,11,1966,12.0
01,12,1966,11.5
01,13,1966,11.0
01,14,1966,11.0
01,15,1966,11.0
01,16,1966,11.5
01,17,1966,13.0
01,18,1966,15.0
01,19,1966,16.5
01,20,1966,15.0
01,21,1966,14.0
01,22,1966,14.0
01,23,1966,15.0
01,24,1966,11.5
01,25,1966,13.0
01,26,1966,13.5
01,27,1966,15.5
01,28,1966,10.5
01,29,1966,17.5
01,30,1966,12.0
01,31,1966,5.5
02,01,1966,9.0
02,02,1966,12.5
02,03,1966,13.5
02,04,1966,15.0
02,05,1966,11.5
02,06,1966,10.5
02,07,1966,11.5
02,08,1966,12.0
02,09,1966,14.0
02,10,1966,18.5
02,11,1966,16.5
02,12,1966,19.5
02,13,1966,15.5
02,14,1966,14.5
02,15,1966,17.5
02,16,1966,15.5
02,17,1966,13.0
02,18,1966,14.5
02,19,1966,16.0
02,20,1966,15.0
02,21,1966,19.0
02,22,1966,19.0
02,23,1966,17.5
02,24,1966,16.0
02,25,1966,11.0
02,26,1966,12.5
02,27,1966,15.0
02,28,1966,16.5
03,01,1966,18.0
03,02,1966,13.5
03,03,1966,17.5
03,04,1966,16.5
03,05,1966,19.0
03,06,1966,15.5
03,07,1966,16.0
03,08,1966,14.0
03,09,1966,17.0
03,10,1966,16.5
03,11,1966,15.0
03,12,1966,14.0
03,13,1966,13.5
03,14,1966,12.0
03,15,1966,14.0
03,16,1966,15.5
03,17,1966,17.5
03,18,1966,19.0
03,19,1966,16.0
03,20,1966,17.5
03,21,1966,12.0
03,22,1966,13.5
03,23,1966,16.5
03,24,1966,20.5
03,25,1966,15.5
03,26,1966,14.5
03,27,1966,18.0
03,28,1966,19.0
03,29,1966,20.0
03,30,1966,22.0
03,31,1966,20.5
04,01,1966,19.0
04,02,1966,19.0
04,03,1966,20.0
04,04,1966,17.5
04,05,1966,19.0
04,06,1966,19.0
04,07,1966,16.0
04,08,1966,18.5
04,09,1966,19.5
04,10,1966,23.0
04,11,1966,19.0
04,12,1966,22.0
04,13,1966,19.0
04,14,1966,21.5
04,15,1966,21.5
04,16,1966,16.5
04,17,1966,18.0
04,18,1966,18.0
04,19,1966,18.0
04,20,1966,20.5
04,21,1966,19.5
04,22,1966,21.5
04,23,1966,18.0
04,24,1966,20.5
04,25,1966,21.0
04,26,1966,20.0
04,27,1966,22.5
04,28,1966,21.0
04,29,1966,21.0
04,30,1966,18.0
05,01,1966,21.5
05,02,1966,22.5
05,03,1966,21.0
05,04,1966,18.5
05,05,1966,19.0
05,06,1966,19.5
05,07,1966,21.0
05,08,1966,18.5
05,09,1966,20.0
05,10,1966,20.5
05,11,1966,19.5
05,12,1966,20.5
05,13,1966,21.5
05,14,1966,21.5
05,15,1966,25.0
05,16,1966,23.5
05,17,1966,21.5
05,18,1966,21.0
05,19,1966,22.0
05,20,1966,23.5
05,21,1966,22.0
05,22,1966,19.0
05,23,1966,19.0
05,24,1966,20.5
05,25,1966,20.5
05,26,1966,21.0
05,27,1966,23.0
05,28,1966,21.5
05,29,1966,23.0
05,30,1966,21.5
05,31,1966,19.5
06,01,1966,18.5
06,02,1966,19.0
06,03,1966,18.5
06,04,1966,22.5
06,05,1966,20.0
06,06,1966,20.5
06,07,1966,20.0
06,08,1966,20.0
06,09,1966,22.0
06,10,1966,21.5
06,11,1966,22.0
06,12,1966,22.5
06,13,1966,23.0
06,14,1966,21.0
06,15,1966,22.5
06,16,1966,22.5
06,17,1966,21.5
06,18,1966,20.5
06,19,1966,22.5
06,20,1966,22.0
06,21,1966,22.0
06,22,1966,22.0
06,23,1966,22.0
06,24,1966,21.5
06,25,1966,22.0
06,26,1966,22.5
06,27,1966,22.0
06,28,1966,20.0
06,29,1966,20.0
06,30,1966,22.0
07,01,1966,20.5
07,02,1966,22.0
07,03,1966,21.5
07,04,1966,22.0
07,05,1966,22.5
07,06,1966,21.5
07,07,1966,22.0
07,08,1966,21.0
07,09,1966,21.0
07,10,1966,20.0
07,11,1966,21.5
07,12,1966,21.0
07,13,1966,21.0
07,14,1966,21.5
07,15,1966,16.0
07,16,1966,17.0
07,17,1966,21.0
07,18,1966,18.5
07,19,1966,21.5
07,20,1966,21.5
07,21,1966,22.5
07,22,1966,22.0
07,23,1966,21.5
07,24,1966,22.0
07,25,1966,20.5
07,26,1966,19.0
07,27,1966,20.0
07,28,1966,22.5
07,29,1966,20.5
07,30,1966,21.5
07,31,1966,21.5
08,01,1966,21.0
08,02,1966,18.0
08,03,1966,21.5
08,04,1966,21.5
08,05,1966,21.0
08,06,1966,21.0
08,07,1966,21.0
08,08,1966,20.5
08,09,1966,22.0
08,10,1966,22.0
08,11,1966,22.5
08,12,1966,19.5
08,13,1966,22.0
08,14,1966,21.5
08,15,1966,22.0
08,16,1966,19.0
08,17,1966,20.0
08,18,1966,19.0
08,19,1966,19.0
08,20,1966,18.5
08,21,1966,21.0
08,22,1966,19.5
08,23,1966,22.0
08,24,1966,22.5
08,25,1966,20.5
08,26,1966,19.5
08,27,1966,21.0
08,28,1966,20.0
08,29,1966,22.0
08,30,1966,15.5
08,31,1966,16.0
09,01,1966,18.5
09,02,1966,18.5
09,03,1966,21.0
09,04,1966,19.5
09,05,1966,21.0
09,06,1966,21.5
09,07,1966,23.0
09,08,1966,21.0
09,09,1966,19.0
09,10,1966,19.5
09,11,1966,20.5
09,12,1966,22.5
09,13,1966,20.0
09,14,1966,21.0
09,15,1966,18.0
09,16,1966,18.5
09,17,1966,21.0
09,18,1966,23.5
09,19,1966,21.5
09,20,1966,22.0
09,21,1966,19.5
09,22,1966,19.5
09,23,1966,20.0
09,24,1966,20.0
09,25,1966,16.0
09,26,1966,20.5
09,27,1966,20.5
09,28,1966,20.0
09,29,1966,18.0
09,30,1966,17.5
10,01,1966,20.5
10,02,1966,21.5
10,03,1966,21.0
10,04,1966,22.5
10,05,1966,22.0
10,06,1966,18.0
10,07,1966,18.0
10,08,1966,17.5
10,09,1966,19.0
10,10,1966,20.5
10,11,1966,22.5
10,12,1966,21.5
10,13,1966,22.5
10,14,1966,22.5
10,15,1966,20.5
10,16,1966,21.0
10,17,1966,20.0
10,18,1966,21.0
10,19,1966,20.5
10,20,1966,17.5
10,21,1966,15.5
10,22,1966,16.5
10,23,1966,19.5
10,24,1966,18.0
10,25,1966,21.0
10,26,1966,19.0
10,27,1966,12.5
10,28,1966,17.5
10,29,1966,13.0
10,30,1966,14.0
10,31,1966,13.0
11,01,1966,15.0
11,02,1966,18.5
11,03,1966,15.5
11,04,1966,8.5
11,05,1966,14.0
11,06,1966,9.0
11,07,1966,8.5
11,08,1966,11.0
11,09,1966,13.5
11,10,1966,16.5
11,11,1966,17.0
11,12,1966,17.5
11,13,1966,16.0
11,14,1966,20.0
11,15,1966,13.5
11,16,1966,16.5
11,17,1966,12.0
11,18,1966,14.5
11,19,1966,17.5
11,20,1966,17.5
11,21,1966,10.0
11,22,1966,12.0
11,23,1966,11.5
11,24,1966,12.0
11,25,1966,11.5
11,26,1966,13.5
11,27,1966,11.0
11,28,1966,15.0
11,29,1966,8.0
11,30,1966,7.0
12,01,1966,8.5
12,02,1966,9.0
12,03,1966,9.0
12,04,1966,10.0
12,05,1966,11.5
12,06,1966,11.0
12,07,1966,11.0
12,08,1966,11.5
12,09,1966,13.0
12,10,1966,17.0
12,11,1966,15.0
12,12,1966,13.0
12,13,1966,9.0
12,14,1966,10.0
12,15,1966,11.0
12,16,1966,12.5
12,17,1966,16.5
12,18,1966,12.0
12,19,1966,9.0
12,20,1966,7.0
12,21,1966,8.0
12,22,1966,11.5
12,23,1966,13.5
12,24,1966,10.0
12,25,1966,10.5
12,26,1966,12.0
12,27,1966,13.5
12,28,1966,12.0
12,29,1966,17.0
12,30,1966,11.0
12,31,1966,12.0
01,01,1967,null
01,02,1967,null
01,03,1967,null
01,04,1967,null
01,05,1967,null
01,06,1967,null
01,07,1967,null
01,08,1967,null
01,09,1967,null
01,10,1967,null
01,11,1967,null
01,12,1967,null
01,13,1967,null
01,14,1967,null
01,15,1967,null
01,16,1967,null
01,17,1967,null
01,18,1967,null
01,19,1967,null
01,20,1967,null
01,21,1967,null
01,22,1967,null
01,23,1967,null
01,24,1967,null
01,25,1967,null
01,26,1967,null
01,27,1967,10.0
01,28,1967,6.0
01,29,1967,7.0
01,30,1967,7.0
01,31,1967,7.0
02,01,1967,8.0
02,02,1967,9.0
02,03,1967,8.0
02,04,1967,8.0
02,05,1967,9.0
02,06,1967,10.0
02,07,1967,10.0
02,08,1967,10.0
02,09,1967,5.0
02,10,1967,8.0
02,11,1967,7.0
02,12,1967,7.0
02,13,1967,4.0
02,14,1967,2.0
02,15,1967,4.0
02,16,1967,5.0
02,17,1967,6.0
02,18,1967,5.0
02,19,1967,5.0
02,20,1967,10.0
02,21,1967,8.0
02,22,1967,10.0
02,23,1967,7.0
02,24,1967,10.0
02,25,1967,7.0
02,26,1967,7.0
02,27,1967,6.0
02,28,1967,10.0
03,01,1967,7.0
03,02,1967,7.0
03,03,1967,11.0
03,04,1967,11.0
03,05,1967,11.0
03,06,1967,12.0
03,07,1967,11.0
03,08,1967,11.0
03,09,1967,7.0
03,10,1967,8.0
03,11,1967,10.0
03,12,1967,7.0
03,13,1967,6.0
03,14,1967,7.0
03,15,1967,8.0
03,16,1967,7.0
03,17,1967,9.0
03,18,1967,5.0
03,19,1967,7.0
03,20,1967,10.0
03,21,1967,11.0
03,22,1967,11.0
03,23,1967,8.0
03,24,1967,9.0
03,25,1967,10.0
03,26,1967,11.0
03,27,1967,10.0
03,28,1967,7.0
03,29,1967,7.0
03,30,1967,9.0
03,31,1967,11.0
04,01,1967,10.0
04,02,1967,10.0
04,03,1967,7.0
04,04,1967,7.0
04,05,1967,11.0
04,06,1967,9.0
04,07,1967,11.0
04,08,1967,10.0
04,09,1967,10.0
04,10,1967,11.0
04,11,1967,11.0
04,12,1967,11.0
04,13,1967,14.0
04,14,1967,12.0
04,15,1967,12.0
04,16,1967,11.0
04,17,1967,12.0
04,18,1967,11.0
04,19,1967,12.0
04,20,1967,12.0
04,21,1967,14.0
04,22,1967,13.0
04,23,1967,13.0
04,24,1967,11.0
04,25,1967,13.0
04,26,1967,13.0
04,27,1967,13.0
04,28,1967,15.0
04,29,1967,15.0
04,30,1967,13.0
05,01,1967,13.0
05,02,1967,13.0
05,03,1967,12.0
05,04,1967,12.0
05,05,1967,11.5
05,06,1967,11.0
05,07,1967,10.0
05,08,1967,10.0
05,09,1967,12.0
05,10,1967,12.0
05,11,1967,13.0
05,12,1967,15.0
05,13,1967,13.0
05,14,1967,14.0
05,15,1967,13.0
05,16,1967,12.0
05,17,1967,11.0
05,18,1967,12.0
05,19,1967,11.0
05,20,1967,13.0
05,21,1967,13.0
05,22,1967,11.0
05,23,1967,9.0
05,24,1967,9.0
05,25,1967,12.0
05,26,1967,13.0
05,27,1967,11.0
05,28,1967,13.0
05,29,1967,14.0
05,30,1967,15.0
05,31,1967,15.0
06,01,1967,15.0
06,02,1967,14.0
06,03,1967,12.0
06,04,1967,11.0
06,05,1967,12.0
06,06,1967,12.0
06,07,1967,10.0
06,08,1967,12.0
06,09,1967,14.0
06,10,1967,14.0
06,11,1967,15.0
06,12,1967,16.0
06,13,1967,15.0
06,14,1967,14.0
06,15,1967,14.0
06,16,1967,13.0
06,17,1967,14.0
06,18,1967,13.0
06,19,1967,13.0
06,20,1967,14.0
06,21,1967,14.0
06,22,1967,14.5
06,23,1967,14.0
06,24,1967,13.5
06,25,1967,14.5
06,26,1967,13.0
06,27,1967,14.0
06,28,1967,13.0
06,29,1967,12.0
06,30,1967,13.0
07,01,1967,14.0
07,02,1967,15.0
07,03,1967,14.0
07,04,1967,13.0
07,05,1967,12.0
07,06,1967,12.0
07,07,1967,11.0
07,08,1967,12.0
07,09,1967,12.0
07,10,1967,11.0
07,11,1967,11.0
07,12,1967,12.0
07,13,1967,12.0
07,14,1967,12.0
07,15,1967,11.0
07,16,1967,12.0
07,17,1967,14.0
07,18,1967,12.0
07,19,1967,11.0
07,20,1967,12.0
07,21,1967,11.0
07,22,1967,11.0
07,23,1967,13.0
07,24,1967,13.0
07,25,1967,12.0
07,26,1967,11.0
07,27,1967,11.0
07,28,1967,10.5
07,29,1967,10.0
07,30,1967,11.5
07,31,1967,12.5
08,01,1967,12.0
08,02,1967,13.0
08,03,1967,12.0
08,04,1967,12.0
08,05,1967,11.0
08,06,1967,12.0
08,07,1967,11.0
08,08,1967,11.0
08,09,1967,14.0
08,10,1967,13.0
08,11,1967,12.0
08,12,1967,10.0
08,13,1967,12.0
08,14,1967,12.0
08,15,1967,12.5
08,16,1967,12.0
08,17,1967,12.0
08,18,1967,12.5
08,19,1967,12.0
08,20,1967,13.0
08,21,1967,14.0
08,22,1967,14.0
08,23,1967,15.0
08,24,1967,14.0
08,25,1967,13.0
08,26,1967,14.0
08,27,1967,13.0
08,28,1967,14.0
08,29,1967,12.0
08,30,1967,12.0
08,31,1967,13.0
09,01,1967,13.0
09,02,1967,13.0
09,03,1967,13.0
09,04,1967,11.0
09,05,1967,13.0
09,06,1967,14.0
09,07,1967,14.0
09,08,1967,13.0
09,09,1967,12.0
09,10,1967,13.0
09,11,1967,12.0
09,12,1967,12.0
09,13,1967,13.0
09,14,1967,11.0
09,15,1967,12.0
09,16,1967,13.0
09,17,1967,12.0
09,18,1967,13.0
09,19,1967,15.0
09,20,1967,16.0
09,21,1967,14.0
09,22,1967,14.0
09,23,1967,14.5
09,24,1967,14.0
09,25,1967,13.0
09,26,1967,13.0
09,27,1967,14.0
09,28,1967,14.0
09,29,1967,11.0
09,30,1967,null
10,01,1967,11.0
10,02,1967,12.0
10,03,1967,12.0
10,04,1967,14.0
10,05,1967,13.0
10,06,1967,12.0
10,07,1967,12.0
10,08,1967,11.0
10,09,1967,13.0
10,10,1967,11.0
10,11,1967,9.0
10,12,1967,11.0
10,13,1967,12.0
10,14,1967,11.0
10,15,1967,11.0
10,16,1967,12.0
10,17,1967,11.0
10,18,1967,10.0
10,19,1967,7.0
10,20,1967,7.0
10,21,1967,7.5
10,22,1967,7.0
10,23,1967,10.0
10,24,1967,10.0
10,25,1967,10.0
10,26,1967,11.0
10,27,1967,9.0
10,28,1967,11.0
10,29,1967,10.5
10,30,1967,11.0
10,31,1967,10.0
11,01,1967,10.0
11,02,1967,9.0
11,03,1967,9.0
11,04,1967,12.0
11,05,1967,12.0
11,06,1967,13.0
11,07,1967,10.0
11,08,1967,9.0
11,09,1967,10.0
11,10,1967,7.0
11,11,1967,7.0
11,12,1967,10.0
11,13,1967,10.0
11,14,1967,9.0
11,15,1967,9.0
11,16,1967,8.0
11,17,1967,6.0
11,18,1967,6.0
11,19,1967,7.0
11,20,1967,6.0
11,21,1967,7.0
11,22,1967,6.0
11,23,1967,8.0
11,24,1967,9.0
11,25,1967,8.0
11,26,1967,6.0
11,27,1967,5.0
11,28,1967,7.0
11,29,1967,4.0
11,30,1967,10.0
12,01,1967,11.0
12,02,1967,11.0
12,03,1967,9.0
12,04,1967,10.0
12,05,1967,9.0
12,06,1967,9.0
12,07,1967,9.0
12,08,1967,10.0
12,09,1967,11.0
12,10,1967,11.0
12,11,1967,10.0
12,12,1967,9.0
12,13,1967,6.0
12,14,1967,8.0
12,15,1967,9.0
12,16,1967,10.0
12,17,1967,11.0
12,18,1967,9.0
12,19,1967,11.0
12,20,1967,11.0
12,21,1967,12.0
12,22,1967,11.0
12,23,1967,5.0
12,24,1967,7.0
12,25,1967,4.0
12,26,1967,7.0
12,27,1967,7.0
12,28,1967,7.0
12,29,1967,9.0
12,30,1967,9.0
12,31,1967,10.0
01,01,1968,10.0
01,02,1968,7.0
01,03,1968,9.0
01,04,1968,5.0
01,05,1968,4.0
01,06,1968,9.0
01,07,1968,9.0
01,08,1968,9.0
01,09,1968,8.0
01,10,1968,8.0
01,11,1968,9.0
01,12,1968,8.0
01,13,1968,8.0
01,14,1968,4.0
01,15,1968,6.0
01,16,1968,6.0
01,17,1968,6.0
01,18,1968,6.5
01,19,1968,7.0
01,20,1968,7.0
01,21,1968,8.0
01,22,1968,8.0
01,23,1968,7.0
01,24,1968,7.0
01,25,1968,8.0
01,26,1968,7.0
01,27,1968,7.0
01,28,1968,8.0
01,29,1968,7.0
01,30,1968,6.0
01,31,1968,7.0
02,01,1968,8.0
02,02,1968,7.0
02,03,1968,3.0
02,04,1968,5.0
02,05,1968,8.0
02,06,1968,7.0
02,07,1968,3.0
02,08,1968,1.0
02,09,1968,0.0
02,10,1968,2.0
02,11,1968,3.0
02,12,1968,4.0
02,13,1968,4.0
02,14,1968,5.0
02,15,1968,6.0
02,16,1968,6.0
02,17,1968,5.0
02,18,1968,6.0
02,19,1968,7.0
02,20,1968,6.0
02,21,1968,7.0
02,22,1968,7.0
02,23,1968,7.0
02,24,1968,6.0
02,25,1968,5.0
02,26,1968,4.0
02,27,1968,5.0
02,28,1968,6.0
02,29,1968,6.0
03,01,1968,5.0
03,02,1968,5.0
03,03,1968,5.0
03,04,1968,6.0
03,05,1968,7.0
03,06,1968,6.0
03,07,1968,7.0
03,08,1968,8.0
03,09,1968,10.0
03,10,1968,12.0
03,11,1968,11.0
03,12,1968,12.0
03,13,1968,3.0
03,14,1968,4.0
03,15,1968,5.0
03,16,1968,5.0
03,17,1968,4.0
03,18,1968,6.0
03,19,1968,6.0
03,20,1968,7.0
03,21,1968,8.0
03,22,1968,6.0
03,23,1968,4.0
03,24,1968,1.0
03,25,1968,2.0
03,26,1968,3.0
03,27,1968,7.0
03,28,1968,6.0
03,29,1968,6.0
03,30,1968,9.0
03,31,1968,10.0
04,01,1968,11.0
04,02,1968,11.0
04,03,1968,10.0
04,04,1968,11.0
04,05,1968,11.0
04,06,1968,11.0
04,07,1968,10.0
04,08,1968,11.0
04,09,1968,11.0
04,10,1968,11.0
04,11,1968,12.0
04,12,1968,11.0
04,13,1968,12.0
04,14,1968,12.0
04,15,1968,11.0
04,16,1968,12.0
04,17,1968,11.0
04,18,1968,12.0
04,19,1968,11.0
04,20,1968,12.0
04,21,1968,11.0
04,22,1968,12.0
04,23,1968,12.0
04,24,1968,11.0
04,25,1968,12.0
04,26,1968,13.0
04,27,1968,12.0
04,28,1968,13.0
04,29,1968,12.0
04,30,1968,11.0
05,01,1968,10.0
05,02,1968,12.0
05,03,1968,11.0
05,04,1968,12.0
05,05,1968,12.0
05,06,1968,12.0
05,07,1968,11.0
05,08,1968,12.0
05,09,1968,12.0
05,10,1968,12.0
05,11,1968,13.0
05,12,1968,11.0
05,13,1968,12.0
05,14,1968,13.0
05,15,1968,12.0
05,16,1968,12.0
05,17,1968,13.0
05,18,1968,12.0
05,19,1968,12.0
05,20,1968,13.0
05,21,1968,13.0
05,22,1968,12.5
05,23,1968,12.0
05,24,1968,13.0
05,25,1968,13.0
05,26,1968,12.0
05,27,1968,12.0
05,28,1968,12.0
05,29,1968,11.0
05,30,1968,11.0
05,31,1968,9.0
06,01,1968,9.0
06,02,1968,10.0
06,03,1968,11.0
06,04,1968,11.0
06,05,1968,12.0
06,06,1968,12.0
06,07,1968,12.5
06,08,1968,12.0
06,09,1968,13.0
06,10,1968,13.0
06,11,1968,13.0
06,12,1968,14.0
06,13,1968,15.0
06,14,1968,16.0
06,15,1968,15.0
06,16,1968,15.0
06,17,1968,9.0
06,18,1968,9.0
06,19,1968,11.0
06,20,1968,9.0
06,21,1968,14.0
06,22,1968,14.0
06,23,1968,14.5
06,24,1968,14.0
06,25,1968,13.5
06,26,1968,13.0
06,27,1968,14.0
06,28,1968,14.0
06,29,1968,14.0
06,30,1968,13.0
07,01,1968,14.0
07,02,1968,13.0
07,03,1968,12.0
07,04,1968,12.0
07,05,1968,11.0
07,06,1968,11.0
07,07,1968,10.0
07,08,1968,11.0
07,09,1968,11.0
07,10,1968,10.0
07,11,1968,11.0
07,12,1968,11.0
07,13,1968,12.0
07,14,1968,11.0
07,15,1968,12.0
07,16,1968,12.0
07,17,1968,13.0
07,18,1968,11.0
07,19,1968,13.0
07,20,1968,11.0
07,21,1968,10.0
07,22,1968,12.0
07,23,1968,12.0
07,24,1968,12.5
07,25,1968,12.0
07,26,1968,11.0
07,27,1968,11.0
07,28,1968,12.0
07,29,1968,12.0
07,30,1968,13.0
07,31,1968,13.0
08,01,1968,12.0
08,02,1968,12.0
08,03,1968,12.5
08,04,1968,12.0
08,05,1968,11.0
08,06,1968,10.0
08,07,1968,12.0
08,08,1968,12.0
08,09,1968,10.0
08,10,1968,11.0
08,11,1968,11.0
08,12,1968,11.0
08,13,1968,12.0
08,14,1968,12.0
08,15,1968,13.0
08,16,1968,14.0
08,17,1968,13.0
08,18,1968,11.0
08,19,1968,11.0
08,20,1968,12.0
08,21,1968,12.0
08,22,1968,12.5
08,23,1968,12.0
08,24,1968,12.0
08,25,1968,11.0
08,26,1968,10.0
08,27,1968,10.0
08,28,1968,10.0
08,29,1968,11.0
08,30,1968,10.0
08,31,1968,10.0
09,01,1968,11.0
09,02,1968,10.0
09,03,1968,10.0
09,04,1968,9.0
09,05,1968,11.0
09,06,1968,13.0
09,07,1968,14.0
09,08,1968,13.0
09,09,1968,13.0
09,10,1968,14.0
09,11,1968,12.0
09,12,1968,11.0
09,13,1968,13.0
09,14,1968,13.0
09,15,1968,14.0
09,16,1968,14.0
09,17,1968,15.0
09,18,1968,14.0
09,19,1968,13.0
09,20,1968,12.0
09,21,1968,13.0
09,22,1968,14.0
09,23,1968,13.0
09,24,1968,13.0
09,25,1968,12.0
09,26,1968,9.0
09,27,1968,10.0
09,28,1968,11.0
09,29,1968,12.0
09,30,1968,13.0
10,01,1968,13.0
10,02,1968,12.0
10,03,1968,12.0
10,04,1968,13.0
10,05,1968,12.0
10,06,1968,13.0
10,07,1968,13.0
10,08,1968,12.0
10,09,1968,12.0
10,10,1968,13.0
10,11,1968,14.0
10,12,1968,12.0
10,13,1968,12.0
10,14,1968,11.0
10,15,1968,14.0
10,16,1968,12.0
10,17,1968,10.0
10,18,1968,10.0
10,19,1968,11.0
10,20,1968,12.0
10,21,1968,13.0
10,22,1968,12.0
10,23,1968,12.0
10,24,1968,10.0
10,25,1968,11.0
10,26,1968,12.0
10,27,1968,10.0
10,28,1968,9.0
10,29,1968,10.0
10,30,1968,11.0
10,31,1968,12.0
11,01,1968,13.0
11,02,1968,14.0
11,03,1968,12.0
11,04,1968,11.0
11,05,1968,10.0
11,06,1968,11.0
11,07,1968,10.0
11,08,1968,10.0
11,09,1968,11.0
11,10,1968,10.0
11,11,1968,11.0
11,12,1968,7.0
11,13,1968,2.0
11,14,1968,3.0
11,15,1968,10.0
11,16,1968,11.0
11,17,1968,11.0
11,18,1968,10.0
11,19,1968,12.0
11,20,1968,11.0
11,21,1968,8.0
11,22,1968,7.0
11,23,1968,5.0
11,24,1968,7.0
11,25,1968,7.0
11,26,1968,8.0
11,27,1968,7.0
11,28,1968,8.0
11,29,1968,10.0
11,30,1968,11.0
12,01,1968,11.0
12,02,1968,12.0
12,03,1968,11.0
12,04,1968,9.0
12,05,1968,9.0
12,06,1968,8.0
12,07,1968,10.0
12,08,1968,11.0
12,09,1968,9.0
12,10,1968,10.0
12,11,1968,9.0
12,12,1968,10.0
12,13,1968,11.0
12,14,1968,8.0
12,15,1968,7.0
12,16,1968,6.0
12,17,1968,7.0
12,18,1968,6.0
12,19,1968,7.0
12,20,1968,8.0
12,21,1968,9.0
12,22,1968,8.0
12,23,1968,9.0
12,24,1968,5.0
12,25,1968,6.0
12,26,1968,5.0
12,27,1968,8.0
12,28,1968,10.0
12,29,1968,11.0
12,30,1968,10.0
12,31,1968,9.0
01,01,1969,8.0
01,02,1969,9.0
01,03,1969,8.0
01,04,1969,8.0
01,05,1969,6.0
01,06,1969,7.0
01,07,1969,8.0
01,08,1969,6.0
01,09,1969,5.0
01,10,1969,6.0
01,11,1969,7.0
01,12,1969,5.0
01,13,1969,7.0
01,14,1969,6.0
01,15,1969,5.0
01,16,1969,6.0
01,17,1969,8.0
01,18,1969,9.0
01,19,1969,5.0
01,20,1969,5.0
01,21,1969,6.0
01,22,1969,7.0
01,23,1969,9.0
01,24,1969,5.0
01,25,1969,7.0
01,26,1969,7.0
01,27,1969,6.0
01,28,1969,6.0
01,29,1969,8.0
01,30,1969,5.0
01,31,1969,9.0
02,01,1969,9.0
02,02,1969,6.0
02,03,1969,7.0
02,04,1969,4.0
02,05,1969,6.0
02,06,1969,8.0
02,07,1969,9.0
02,08,1969,9.0
02,09,1969,10.0
02,10,1969,7.0
02,11,1969,11.0
02,12,1969,11.0
02,13,1969,11.0
02,14,1969,12.0
02,15,1969,8.0
02,16,1969,8.0
02,17,1969,9.0
02,18,1969,7.0
02,19,1969,7.0
02,20,1969,8.0
02,21,1969,7.0
02,22,1969,7.0
02,23,1969,10.0
02,24,1969,10.0
02,25,1969,10.0
02,26,1969,11.0
02,27,1969,13.0
02,28,1969,12.0
03,01,1969,11.0
03,02,1969,12.0
03,03,1969,12.0
03,04,1969,8.0
03,05,1969,10.0
03,06,1969,13.0
03,07,1969,12.0
03,08,1969,12.0
03,09,1969,6.0
03,10,1969,7.0
03,11,1969,5.0
03,12,1969,10.0
03,13,1969,11.0
03,14,1969,12.0
03,15,1969,12.0
03,16,1969,10.0
03,17,1969,9.0
03,18,1969,11.0
03,19,1969,10.0
03,20,1969,11.0
03,21,1969,12.0
03,22,1969,13.0
03,23,1969,14.0
03,24,1969,15.0
03,25,1969,12.0
03,26,1969,7.0
03,27,1969,7.0
03,28,1969,8.0
03,29,1969,9.0
03,30,1969,7.0
03,31,1969,9.0
04,01,1969,10.0
04,02,1969,10.0
04,03,1969,7.0
04,04,1969,7.0
04,05,1969,11.0
04,06,1969,9.0
04,07,1969,11.0
04,08,1969,10.0
04,09,1969,10.0
04,10,1969,11.0
04,11,1969,10.0
04,12,1969,11.0
04,13,1969,14.0
04,14,1969,16.0
04,15,1969,12.0
04,16,1969,11.0
04,17,1969,12.0
04,18,1969,11.0
04,19,1969,12.0
04,20,1969,12.0
04,21,1969,12.0
04,22,1969,13.0
04,23,1969,13.0
04,24,1969,11.0
04,25,1969,13.0
04,26,1969,13.0
04,27,1969,13.0
04,28,1969,15.0
04,29,1969,15.0
04,30,1969,13.0
05,01,1969,10.0
05,02,1969,13.0
05,03,1969,11.0
05,04,1969,9.0
05,05,1969,10.0
05,06,1969,13.0
05,07,1969,11.0
05,08,1969,12.0
05,09,1969,11.0
05,10,1969,9.0
05,11,1969,12.0
05,12,1969,12.0
05,13,1969,13.0
05,14,1969,13.0
05,15,1969,11.0
05,16,1969,12.0
05,17,1969,11.0
05,18,1969,11.0
05,19,1969,9.0
05,20,1969,13.0
05,21,1969,12.0
05,22,1969,11.0
05,23,1969,13.0
05,24,1969,10.0
05,25,1969,12.0
05,26,1969,11.0
05,27,1969,12.0
05,28,1969,11.0
05,29,1969,12.0
05,30,1969,null
05,31,1969,11.0
06,01,1969,11.0
06,02,1969,13.0
06,03,1969,12.0
06,04,1969,14.0
06,05,1969,13.0
06,06,1969,11.0
06,07,1969,12.0
06,08,1969,11.0
06,09,1969,13.0
06,10,1969,13.0
06,11,1969,14.0
06,12,1969,11.0
06,13,1969,12.0
06,14,1969,11.0
06,15,1969,13.0
06,16,1969,12.0
06,17,1969,9.0
06,18,1969,12.0
06,19,1969,13.0
06,20,1969,12.0
06,21,1969,13.0
06,22,1969,12.0
06,23,1969,14.0
06,24,1969,13.0
06,25,1969,14.0
06,26,1969,13.0
06,27,1969,13.0
06,28,1969,12.0
06,29,1969,12.0
06,30,1969,11.0
07,01,1969,12.0
07,02,1969,10.0
07,03,1969,null
07,04,1969,11.0
07,05,1969,10.0
07,06,1969,11.0
07,07,1969,13.0
07,08,1969,12.0
07,09,1969,13.0
07,10,1969,12.0
07,11,1969,14.0
07,12,1969,13.0
07,13,1969,13.0
07,14,1969,12.0
07,15,1969,11.0
07,16,1969,13.0
07,17,1969,11.0
07,18,1969,12.0
07,19,1969,13.0
07,20,1969,null
07,21,1969,12.0
07,22,1969,13.0
07,23,1969,12.0
07,24,1969,13.0
07,25,1969,12.0
07,26,1969,11.0
07,27,1969,11.0
07,28,1969,11.0
07,29,1969,12.0
07,30,1969,13.0
07,31,1969,12.0
08,01,1969,12.0
08,02,1969,13.0
08,03,1969,11.0
08,04,1969,12.0
08,05,1969,13.0
08,06,1969,13.0
08,07,1969,14.0
08,08,1969,13.0
08,09,1969,12.0
08,10,1969,12.0
08,11,1969,13.0
08,12,1969,13.0
08,13,1969,12.0
08,14,1969,13.0
08,15,1969,14.0
08,16,1969,14.0
08,17,1969,14.0
08,18,1969,15.0
08,19,1969,13.0
08,20,1969,14.0
08,21,1969,15.0
08,22,1969,12.0
08,23,1969,13.0
08,24,1969,13.0
08,25,1969,14.0
08,26,1969,15.0
08,27,1969,15.0
08,28,1969,14.0
08,29,1969,14.0
08,30,1969,13.0
08,31,1969,14.0
09,01,1969,15.0
09,02,1969,13.0
09,03,1969,13.0
09,04,1969,14.0
09,05,1969,13.0
09,06,1969,12.0
09,07,1969,14.0
09,08,1969,13.0
09,09,1969,13.0
09,10,1969,12.0
09,11,1969,13.0
09,12,1969,13.0
09,13,1969,14.0
09,14,1969,14.0
09,15,1969,12.0
09,16,1969,13.0
09,17,1969,12.0
09,18,1969,11.0
09,19,1969,12.0
09,20,1969,11.0
09,21,1969,12.0
09,22,1969,11.0
09,23,1969,13.0
09,24,1969,13.0
09,25,1969,12.0
09,26,1969,13.0
09,27,1969,12.0
09,28,1969,13.0
09,29,1969,12.0
09,30,1969,13.0
10,01,1969,11.0
10,02,1969,12.0
10,03,1969,10.0
10,04,1969,11.0
10,05,1969,11.0
10,06,1969,12.0
10,07,1969,12.0
10,08,1969,11.0
10,09,1969,10.0
10,10,1969,11.0
10,11,1969,12.0
10,12,1969,11.0
10,13,1969,13.0
10,14,1969,11.0
10,15,1969,11.0
10,16,1969,12.0
10,17,1969,11.0
10,18,1969,11.0
10,19,1969,12.0
10,20,1969,11.0
10,21,1969,12.0
10,22,1969,12.0
10,23,1969,11.0
10,24,1969,12.0
10,25,1969,11.0
10,26,1969,12.0
10,27,1969,11.0
10,28,1969,11.0
10,29,1969,12.0
10,30,1969,12.0
10,31,1969,11.0
11,01,1969,12.0
11,02,1969,11.0
11,03,1969,12.0
11,04,1969,11.0
11,05,1969,12.0
11,06,1969,12.0
11,07,1969,11.0
11,08,1969,10.0
11,09,1969,10.0
11,10,1969,8.0
11,11,1969,7.0
11,12,1969,6.0
11,13,1969,8.0
11,14,1969,7.0
11,15,1969,8.0
11,16,1969,6.0
11,17,1969,8.0
11,18,1969,9.0
11,19,1969,5.0
11,20,1969,7.0
11,21,1969,8.0
11,22,1969,9.0
11,23,1969,10.0
11,24,1969,11.0
11,25,1969,9.0
11,26,1969,11.0
11,27,1969,8.0
11,28,1969,7.0
11,29,1969,8.0
11,30,1969,7.0
12,01,1969,10.0
12,02,1969,11.0
12,03,1969,9.0
12,04,1969,10.0
12,05,1969,10.0
12,06,1969,11.0
12,07,1969,9.0
12,08,1969,10.0
12,09,1969,11.0
12,10,1969,9.0
12,11,1969,8.0
12,12,1969,7.0
12,13,1969,5.0
12,14,1969,4.0
12,15,1969,6.0
12,16,1969,7.0
12,17,1969,7.0
12,18,1969,5.0
12,19,1969,8.0
12,20,1969,7.0
12,21,1969,6.0
12,22,1969,8.0
12,23,1969,7.0
12,24,1969,5.0
12,25,1969,7.0
12,26,1969,6.0
12,27,1969,8.0
12,28,1969,6.0
12,29,1969,7.0
12,30,1969,8.0
12,31,1969,7.0
01,01,1970,5.0
01,02,1970,4.0
01,03,1970,5.0
01,04,1970,5.0
01,05,1970,5.0
01,06,1970,4.0
01,07,1970,3.0
01,08,1970,4.0
01,09,1970,3.0
01,10,1970,6.0
01,11,1970,9.0
01,12,1970,9.0
01,13,1970,12.0
01,14,1970,8.0
01,15,1970,7.0
01,16,1970,7.0
01,17,1970,7.0
01,18,1970,8.0
01,19,1970,3.0
01,20,1970,8.0
01,21,1970,7.0
01,22,1970,5.0
01,23,1970,7.0
01,24,1970,7.0
01,25,1970,6.0
01,26,1970,8.0
01,27,1970,10.0
01,28,1970,10.0
01,29,1970,9.0
01,30,1970,11.0
01,31,1970,10.0
02,01,1970,9.0
02,02,1970,10.0
02,03,1970,9.0
02,04,1970,3.0
02,05,1970,3.0
02,06,1970,5.0
02,07,1970,5.0
02,08,1970,4.0
02,09,1970,8.0
02,10,1970,7.0
02,11,1970,6.0
02,12,1970,5.0
02,13,1970,6.0
02,14,1970,5.0
02,15,1970,9.0
02,16,1970,7.0
02,17,1970,4.0
02,18,1970,9.0
02,19,1970,10.0
02,20,1970,9.0
02,21,1970,8.0
02,22,1970,7.0
02,23,1970,8.0
02,24,1970,10.0
02,25,1970,9.0
02,26,1970,7.0
02,27,1970,6.0
02,28,1970,6.0
03,01,1970,6.0
03,02,1970,10.0
03,03,1970,11.0
03,04,1970,12.0
03,05,1970,11.0
03,06,1970,11.0
03,07,1970,10.0
03,08,1970,10.0
03,09,1970,9.0
03,10,1970,8.0
03,11,1970,9.0
03,12,1970,11.0
03,13,1970,10.0
03,14,1970,7.0
03,15,1970,6.0
03,16,1970,8.0
03,17,1970,12.0
03,18,1970,14.0
03,19,1970,10.0
03,20,1970,11.0
03,21,1970,12.0
03,22,1970,10.0
03,23,1970,11.0
03,24,1970,9.0
03,25,1970,12.0
03,26,1970,13.0
03,27,1970,13.0
03,28,1970,15.0
03,29,1970,14.0
03,30,1970,14.0
03,31,1970,15.0
04,01,1970,15.0
04,02,1970,11.0
04,03,1970,12.0
04,04,1970,12.0
04,05,1970,11.0
04,06,1970,10.0
04,07,1970,11.0
04,08,1970,11.0
04,09,1970,12.0
04,10,1970,12.0
04,11,1970,11.0
04,12,1970,13.0
04,13,1970,11.0
04,14,1970,12.0
04,15,1970,11.0
04,16,1970,14.0
04,17,1970,13.0
04,18,1970,15.0
04,19,1970,14.0
04,20,1970,14.0
04,21,1970,15.0
04,22,1970,14.0
04,23,1970,12.0
04,24,1970,11.0
04,25,1970,13.0
04,26,1970,13.0
04,27,1970,14.0
04,28,1970,15.0
04,29,1970,15.0
04,30,1970,13.0
05,01,1970,14.0
05,02,1970,13.0
05,03,1970,11.0
05,04,1970,10.0
05,05,1970,9.0
05,06,1970,11.0
05,07,1970,7.0
05,08,1970,10.0
05,09,1970,11.0
05,10,1970,13.0
05,11,1970,14.0
05,12,1970,12.0
05,13,1970,13.0
05,14,1970,14.0
05,15,1970,13.0
05,16,1970,13.0
05,17,1970,12.0
05,18,1970,9.0
05,19,1970,10.0
05,20,1970,11.0
05,21,1970,13.0
05,22,1970,11.0
05,23,1970,12.0
05,24,1970,12.0
05,25,1970,14.0
05,26,1970,11.0
05,27,1970,15.0
05,28,1970,12.0
05,29,1970,14.0
05,30,1970,14.0
05,31,1970,13.0
06,01,1970,14.0
06,02,1970,12.0
06,03,1970,11.0
06,04,1970,11.0
06,05,1970,10.0
06,06,1970,9.0
06,07,1970,13.0
06,08,1970,14.0
06,09,1970,9.0
06,10,1970,12.0
06,11,1970,14.0
06,12,1970,13.0
06,13,1970,14.0
06,14,1970,11.0
06,15,1970,12.0
06,16,1970,10.0
06,17,1970,11.0
06,18,1970,13.0
06,19,1970,14.0
06,20,1970,12.0
06,21,1970,11.0
06,22,1970,12.0
06,23,1970,13.0
06,24,1970,12.0
06,25,1970,13.0
06,26,1970,14.0
06,27,1970,14.0
06,28,1970,13.0
06,29,1970,14.0
06,30,1970,13.0
07,01,1970,12.0
07,02,1970,11.0
07,03,1970,10.0
07,04,1970,11.0
07,05,1970,11.0
07,06,1970,12.0
07,07,1970,13.0
07,08,1970,14.0
07,09,1970,13.0
07,10,1970,14.0
07,11,1970,13.0
07,12,1970,11.0
07,13,1970,12.0
07,14,1970,11.0
07,15,1970,13.0
07,16,1970,14.0
07,17,1970,13.0
07,18,1970,15.0
07,19,1970,14.0
07,20,1970,15.0
07,21,1970,13.0
07,22,1970,13.0
07,23,1970,14.0
07,24,1970,13.0
07,25,1970,12.0
07,26,1970,14.0
07,27,1970,14.0
07,28,1970,13.0
07,29,1970,14.0
07,30,1970,13.0
07,31,1970,14.0
08,01,1970,14.0
08,02,1970,12.0
08,03,1970,13.0
08,04,1970,13.0
08,05,1970,14.0
08,06,1970,14.0
08,07,1970,12.0
08,08,1970,10.0
08,09,1970,11.0
08,10,1970,12.0
08,11,1970,13.0
08,12,1970,12.0
08,13,1970,13.0
08,14,1970,11.0
08,15,1970,11.0
08,16,1970,12.0
08,17,1970,13.0
08,18,1970,11.0
08,19,1970,11.0
08,20,1970,12.0
08,21,1970,13.0
08,22,1970,13.0
08,23,1970,14.0
08,24,1970,13.0
08,25,1970,12.0
08,26,1970,11.0
08,27,1970,10.0
08,28,1970,10.0
08,29,1970,13.0
08,30,1970,13.0
08,31,1970,13.0
09,01,1970,14.0
09,02,1970,14.0
09,03,1970,13.0
09,04,1970,12.0
09,05,1970,13.0
09,06,1970,13.0
09,07,1970,13.0
09,08,1970,12.0
09,09,1970,12.0
09,10,1970,11.0
09,11,1970,12.0
09,12,1970,14.0
09,13,1970,12.0
09,14,1970,13.0
09,15,1970,12.0
09,16,1970,13.0
09,17,1970,11.0
09,18,1970,12.0
09,19,1970,11.0
09,20,1970,12.0
09,21,1970,13.0
09,22,1970,14.0
09,23,1970,13.0
09,24,1970,15.0
09,25,1970,14.0
09,26,1970,13.0
09,27,1970,14.0
09,28,1970,13.0
09,29,1970,14.0
09,30,1970,14.0
10,01,1970,10.0
10,02,1970,11.0
10,03,1970,12.0
10,04,1970,11.0
10,05,1970,10.0
10,06,1970,11.0
10,07,1970,12.0
10,08,1970,10.0
10,09,1970,11.0
10,10,1970,10.0
10,11,1970,11.0
10,12,1970,11.0
10,13,1970,10.0
10,14,1970,11.0
10,15,1970,11.0
10,16,1970,10.0
10,17,1970,10.0
10,18,1970,11.0
10,19,1970,11.0
10,20,1970,12.0
10,21,1970,11.0
10,22,1970,10.0
10,23,1970,10.0
10,24,1970,11.0
10,25,1970,10.0
10,26,1970,11.0
10,27,1970,10.0
10,28,1970,9.0
10,29,1970,9.0
10,30,1970,12.0
10,31,1970,10.0
11,01,1970,10.0
11,02,1970,10.0
11,03,1970,12.0
11,04,1970,11.0
11,05,1970,7.0
11,06,1970,8.0
11,07,1970,4.0
11,08,1970,4.0
11,09,1970,5.0
11,10,1970,8.0
11,11,1970,7.0
11,12,1970,9.0
11,13,1970,10.0
11,14,1970,10.0
11,15,1970,6.0
11,16,1970,5.0
11,17,1970,5.0
11,18,1970,5.0
11,19,1970,9.0
11,20,1970,5.0
11,21,1970,4.0
11,22,1970,6.0
11,23,1970,4.0
11,24,1970,8.0
11,25,1970,6.0
11,26,1970,4.0
11,27,1970,8.0
11,28,1970,8.0
11,29,1970,9.0
11,30,1970,8.0
12,01,1970,3.0
12,02,1970,3.0
12,03,1970,4.0
12,04,1970,5.0
12,05,1970,7.0
12,06,1970,6.0
12,07,1970,6.0
12,08,1970,5.0
12,09,1970,4.0
12,10,1970,5.0
12,11,1970,4.0
12,12,1970,6.0
12,13,1970,5.0
12,14,1970,6.0
12,15,1970,7.0
12,16,1970,6.0
12,17,1970,5.0
12,18,1970,6.0
12,19,1970,7.0
12,20,1970,8.0
12,21,1970,5.0
12,22,1970,7.0
12,23,1970,7.0
12,24,1970,5.0
12,25,1970,7.0
12,26,1970,5.0
12,27,1970,6.0
12,28,1970,5.0
12,29,1970,3.0
12,30,1970,3.0
12,31,1970,3.0
01,01,1971,3.0
01,02,1971,5.0
01,03,1971,9.0
01,04,1971,8.0
01,05,1971,7.0
01,06,1971,8.0
01,07,1971,7.0
01,08,1971,6.0
01,09,1971,5.0
01,10,1971,6.0
01,11,1971,6.0
01,12,1971,5.0
01,13,1971,4.0
01,14,1971,6.0
01,15,1971,5.0
01,16,1971,4.0
01,17,1971,3.0
01,18,1971,4.0
01,19,1971,5.0
01,20,1971,6.0
01,21,1971,4.0
01,22,1971,5.0
01,23,1971,4.0
01,24,1971,7.0
01,25,1971,6.0
01,26,1971,5.0
01,27,1971,4.0
01,28,1971,5.0
01,29,1971,6.0
01,30,1971,5.0
01,31,1971,6.0
02,01,1971,4.0
02,02,1971,5.0
02,03,1971,7.0
02,04,1971,6.0
02,05,1971,6.0
02,06,1971,7.0
02,07,1971,6.0
02,08,1971,7.0
02,09,1971,5.0
02,10,1971,4.0
02,11,1971,6.0
02,12,1971,4.0
02,13,1971,3.0
02,14,1971,3.0
02,15,1971,3.0
02,16,1971,4.0
02,17,1971,3.0
02,18,1971,4.0
02,19,1971,4.0
02,20,1971,9.0
02,21,1971,10.0
02,22,1971,9.0
02,23,1971,8.0
02,24,1971,10.0
02,25,1971,9.0
02,26,1971,8.0
02,27,1971,7.0
02,28,1971,8.0
03,01,1971,9.0
03,02,1971,8.0
03,03,1971,6.0
03,04,1971,3.0
03,05,1971,4.0
03,06,1971,6.0
03,07,1971,4.0
03,08,1971,5.0
03,09,1971,4.0
03,10,1971,5.0
03,11,1971,6.0
03,12,1971,5.0
03,13,1971,7.0
03,14,1971,10.0
03,15,1971,11.0
03,16,1971,10.0
03,17,1971,4.0
03,18,1971,6.0
03,19,1971,10.0
03,20,1971,11.0
03,21,1971,6.0
03,22,1971,8.0
03,23,1971,9.0
03,24,1971,10.0
03,25,1971,11.0
03,26,1971,11.0
03,27,1971,10.0
03,28,1971,11.0
03,29,1971,10.0
03,30,1971,12.0
03,31,1971,8.0
04,01,1971,11.0
04,02,1971,11.0
04,03,1971,11.0
04,04,1971,12.0
04,05,1971,10.0
04,06,1971,9.0
04,07,1971,7.0
04,08,1971,6.0
04,09,1971,5.0
04,10,1971,4.0
04,11,1971,5.0
04,12,1971,6.0
04,13,1971,4.0
04,14,1971,5.0
04,15,1971,6.0
04,16,1971,8.0
04,17,1971,7.0
04,18,1971,9.0
04,19,1971,10.0
04,20,1971,11.0
04,21,1971,10.0
04,22,1971,12.0
04,23,1971,11.0
04,24,1971,10.0
04,25,1971,9.0
04,26,1971,11.0
04,27,1971,10.0
04,28,1971,12.0
04,29,1971,12.0
04,30,1971,11.0
05,01,1971,12.0
05,02,1971,13.0
05,03,1971,11.0
05,04,1971,12.0
05,05,1971,11.0
05,06,1971,12.0
05,07,1971,11.0
05,08,1971,12.0
05,09,1971,11.0
05,10,1971,13.0
05,11,1971,13.0
05,12,1971,11.0
05,13,1971,11.0
05,14,1971,12.0
05,15,1971,13.0
05,16,1971,11.0
05,17,1971,10.0
05,18,1971,14.0
05,19,1971,12.0
05,20,1971,13.0
05,21,1971,14.0
05,22,1971,13.0
05,23,1971,12.0
05,24,1971,13.0
05,25,1971,14.0
05,26,1971,13.0
05,27,1971,14.0
05,28,1971,12.0
05,29,1971,11.0
05,30,1971,14.0
05,31,1971,15.0
06,01,1971,11.0
06,02,1971,12.0
06,03,1971,11.0
06,04,1971,10.0
06,05,1971,11.0
06,06,1971,10.0
06,07,1971,12.0
06,08,1971,11.0
06,09,1971,10.0
06,10,1971,12.0
06,11,1971,11.0
06,12,1971,12.0
06,13,1971,13.0
06,14,1971,12.0
06,15,1971,9.0
06,16,1971,10.0
06,17,1971,9.0
06,18,1971,10.0
06,19,1971,9.0
06,20,1971,11.0
06,21,1971,10.0
06,22,1971,9.0
06,23,1971,11.0
06,24,1971,12.0
06,25,1971,13.0
06,26,1971,12.0
06,27,1971,11.0
06,28,1971,12.0
06,29,1971,10.0
06,30,1971,11.0
07,01,1971,11.0
07,02,1971,12.0
07,03,1971,11.0
07,04,1971,10.0
07,05,1971,11.0
07,06,1971,10.0
07,07,1971,12.0
07,08,1971,11.0
07,09,1971,10.0
07,10,1971,12.0
07,11,1971,11.0
07,12,1971,12.0
07,13,1971,13.0
07,14,1971,12.0
07,15,1971,9.0
07,16,1971,10.0
07,17,1971,9.0
07,18,1971,10.0
07,19,1971,9.0
07,20,1971,11.0
07,21,1971,10.0
07,22,1971,9.0
07,23,1971,11.0
07,24,1971,12.0
07,25,1971,13.0
07,26,1971,12.0
07,27,1971,11.0
07,28,1971,12.0
07,29,1971,10.0
07,30,1971,11.0
07,31,1971,12.0
08,01,1971,13.0
08,02,1971,11.0
08,03,1971,14.0
08,04,1971,12.0
08,05,1971,14.0
08,06,1971,12.0
08,07,1971,11.0
08,08,1971,11.0
08,09,1971,12.0
08,10,1971,11.0
08,11,1971,13.0
08,12,1971,12.0
08,13,1971,11.0
08,14,1971,12.0
08,15,1971,11.0
08,16,1971,12.0
08,17,1971,11.0
08,18,1971,11.0
08,19,1971,10.0
08,20,1971,11.0
08,21,1971,12.0
08,22,1971,11.0
08,23,1971,10.0
08,24,1971,11.0
08,25,1971,10.0
08,26,1971,11.0
08,27,1971,12.0
08,28,1971,11.0
08,29,1971,12.0
08,30,1971,11.0
08,31,1971,11.0
09,01,1971,11.0
09,02,1971,12.0
09,03,1971,11.0
09,04,1971,13.0
09,05,1971,11.0
09,06,1971,12.0
09,07,1971,13.0
09,08,1971,12.0
09,09,1971,11.0
09,10,1971,12.0
09,11,1971,11.0
09,12,1971,12.0
09,13,1971,12.0
09,14,1971,13.0
09,15,1971,11.0
09,16,1971,12.0
09,17,1971,13.0
09,18,1971,12.0
09,19,1971,11.0
09,20,1971,12.0
09,21,1971,11.0
09,22,1971,12.0
09,23,1971,10.0
09,24,1971,11.0
09,25,1971,11.0
09,26,1971,12.0
09,27,1971,13.0
09,28,1971,12.0
09,29,1971,13.0
09,30,1971,12.0
10,01,1971,13.0
10,02,1971,12.0
10,03,1971,13.0
10,04,1971,12.0
10,05,1971,13.0
10,06,1971,12.0
10,07,1971,12.0
10,08,1971,13.0
10,09,1971,13.0
10,10,1971,12.0
10,11,1971,10.0
10,12,1971,8.0
10,13,1971,7.0
10,14,1971,9.0
10,15,1971,9.0
10,16,1971,9.0
10,17,1971,10.0
10,18,1971,10.0
10,19,1971,11.0
10,20,1971,10.0
10,21,1971,10.0
10,22,1971,9.0
10,23,1971,8.0
10,24,1971,6.0
10,25,1971,7.0
10,26,1971,8.0
10,27,1971,9.0
10,28,1971,7.0
10,29,1971,8.0
10,30,1971,9.0
10,31,1971,11.0
11,01,1971,10.0
11,02,1971,8.0
11,03,1971,9.0
11,04,1971,7.0
11,05,1971,8.0
11,06,1971,10.0
11,07,1971,10.0
11,08,1971,10.0
11,09,1971,11.0
11,10,1971,10.0
11,11,1971,8.0
11,12,1971,7.0
11,13,1971,5.0
11,14,1971,5.0
11,15,1971,6.0
11,16,1971,8.0
11,17,1971,11.0
11,18,1971,8.0
11,19,1971,9.0
11,20,1971,8.0
11,21,1971,9.0
11,22,1971,6.0
11,23,1971,9.0
11,24,1971,8.0
11,25,1971,8.0
11,26,1971,9.0
11,27,1971,8.0
11,28,1971,9.0
11,29,1971,11.0
11,30,1971,11.0
12,01,1971,11.0
12,02,1971,10.0
12,03,1971,11.0
12,04,1971,9.0
12,05,1971,9.0
12,06,1971,8.0
12,07,1971,9.0
12,08,1971,8.0
12,09,1971,9.0
12,10,1971,10.0
12,11,1971,9.0
12,12,1971,10.0
12,13,1971,11.0
12,14,1971,10.0
12,15,1971,9.0
12,16,1971,7.0
12,17,1971,6.0
12,18,1971,7.0
12,19,1971,6.0
12,20,1971,5.0
12,21,1971,7.0
12,22,1971,10.0
12,23,1971,6.0
12,24,1971,4.0
12,25,1971,7.0
12,26,1971,6.0
12,27,1971,5.0
12,28,1971,3.0
12,29,1971,5.0
12,30,1971,6.0
12,31,1971,7.0
01,01,1972,8.0
01,02,1972,7.0
01,03,1972,6.0
01,04,1972,8.0
01,05,1972,7.0
01,06,1972,6.0
01,07,1972,4.0
01,08,1972,5.0
01,09,1972,6.0
01,10,1972,8.0
01,11,1972,7.0
01,12,1972,7.0
01,13,1972,8.0
01,14,1972,7.0
01,15,1972,8.0
01,16,1972,7.0
01,17,1972,5.0
01,18,1972,9.0
01,19,1972,6.0
01,20,1972,7.0
01,21,1972,9.0
01,22,1972,8.0
01,23,1972,9.0
01,24,1972,8.0
01,25,1972,8.0
01,26,1972,8.0
01,27,1972,5.0
01,28,1972,6.0
01,29,1972,6.0
01,30,1972,7.0
01,31,1972,11.0
02,01,1972,9.0
02,02,1972,10.0
02,03,1972,13.0
02,04,1972,4.0
02,05,1972,4.0
02,06,1972,3.0
02,07,1972,5.0
02,08,1972,9.0
02,09,1972,9.0
02,10,1972,8.0
02,11,1972,9.0
02,12,1972,6.0
02,13,1972,7.0
02,14,1972,6.0
02,15,1972,9.0
02,16,1972,10.0
02,17,1972,7.0
02,18,1972,8.0
02,19,1972,3.0
02,20,1972,1.0
02,21,1972,0.0
02,22,1972,0.0
02,23,1972,1.0
02,24,1972,3.0
02,25,1972,5.0
02,26,1972,8.0
02,27,1972,9.0
02,28,1972,9.0
02,29,1972,8.0
03,01,1972,9.0
03,02,1972,11.0
03,03,1972,12.0
03,04,1972,10.0
03,05,1972,11.0
03,06,1972,11.0
03,07,1972,10.0
03,08,1972,7.0
03,09,1972,8.0
03,10,1972,5.0
03,11,1972,6.0
03,12,1972,6.0
03,13,1972,7.0
03,14,1972,8.0
03,15,1972,10.0
03,16,1972,11.0
03,17,1972,10.0
03,18,1972,11.0
03,19,1972,12.0
03,20,1972,11.0
03,21,1972,10.0
03,22,1972,9.0
03,23,1972,10.0
03,24,1972,11.0
03,25,1972,10.0
03,26,1972,9.0
03,27,1972,8.0
03,28,1972,10.0
03,29,1972,9.0
03,30,1972,14.0
03,31,1972,12.0
04,01,1972,12.0
04,02,1972,10.0
04,03,1972,11.0
04,04,1972,10.0
04,05,1972,10.0
04,06,1972,9.0
04,07,1972,9.0
04,08,1972,10.0
04,09,1972,11.0
04,10,1972,10.0
04,11,1972,9.0
04,12,1972,10.0
04,13,1972,11.0
04,14,1972,12.0
04,15,1972,11.0
04,16,1972,12.0
04,17,1972,10.0
04,18,1972,11.0
04,19,1972,12.0
04,20,1972,13.0
04,21,1972,15.0
04,22,1972,15.0
04,23,1972,14.0
04,24,1972,14.0
04,25,1972,12.0
04,26,1972,14.0
04,27,1972,13.0
04,28,1972,14.0
04,29,1972,14.0
04,30,1972,13.0
05,01,1972,12.0
05,02,1972,14.0
05,03,1972,13.0
05,04,1972,11.0
05,05,1972,12.0
05,06,1972,12.0
05,07,1972,13.0
05,08,1972,15.0
05,09,1972,13.0
05,10,1972,15.0
05,11,1972,14.0
05,12,1972,12.0
05,13,1972,12.0
05,14,1972,14.0
05,15,1972,14.0
05,16,1972,14.0
05,17,1972,13.0
05,18,1972,15.0
05,19,1972,11.0
05,20,1972,12.0
05,21,1972,10.0
05,22,1972,8.0
05,23,1972,9.0
05,24,1972,14.0
05,25,1972,12.0
05,26,1972,13.0
05,27,1972,12.0
05,28,1972,11.0
05,29,1972,13.0
05,30,1972,11.0
05,31,1972,12.0
06,01,1972,12.0
06,02,1972,11.0
06,03,1972,12.0
06,04,1972,13.0
06,05,1972,13.0
06,06,1972,12.0
06,07,1972,12.0
06,08,1972,14.0
06,09,1972,14.0
06,10,1972,12.0
06,11,1972,13.0
06,12,1972,10.0
06,13,1972,10.0
06,14,1972,11.0
06,15,1972,12.0
06,16,1972,10.0
06,17,1972,11.0
06,18,1972,11.0
06,19,1972,12.0
06,20,1972,11.0
06,21,1972,12.0
06,22,1972,13.0
06,23,1972,11.0
06,24,1972,13.0
06,25,1972,11.0
06,26,1972,12.0
06,27,1972,13.0
06,28,1972,12.0
06,29,1972,11.0
06,30,1972,10.0
07,01,1972,12.0
07,02,1972,12.0
07,03,1972,13.0
07,04,1972,14.0
07,05,1972,12.0
07,06,1972,13.0
07,07,1972,11.0
07,08,1972,12.0
07,09,1972,13.0
07,10,1972,12.0
07,11,1972,12.0
07,12,1972,13.0
07,13,1972,12.0
07,14,1972,12.0
07,15,1972,13.0
07,16,1972,13.0
07,17,1972,12.0
07,18,1972,11.0
07,19,1972,12.0
07,20,1972,13.0
07,21,1972,12.0
07,22,1972,13.0
07,23,1972,14.0
07,24,1972,13.0
07,25,1972,11.0
07,26,1972,12.0
07,27,1972,13.0
07,28,1972,12.0
07,29,1972,11.0
07,30,1972,11.0
07,31,1972,10.0
08,01,1972,11.0
08,02,1972,12.0
08,03,1972,11.0
08,04,1972,11.0
08,05,1972,10.0
08,06,1972,12.0
08,07,1972,11.0
08,08,1972,12.0
08,09,1972,11.0
08,10,1972,11.0
08,11,1972,12.0
08,12,1972,13.0
08,13,1972,12.0
08,14,1972,12.0
08,15,1972,11.0
08,16,1972,11.0
08,17,1972,12.0
08,18,1972,11.0
08,19,1972,10.0
08,20,1972,12.0
08,21,1972,10.0
08,22,1972,11.0
08,23,1972,10.0
08,24,1972,11.0
08,25,1972,11.0
08,26,1972,11.0
08,27,1972,12.0
08,28,1972,12.0
08,29,1972,11.0
08,30,1972,14.0
08,31,1972,13.0
09,01,1972,11.0
09,02,1972,12.0
09,03,1972,12.0
09,04,1972,13.0
09,05,1972,11.0
09,06,1972,11.0
09,07,1972,11.0
09,08,1972,12.0
09,09,1972,11.0
09,10,1972,12.0
09,11,1972,13.0
09,12,1972,12.0
09,13,1972,11.0
09,14,1972,13.0
09,15,1972,12.0
09,16,1972,13.0
09,17,1972,12.0
09,18,1972,13.0
09,19,1972,14.0
09,20,1972,12.0
09,21,1972,11.0
09,22,1972,13.0
09,23,1972,11.0
09,24,1972,13.0
09,25,1972,13.0
09,26,1972,15.0
09,27,1972,12.0
09,28,1972,13.0
09,29,1972,13.0
09,30,1972,11.0
10,01,1972,10.0
10,02,1972,11.0
10,03,1972,11.0
10,04,1972,10.0
10,05,1972,10.0
10,06,1972,11.0
10,07,1972,14.0
10,08,1972,14.0
10,09,1972,12.0
10,10,1972,10.0
10,11,1972,12.0
10,12,1972,11.0
10,13,1972,11.0
10,14,1972,11.0
10,15,1972,10.0
10,16,1972,11.0
10,17,1972,13.0
10,18,1972,11.0
10,19,1972,15.0
10,20,1972,14.0
10,21,1972,13.0
10,22,1972,12.0
10,23,1972,11.0
10,24,1972,10.0
10,25,1972,9.0
10,26,1972,10.0
10,27,1972,11.0
10,28,1972,10.0
10,29,1972,11.0
10,30,1972,12.0
10,31,1972,11.0
11,01,1972,10.0
11,02,1972,11.0
11,03,1972,11.0
11,04,1972,10.0
11,05,1972,11.0
11,06,1972,10.0
11,07,1972,10.0
11,08,1972,12.0
11,09,1972,11.0
11,10,1972,10.0
11,11,1972,9.0
11,12,1972,11.0
11,13,1972,10.0
11,14,1972,11.0
11,15,1972,11.0
11,16,1972,12.0
11,17,1972,11.0
11,18,1972,15.0
11,19,1972,13.0
11,20,1972,12.0
11,21,1972,10.0
11,22,1972,11.0
11,23,1972,11.0
11,24,1972,11.0
11,25,1972,10.0
11,26,1972,11.0
11,27,1972,10.0
11,28,1972,11.0
11,29,1972,8.0
11,30,1972,7.0
12,01,1972,7.0
12,02,1972,8.0
12,03,1972,8.0
12,04,1972,7.0
12,05,1972,7.0
12,06,1972,10.0
12,07,1972,11.0
12,08,1972,11.0
12,09,1972,10.0
12,10,1972,11.0
12,11,1972,12.0
12,12,1972,11.0
12,13,1972,12.0
12,14,1972,10.0
12,15,1972,9.0
12,16,1972,8.0
12,17,1972,5.0
12,18,1972,6.0
12,19,1972,7.0
12,20,1972,6.0
12,21,1972,7.0
12,22,1972,6.0
12,23,1972,5.0
12,24,1972,6.0
12,25,1972,4.0
12,26,1972,4.0
12,27,1972,5.0
12,28,1972,4.0
12,29,1972,5.0
12,30,1972,4.0
12,31,1972,8.0
01,01,1973,10.0
01,02,1973,10.0
01,03,1973,8.0
01,04,1973,8.0
01,05,1973,7.0
01,06,1973,8.0
01,07,1973,7.0
01,08,1973,7.0
01,09,1973,8.0
01,10,1973,8.0
01,11,1973,9.0
01,12,1973,5.0
01,13,1973,0.0
01,14,1973,3.0
01,15,1973,4.0
01,16,1973,3.0
01,17,1973,5.0
01,18,1973,4.0
01,19,1973,5.0
01,20,1973,5.0
01,21,1973,4.0
01,22,1973,5.0
01,23,1973,7.0
01,24,1973,8.0
01,25,1973,6.0
01,26,1973,7.0
01,27,1973,7.0
01,28,1973,8.0
01,29,1973,3.0
01,30,1973,-2.0
01,31,1973,-1.0
02,01,1973,3.0
02,02,1973,3.0
02,03,1973,4.0
02,04,1973,3.0
02,05,1973,5.0
02,06,1973,6.0
02,07,1973,7.0
02,08,1973,4.0
02,09,1973,5.0
02,10,1973,4.0
02,11,1973,2.0
02,12,1973,5.0
02,13,1973,8.0
02,14,1973,11.0
02,15,1973,10.0
02,16,1973,8.0
02,17,1973,7.0
02,18,1973,6.0
02,19,1973,8.0
02,20,1973,10.0
02,21,1973,8.0
02,22,1973,7.0
02,23,1973,8.0
02,24,1973,6.0
02,25,1973,7.0
02,26,1973,8.0
02,27,1973,5.0
02,28,1973,6.0
03,01,1973,6.0
03,02,1973,8.0
03,03,1973,7.0
03,04,1973,10.0
03,05,1973,9.0
03,06,1973,10.0
03,07,1973,12.0
03,08,1973,12.0
03,09,1973,11.0
03,10,1973,11.0
03,11,1973,10.0
03,12,1973,9.0
03,13,1973,11.0
03,14,1973,10.0
03,15,1973,11.0
03,16,1973,12.0
03,17,1973,8.0
03,18,1973,8.0
03,19,1973,9.0
03,20,1973,5.0
03,21,1973,7.0
03,22,1973,9.0
03,23,1973,12.0
03,24,1973,11.0
03,25,1973,12.0
03,26,1973,12.0
03,27,1973,13.0
03,28,1973,13.0
03,29,1973,11.0
03,30,1973,12.0
03,31,1973,11.0
04,01,1973,12.0
04,02,1973,14.0
04,03,1973,12.0
04,04,1973,13.0
04,05,1973,10.0
04,06,1973,11.0
04,07,1973,12.0
04,08,1973,10.0
04,09,1973,11.0
04,10,1973,12.0
04,11,1973,11.0
04,12,1973,8.0
04,13,1973,7.0
04,14,1973,8.0
04,15,1973,10.0
04,16,1973,11.0
04,17,1973,12.0
04,18,1973,13.0
04,19,1973,14.0
04,20,1973,15.0
04,21,1973,14.0
04,22,1973,15.0
04,23,1973,14.0
04,24,1973,15.0
04,25,1973,16.0
04,26,1973,15.0
04,27,1973,16.0
04,28,1973,12.0
04,29,1973,11.0
04,30,1973,12.0
05,01,1973,13.0
05,02,1973,14.0
05,03,1973,13.0
05,04,1973,11.0
05,05,1973,12.0
05,06,1973,14.0
05,07,1973,12.0
05,08,1973,13.0
05,09,1973,14.0
05,10,1973,13.0
05,11,1973,13.0
05,12,1973,14.0
05,13,1973,14.0
05,14,1973,13.0
05,15,1973,12.0
05,16,1973,10.0
05,17,1973,11.0
05,18,1973,12.0
05,19,1973,11.0
05,20,1973,11.0
05,21,1973,12.0
05,22,1973,11.0
05,23,1973,15.0
05,24,1973,16.0
05,25,1973,15.0
05,26,1973,14.0
05,27,1973,15.0
05,28,1973,15.0
05,29,1973,12.0
05,30,1973,13.0
05,31,1973,14.0
06,01,1973,14.0
06,02,1973,14.0
06,03,1973,15.0
06,04,1973,15.0
06,05,1973,14.0
06,06,1973,12.0
06,07,1973,12.0
06,08,1973,11.0
06,09,1973,12.0
06,10,1973,14.0
06,11,1973,13.0
06,12,1973,14.0
06,13,1973,14.0
06,14,1973,15.0
06,15,1973,14.0
06,16,1973,13.0
06,17,1973,14.0
06,18,1973,13.0
06,19,1973,14.0
06,20,1973,15.0
06,21,1973,13.0
06,22,1973,14.0
06,23,1973,14.0
06,24,1973,null
06,25,1973,null
06,26,1973,null
06,27,1973,null
06,28,1973,null
06,29,1973,null
06,30,1973,null
07,01,1973,13.0
07,02,1973,14.0
07,03,1973,15.0
07,04,1973,14.0
07,05,1973,13.0
07,06,1973,14.0
07,07,1973,13.0
07,08,1973,14.0
07,09,1973,14.0
07,10,1973,11.0
07,11,1973,9.0
07,12,1973,10.0
07,13,1973,13.0
07,14,1973,15.0
07,15,1973,13.0
07,16,1973,12.0
07,17,1973,13.0
07,18,1973,12.0
07,19,1973,12.0
07,20,1973,11.0
07,21,1973,12.0
07,22,1973,13.0
07,23,1973,14.0
07,24,1973,13.0
07,25,1973,13.0
07,26,1973,13.0
07,27,1973,13.0
07,28,1973,12.0
07,29,1973,13.0
07,30,1973,12.0
07,31,1973,12.0
08,01,1973,14.0
08,02,1973,12.0
08,03,1973,13.0
08,04,1973,12.0
08,05,1973,12.0
08,06,1973,13.0
08,07,1973,13.5
08,08,1973,13.5
08,09,1973,13.0
08,10,1973,13.0
08,11,1973,14.0
08,12,1973,14.0
08,13,1973,13.0
08,14,1973,12.0
08,15,1973,13.0
08,16,1973,11.0
08,17,1973,12.0
08,18,1973,12.0
08,19,1973,11.0
08,20,1973,10.0
08,21,1973,11.0
08,22,1973,11.0
08,23,1973,12.0
08,24,1973,11.0
08,25,1973,11.0
08,26,1973,12.0
08,27,1973,12.0
08,28,1973,12.0
08,29,1973,13.0
08,30,1973,10.0
08,31,1973,10.0
09,01,1973,12.0
09,02,1973,12.0
09,03,1973,12.0
09,04,1973,14.0
09,05,1973,14.0
09,06,1973,13.0
09,07,1973,14.0
09,08,1973,14.0
09,09,1973,14.0
09,10,1973,14.0
09,11,1973,13.0
09,12,1973,13.0
09,13,1973,12.0
09,14,1973,10.0
09,15,1973,13.0
09,16,1973,13.0
09,17,1973,13.0
09,18,1973,12.0
09,19,1973,13.0
09,20,1973,11.0
09,21,1973,11.0
09,22,1973,10.0
09,23,1973,11.0
09,24,1973,13.0
09,25,1973,13.0
09,26,1973,14.0
09,27,1973,13.0
09,28,1973,11.0
09,29,1973,12.0
09,30,1973,12.0
10,01,1973,12.0
10,02,1973,12.0
10,03,1973,12.0
10,04,1973,11.5
10,05,1973,11.5
10,06,1973,11.0
10,07,1973,11.0
10,08,1973,13.0
10,09,1973,13.0
10,10,1973,14.0
10,11,1973,13.0
10,12,1973,14.0
10,13,1973,12.0
10,14,1973,13.0
10,15,1973,11.0
10,16,1973,9.0
10,17,1973,11.0
10,18,1973,12.0
10,19,1973,10.0
10,20,1973,12.0
10,21,1973,11.0
10,22,1973,12.0
10,23,1973,10.0
10,24,1973,8.0
10,25,1973,10.0
10,26,1973,13.0
10,27,1973,13.0
10,28,1973,11.0
10,29,1973,10.0
10,30,1973,9.0
10,31,1973,12.0
11,01,1973,12.0
11,02,1973,11.0
11,03,1973,11.0
11,04,1973,12.0
11,05,1973,8.0
11,06,1973,12.0
11,07,1973,8.0
11,08,1973,9.0
11,09,1973,8.0
11,10,1973,7.0
11,11,1973,5.0
11,12,1973,8.0
11,13,1973,8.0
11,14,1973,8.0
11,15,1973,9.0
11,16,1973,8.0
11,17,1973,7.0
11,18,1973,8.0
11,19,1973,8.0
11,20,1973,8.0
11,21,1973,7.0
11,22,1973,8.0
11,23,1973,10.0
11,24,1973,13.0
11,25,1973,12.0
11,26,1973,12.0
11,27,1973,11.0
11,28,1973,11.0
11,29,1973,6.0
11,30,1973,5.0
12,01,1973,7.0
12,02,1973,8.0
12,03,1973,8.0
12,04,1973,8.0
12,05,1973,8.0
12,06,1973,11.0
12,07,1973,10.0
12,08,1973,8.0
12,09,1973,4.0
12,10,1973,5.0
12,11,1973,4.0
12,12,1973,3.0
12,13,1973,5.0
12,14,1973,6.0
12,15,1973,8.0
12,16,1973,7.0
12,17,1973,5.0
12,18,1973,5.0
12,19,1973,6.0
12,20,1973,9.0
12,21,1973,4.0
12,22,1973,3.0
12,23,1973,8.0
12,24,1973,9.0
12,25,1973,9.0
12,26,1973,8.0
12,27,1973,8.0
12,28,1973,9.0
12,29,1973,8.0
12,30,1973,8.0
12,31,1973,9.0
01,01,1974,8.0
01,02,1974,7.0
01,03,1974,8.0
01,04,1974,8.0
01,05,1974,7.0
01,06,1974,8.0
01,07,1974,8.0
01,08,1974,8.0
01,09,1974,7.0
01,10,1974,9.0
01,11,1974,9.0
01,12,1974,10.0
01,13,1974,10.0
01,14,1974,9.0
01,15,1974,7.0
01,16,1974,7.0
01,17,1974,6.0
01,18,1974,7.0
01,19,1974,10.0
01,20,1974,7.0
01,21,1974,8.0
01,22,1974,5.0
01,23,1974,7.0
01,24,1974,8.0
01,25,1974,9.0
01,26,1974,7.0
01,27,1974,8.0
01,28,1974,8.0
01,29,1974,7.0
01,30,1974,7.0
01,31,1974,8.0
02,01,1974,7.0
02,02,1974,10.0
02,03,1974,8.0
02,04,1974,9.0
02,05,1974,8.0
02,06,1974,9.0
02,07,1974,10.0
02,08,1974,9.0
02,09,1974,6.0
02,10,1974,3.0
02,11,1974,5.0
02,12,1974,5.0
02,13,1974,6.0
02,14,1974,6.0
02,15,1974,9.0
02,16,1974,8.0
02,17,1974,9.0
02,18,1974,8.0
02,19,1974,9.0
02,20,1974,11.0
02,21,1974,8.0
02,22,1974,8.0
02,23,1974,4.0
02,24,1974,7.0
02,25,1974,7.0
02,26,1974,5.0
02,27,1974,5.0
02,28,1974,5.0
03,01,1974,3.0
03,02,1974,2.0
03,03,1974,3.0
03,04,1974,4.0
03,05,1974,10.0
03,06,1974,11.0
03,07,1974,9.0
03,08,1974,10.0
03,09,1974,11.0
03,10,1974,10.0
03,11,1974,11.0
03,12,1974,8.0
03,13,1974,10.0
03,14,1974,9.0
03,15,1974,8.0
03,16,1974,9.0
03,17,1974,9.0
03,18,1974,10.0
03,19,1974,12.0
03,20,1974,11.0
03,21,1974,12.0
03,22,1974,11.0
03,23,1974,12.0
03,24,1974,12.0
03,25,1974,10.0
03,26,1974,12.0
03,27,1974,11.0
03,28,1974,11.0
03,29,1974,13.0
03,30,1974,10.0
03,31,1974,11.0
04,01,1974,13.0
04,02,1974,14.0
04,03,1974,13.0
04,04,1974,13.0
04,05,1974,11.0
04,06,1974,6.0
04,07,1974,8.0
04,08,1974,11.0
04,09,1974,10.0
04,10,1974,9.0
04,11,1974,13.0
04,12,1974,12.0
04,13,1974,12.0
04,14,1974,12.0
04,15,1974,12.0
04,16,1974,11.0
04,17,1974,11.0
04,18,1974,11.0
04,19,1974,12.0
04,20,1974,12.0
04,21,1974,13.0
04,22,1974,12.0
04,23,1974,12.0
04,24,1974,11.0
04,25,1974,12.0
04,26,1974,8.0
04,27,1974,9.0
04,28,1974,10.0
04,29,1974,12.0
04,30,1974,12.0
05,01,1974,12.0
05,02,1974,12.0
05,03,1974,12.0
05,04,1974,11.0
05,05,1974,11.0
05,06,1974,14.0
05,07,1974,14.0
05,08,1974,14.0
05,09,1974,14.0
05,10,1974,11.0
05,11,1974,15.0
05,12,1974,15.0
05,13,1974,14.0
05,14,1974,13.0
05,15,1974,13.0
05,16,1974,12.0
05,17,1974,13.0
05,18,1974,13.0
05,19,1974,11.0
05,20,1974,10.0
05,21,1974,14.0
05,22,1974,12.0
05,23,1974,12.0
05,24,1974,13.0
05,25,1974,14.0
05,26,1974,13.0
05,27,1974,12.0
05,28,1974,14.0
05,29,1974,13.0
05,30,1974,15.0
05,31,1974,14.0
06,01,1974,14.0
06,02,1974,15.0
06,03,1974,15.0
06,04,1974,11.0
06,05,1974,11.0
06,06,1974,15.0
06,07,1974,14.0
06,08,1974,13.0
06,09,1974,14.0
06,10,1974,14.0
06,11,1974,12.0
06,12,1974,12.0
06,13,1974,12.0
06,14,1974,11.0
06,15,1974,13.0
06,16,1974,13.0
06,17,1974,13.0
06,18,1974,13.0
06,19,1974,13.5
06,20,1974,13.0
06,21,1974,14.0
06,22,1974,14.0
06,23,1974,14.0
06,24,1974,13.0
06,25,1974,12.0
06,26,1974,12.0
06,27,1974,11.0
06,28,1974,9.0
06,29,1974,12.0
06,30,1974,13.0
07,01,1974,13.0
07,02,1974,13.0
07,03,1974,14.0
07,04,1974,14.0
07,05,1974,14.0
07,06,1974,13.0
07,07,1974,11.0
07,08,1974,10.0
07,09,1974,10.0
07,10,1974,10.0
07,11,1974,11.0
07,12,1974,12.0
07,13,1974,11.0
07,14,1974,10.0
07,15,1974,11.0
07,16,1974,12.0
07,17,1974,13.0
07,18,1974,11.0
07,19,1974,11.0
07,20,1974,11.0
07,21,1974,12.0
07,22,1974,11.0
07,23,1974,9.0
07,24,1974,12.0
07,25,1974,12.0
07,26,1974,14.0
07,27,1974,11.0
07,28,1974,10.0
07,29,1974,11.0
07,30,1974,11.0
07,31,1974,11.0
08,01,1974,12.0
08,02,1974,12.0
08,03,1974,13.0
08,04,1974,9.0
08,05,1974,10.0
08,06,1974,11.0
08,07,1974,10.0
08,08,1974,11.0
08,09,1974,12.0
08,10,1974,14.0
08,11,1974,12.0
08,12,1974,11.0
08,13,1974,11.0
08,14,1974,11.0
08,15,1974,12.0
08,16,1974,11.0
08,17,1974,11.0
08,18,1974,12.0
08,19,1974,12.0
08,20,1974,10.0
08,21,1974,5.0
08,22,1974,10.0
08,23,1974,9.0
08,24,1974,9.0
08,25,1974,11.0
08,26,1974,12.0
08,27,1974,13.0
08,28,1974,13.0
08,29,1974,14.0
08,30,1974,11.0
08,31,1974,12.0
09,01,1974,11.0
09,02,1974,10.0
09,03,1974,10.0
09,04,1974,9.0
09,05,1974,9.0
09,06,1974,10.0
09,07,1974,11.0
09,08,1974,9.0
09,09,1974,7.0
09,10,1974,11.0
09,11,1974,10.0
09,12,1974,9.0
09,13,1974,9.0
09,14,1974,11.0
09,15,1974,12.0
09,16,1974,13.0
09,17,1974,12.0
09,18,1974,13.0
09,19,1974,13.0
09,20,1974,12.0
09,21,1974,14.0
09,22,1974,13.0
09,23,1974,14.0
09,24,1974,13.0
09,25,1974,13.0
09,26,1974,10.0
09,27,1974,14.0
09,28,1974,14.0
09,29,1974,12.0
09,30,1974,10.0
10,01,1974,13.0
10,02,1974,14.0
10,03,1974,8.0
10,04,1974,9.0
10,05,1974,6.0
10,06,1974,7.0
10,07,1974,8.0
10,08,1974,6.0
10,09,1974,6.0
10,10,1974,8.0
10,11,1974,9.0
10,12,1974,10.0
10,13,1974,12.0
10,14,1974,10.0
10,15,1974,12.0
10,16,1974,11.0
10,17,1974,11.0
10,18,1974,10.0
10,19,1974,10.0
10,20,1974,7.0
10,21,1974,7.0
10,22,1974,7.0
10,23,1974,8.0
10,24,1974,10.0
10,25,1974,9.0
10,26,1974,11.0
10,27,1974,7.0
10,28,1974,9.0
10,29,1974,9.0
10,30,1974,8.0
10,31,1974,8.0
11,01,1974,8.0
11,02,1974,9.0
11,03,1974,9.0
11,04,1974,8.0
11,05,1974,8.0
11,06,1974,9.0
11,07,1974,8.0
11,08,1974,9.0
11,09,1974,11.0
11,10,1974,10.0
11,11,1974,9.0
11,12,1974,6.0
11,13,1974,6.0
11,14,1974,7.0
11,15,1974,5.0
11,16,1974,6.0
11,17,1974,8.0
11,18,1974,7.0
11,19,1974,8.0
11,20,1974,8.0
11,21,1974,7.0
11,22,1974,6.0
11,23,1974,7.0
11,24,1974,8.0
11,25,1974,10.0
11,26,1974,4.0
11,27,1974,3.0
11,28,1974,4.0
11,29,1974,7.0
11,30,1974,7.0
12,01,1974,8.0
12,02,1974,8.0
12,03,1974,8.0
12,04,1974,10.0
12,05,1974,11.0
12,06,1974,7.0
12,07,1974,6.0
12,08,1974,7.0
12,09,1974,7.0
12,10,1974,6.0
12,11,1974,8.0
12,12,1974,9.0
12,13,1974,8.0
12,14,1974,6.0
12,15,1974,10.0
12,16,1974,9.0
12,17,1974,9.0
12,18,1974,6.0
12,19,1974,7.0
12,20,1974,8.0
12,21,1974,8.0
12,22,1974,8.0
12,23,1974,7.0
12,24,1974,7.0
12,25,1974,8.0
12,26,1974,7.0
12,27,1974,7.0
12,28,1974,8.0
12,29,1974,4.0
12,30,1974,5.0
12,31,1974,7.0
01,01,1975,8.0
01,02,1975,4.0
01,03,1975,5.0
01,04,1975,8.0
01,05,1975,8.0
01,06,1975,7.0
01,07,1975,7.0
01,08,1975,8.0
01,09,1975,8.0
01,10,1975,9.0
01,11,1975,7.0
01,12,1975,9.0
01,13,1975,8.0
01,14,1975,9.0
01,15,1975,4.0
01,16,1975,4.0
01,17,1975,7.0
01,18,1975,6.0
01,19,1975,7.0
01,20,1975,6.0
01,21,1975,5.0
01,22,1975,7.0
01,23,1975,7.0
01,24,1975,6.0
01,25,1975,6.0
01,26,1975,7.0
01,27,1975,6.0
01,28,1975,6.0
01,29,1975,7.0
01,30,1975,6.0
01,31,1975,7.0
02,01,1975,8.0
02,02,1975,6.0
02,03,1975,7.0
02,04,1975,9.0
02,05,1975,11.0
02,06,1975,10.0
02,07,1975,11.0
02,08,1975,7.0
02,09,1975,9.0
02,10,1975,8.0
02,11,1975,9.0
02,12,1975,7.0
02,13,1975,5.0
02,14,1975,6.0
02,15,1975,10.0
02,16,1975,10.0
02,17,1975,9.0
02,18,1975,9.0
02,19,1975,9.0
02,20,1975,9.0
02,21,1975,10.0
02,22,1975,10.0
02,23,1975,11.0
02,24,1975,10.0
02,25,1975,3.0
02,26,1975,6.0
02,27,1975,6.0
02,28,1975,7.0
03,01,1975,10.0
03,02,1975,10.0
03,03,1975,10.0
03,04,1975,11.0
03,05,1975,9.0
03,06,1975,8.0
03,07,1975,10.0
03,08,1975,10.0
03,09,1975,9.0
03,10,1975,11.0
03,11,1975,12.0
03,12,1975,12.0
03,13,1975,13.0
03,14,1975,9.0
03,15,1975,8.0
03,16,1975,11.0
03,17,1975,11.0
03,18,1975,11.0
03,19,1975,10.0
03,20,1975,11.0
03,21,1975,11.0
03,22,1975,12.0
03,23,1975,12.0
03,24,1975,13.0
03,25,1975,11.0
03,26,1975,12.0
03,27,1975,12.0
03,28,1975,13.0
03,29,1975,12.0
03,30,1975,12.0
03,31,1975,13.0
04,01,1975,13.0
04,02,1975,14.0
04,03,1975,14.0
04,04,1975,12.0
04,05,1975,10.0
04,06,1975,12.0
04,07,1975,11.0
04,08,1975,11.0
04,09,1975,12.0
04,10,1975,13.0
04,11,1975,14.0
04,12,1975,12.0
04,13,1975,13.0
04,14,1975,14.0
04,15,1975,12.0
04,16,1975,11.0
04,17,1975,9.0
04,18,1975,12.0
04,19,1975,10.0
04,20,1975,10.0
04,21,1975,12.0
04,22,1975,10.0
04,23,1975,9.0
04,24,1975,10.0
04,25,1975,9.0
04,26,1975,9.0
04,27,1975,13.0
04,28,1975,13.0
04,29,1975,14.0
04,30,1975,14.0
05,01,1975,14.0
05,02,1975,14.0
05,03,1975,13.0
05,04,1975,13.0
05,05,1975,14.0
05,06,1975,13.0
05,07,1975,14.0
05,08,1975,14.0
05,09,1975,15.0
05,10,1975,14.0
05,11,1975,13.0
05,12,1975,13.0
05,13,1975,12.0
05,14,1975,13.0
05,15,1975,13.0
05,16,1975,12.0
05,17,1975,12.0
05,18,1975,13.0
05,19,1975,11.0
05,20,1975,11.0
05,21,1975,13.0
05,22,1975,11.0
05,23,1975,13.0
05,24,1975,13.0
05,25,1975,13.0
05,26,1975,13.5
05,27,1975,13.5
05,28,1975,12.0
05,29,1975,14.0
05,30,1975,13.0
05,31,1975,12.0
06,01,1975,12.0
06,02,1975,12.0
06,03,1975,12.0
06,04,1975,11.0
06,05,1975,12.0
06,06,1975,13.0
06,07,1975,13.0
06,08,1975,14.0
06,09,1975,14.0
06,10,1975,14.0
06,11,1975,13.0
06,12,1975,14.0
06,13,1975,11.0
06,14,1975,11.0
06,15,1975,10.0
06,16,1975,12.0
06,17,1975,13.0
06,18,1975,11.0
06,19,1975,13.0
06,20,1975,12.0
06,21,1975,12.0
06,22,1975,10.0
06,23,1975,11.0
06,24,1975,10.0
06,25,1975,10.0
06,26,1975,12.0
06,27,1975,12.0
06,28,1975,11.0
06,29,1975,11.0
06,30,1975,11.0
07,01,1975,9.0
07,02,1975,9.0
07,03,1975,10.0
07,04,1975,11.0
07,05,1975,11.0
07,06,1975,10.0
07,07,1975,9.0
07,08,1975,11.0
07,09,1975,12.0
07,10,1975,12.0
07,11,1975,12.0
07,12,1975,11.0
07,13,1975,10.0
07,14,1975,11.0
07,15,1975,11.0
07,16,1975,12.0
07,17,1975,11.0
07,18,1975,11.0
07,19,1975,11.0
07,20,1975,10.0
07,21,1975,10.0
07,22,1975,11.0
07,23,1975,11.0
07,24,1975,10.0
07,25,1975,11.0
07,26,1975,12.0
07,27,1975,12.0
07,28,1975,10.0
07,29,1975,10.0
07,30,1975,11.0
07,31,1975,11.0
08,01,1975,10.0
08,02,1975,11.0
08,03,1975,12.0
08,04,1975,11.0
08,05,1975,12.0
08,06,1975,12.0
08,07,1975,12.0
08,08,1975,11.0
08,09,1975,10.0
08,10,1975,12.0
08,11,1975,13.0
08,12,1975,11.0
08,13,1975,11.0
08,14,1975,11.0
08,15,1975,10.0
08,16,1975,10.0
08,17,1975,11.0
08,18,1975,10.0
08,19,1975,12.0
08,20,1975,11.0
08,21,1975,12.0
08,22,1975,11.0
08,23,1975,12.0
08,24,1975,12.0
08,25,1975,12.5
08,26,1975,12.0
08,27,1975,10.0
08,28,1975,11.0
08,29,1975,10.0
08,30,1975,11.0
08,31,1975,12.0
09,01,1975,12.0
09,02,1975,13.0
09,03,1975,13.0
09,04,1975,12.0
09,05,1975,11.0
09,06,1975,12.0
09,07,1975,13.0
09,08,1975,13.0
09,09,1975,12.0
09,10,1975,13.0
09,11,1975,13.5
09,12,1975,13.0
09,13,1975,12.0
09,14,1975,12.0
09,15,1975,11.0
09,16,1975,11.0
09,17,1975,11.5
09,18,1975,11.0
09,19,1975,8.5
09,20,1975,8.0
09,21,1975,9.0
09,22,1975,9.0
09,23,1975,10.0
09,24,1975,9.0
09,25,1975,5.0
09,26,1975,7.0
09,27,1975,7.5
09,28,1975,6.0
09,29,1975,7.5
09,30,1975,7.0
10,01,1975,11.0
10,02,1975,11.0
10,03,1975,9.0
10,04,1975,9.0
10,05,1975,10.0
10,06,1975,11.0
10,07,1975,10.5
10,08,1975,10.0
10,09,1975,11.0
10,10,1975,11.0
10,11,1975,11.0
10,12,1975,9.5
10,13,1975,9.0
10,14,1975,9.5
10,15,1975,10.5
10,16,1975,12.5
10,17,1975,12.0
10,18,1975,11.0
10,19,1975,6.0
10,20,1975,5.0
10,21,1975,4.0
10,22,1975,4.0
10,23,1975,10.0
10,24,1975,8.0
10,25,1975,8.0
10,26,1975,11.5
10,27,1975,12.0
10,28,1975,9.0
10,29,1975,10.0
10,30,1975,10.0
10,31,1975,10.0
11,01,1975,9.5
11,02,1975,10.0
11,03,1975,10.5
11,04,1975,7.0
11,05,1975,10.5
11,06,1975,7.5
11,07,1975,8.0
11,08,1975,10.0
11,09,1975,9.5
11,10,1975,10.0
11,11,1975,6.0
11,12,1975,7.5
11,13,1975,7.0
11,14,1975,4.0
11,15,1975,1.5
11,16,1975,1.0
11,17,1975,3.5
11,18,1975,3.0
11,19,1975,4.0
11,20,1975,6.0
11,21,1975,9.0
11,22,1975,8.0
11,23,1975,8.0
11,24,1975,8.5
11,25,1975,10.0
11,26,1975,10.0
11,27,1975,8.0
11,28,1975,9.0
11,29,1975,10.0
11,30,1975,9.0
12,01,1975,10.5
12,02,1975,8.0
12,03,1975,7.0
12,04,1975,6.0
12,05,1975,5.0
12,06,1975,5.0
12,07,1975,4.0
12,08,1975,4.0
12,09,1975,6.0
12,10,1975,7.5
12,11,1975,5.0
12,12,1975,4.0
12,13,1975,4.0
12,14,1975,3.0
12,15,1975,3.0
12,16,1975,7.0
12,17,1975,4.0
12,18,1975,5.5
12,19,1975,7.0
12,20,1975,7.5
12,21,1975,6.0
12,22,1975,5.0
12,23,1975,5.0
12,24,1975,5.0
12,25,1975,8.0
12,26,1975,8.0
12,27,1975,4.0
12,28,1975,5.0
12,29,1975,4.5
12,30,1975,4.0
12,31,1975,5.0
01,01,1976,5.0
01,02,1976,5.0
01,03,1976,6.0
01,04,1976,6.5
01,05,1976,4.0
01,06,1976,4.0
01,07,1976,3.5
01,08,1976,6.0
01,09,1976,4.0
01,10,1976,8.0
01,11,1976,3.0
01,12,1976,6.0
01,13,1976,4.0
01,14,1976,3.5
01,15,1976,7.5
01,16,1976,6.0
01,17,1976,6.0
01,18,1976,5.0
01,19,1976,4.0
01,20,1976,4.0
01,21,1976,5.0
01,22,1976,5.0
01,23,1976,2.5
01,24,1976,5.0
01,25,1976,5.0
01,26,1976,5.0
01,27,1976,7.0
01,28,1976,1.5
01,29,1976,3.0
01,30,1976,3.0
01,31,1976,4.0
02,01,1976,4.0
02,02,1976,3.0
02,03,1976,4.0
02,04,1976,4.0
02,05,1976,7.0
02,06,1976,7.0
02,07,1976,7.0
02,08,1976,5.0
02,09,1976,5.0
02,10,1976,5.0
02,11,1976,2.0
02,12,1976,1.0
02,13,1976,-1.0
02,14,1976,1.0
02,15,1976,4.5
02,16,1976,6.0
02,17,1976,6.0
02,18,1976,8.0
02,19,1976,6.0
02,20,1976,7.0
02,21,1976,8.0
02,22,1976,7.0
02,23,1976,6.0
02,24,1976,0.0
02,25,1976,-2.0
02,26,1976,-1.0
02,27,1976,2.0
02,28,1976,3.0
02,29,1976,4.0
03,01,1976,7.0
03,02,1976,8.0
03,03,1976,8.0
03,04,1976,10.0
03,05,1976,8.0
03,06,1976,9.0
03,07,1976,10.0
03,08,1976,10.0
03,09,1976,9.5
03,10,1976,11.0
03,11,1976,7.0
03,12,1976,9.0
03,13,1976,8.5
03,14,1976,10.0
03,15,1976,8.0
03,16,1976,10.0
03,17,1976,5.0
03,18,1976,7.0
03,19,1976,6.0
03,20,1976,7.0
03,21,1976,6.0
03,22,1976,8.0
03,23,1976,8.0
03,24,1976,7.0
03,25,1976,11.0
03,26,1976,11.0
03,27,1976,10.0
03,28,1976,12.0
03,29,1976,11.5
03,30,1976,12.0
03,31,1976,13.0
04,01,1976,8.0
04,02,1976,7.5
04,03,1976,8.0
04,04,1976,9.0
04,05,1976,7.0
04,06,1976,12.0
04,07,1976,12.0
04,08,1976,12.5
04,09,1976,10.0
04,10,1976,13.0
04,11,1976,10.0
04,12,1976,10.0
04,13,1976,9.0
04,14,1976,8.0
04,15,1976,10.0
04,16,1976,12.0
04,17,1976,11.0
04,18,1976,11.0
04,19,1976,11.5
04,20,1976,11.0
04,21,1976,12.0
04,22,1976,11.0
04,23,1976,13.0
04,24,1976,13.0
04,25,1976,12.0
04,26,1976,10.0
04,27,1976,10.0
04,28,1976,10.0
04,29,1976,12.0
04,30,1976,11.5
05,01,1976,11.0
05,02,1976,12.0
05,03,1976,10.0
05,04,1976,11.0
05,05,1976,9.0
05,06,1976,13.0
05,07,1976,13.0
05,08,1976,12.0
05,09,1976,11.0
05,10,1976,11.0
05,11,1976,9.0
05,12,1976,9.0
05,13,1976,12.0
05,14,1976,12.0
05,15,1976,13.0
05,16,1976,11.0
05,17,1976,12.0
05,18,1976,11.5
05,19,1976,11.0
05,20,1976,9.5
05,21,1976,10.0
05,22,1976,13.0
05,23,1976,15.0
05,24,1976,14.0
05,25,1976,14.0
05,26,1976,15.0
05,27,1976,12.0
05,28,1976,14.0
05,29,1976,13.0
05,30,1976,14.0
05,31,1976,12.0
06,01,1976,12.0
06,02,1976,12.0
06,03,1976,10.0
06,04,1976,10.0
06,05,1976,11.0
06,06,1976,11.0
06,07,1976,12.0
06,08,1976,12.0
06,09,1976,12.0
06,10,1976,13.0
06,11,1976,11.0
06,12,1976,13.0
06,13,1976,12.0
06,14,1976,13.0
06,15,1976,14.0
06,16,1976,13.0
06,17,1976,13.0
06,18,1976,13.0
06,19,1976,12.0
06,20,1976,12.0
06,21,1976,12.0
06,22,1976,11.0
06,23,1976,12.0
06,24,1976,13.0
06,25,1976,13.0
06,26,1976,13.0
06,27,1976,12.0
06,28,1976,12.0
06,29,1976,11.0
06,30,1976,11.0
07,01,1976,12.0
07,02,1976,12.0
07,03,1976,13.0
07,04,1976,12.0
07,05,1976,13.0
07,06,1976,13.0
07,07,1976,12.0
07,08,1976,13.0
07,09,1976,12.0
07,10,1976,13.0
07,11,1976,12.0
07,12,1976,14.0
07,13,1976,14.0
07,14,1976,12.0
07,15,1976,13.0
07,16,1976,12.0
07,17,1976,12.0
07,18,1976,10.0
07,19,1976,9.0
07,20,1976,9.0
07,21,1976,12.0
07,22,1976,9.0
07,23,1976,7.5
07,24,1976,9.0
07,25,1976,10.0
07,26,1976,11.0
07,27,1976,11.0
07,28,1976,10.0
07,29,1976,11.0
07,30,1976,11.0
07,31,1976,13.0
08,01,1976,8.0
08,02,1976,9.0
08,03,1976,11.0
08,04,1976,10.0
08,05,1976,11.0
08,06,1976,10.0
08,07,1976,10.0
08,08,1976,9.5
08,09,1976,10.0
08,10,1976,9.0
08,11,1976,9.5
08,12,1976,9.0
08,13,1976,10.0
08,14,1976,10.0
08,15,1976,12.5
08,16,1976,12.0
08,17,1976,12.0
08,18,1976,12.0
08,19,1976,11.0
08,20,1976,11.0
08,21,1976,10.0
08,22,1976,10.0
08,23,1976,12.0
08,24,1976,12.0
08,25,1976,9.0
08,26,1976,10.0
08,27,1976,10.0
08,28,1976,13.0
08,29,1976,12.0
08,30,1976,11.0
08,31,1976,10.0
09,01,1976,11.0
09,02,1976,10.0
09,03,1976,10.0
09,04,1976,11.0
09,05,1976,11.0
09,06,1976,10.0
09,07,1976,11.0
09,08,1976,11.0
09,09,1976,10.0
09,10,1976,11.0
09,11,1976,12.0
09,12,1976,12.0
09,13,1976,12.0
09,14,1976,13.0
09,15,1976,13.0
09,16,1976,12.0
09,17,1976,12.0
09,18,1976,11.0
09,19,1976,12.0
09,20,1976,13.0
09,21,1976,12.0
09,22,1976,12.0
09,23,1976,13.0
09,24,1976,12.0
09,25,1976,13.0
09,26,1976,13.0
09,27,1976,12.0
09,28,1976,13.0
09,29,1976,14.0
09,30,1976,13.0
10,01,1976,12.0
10,02,1976,12.0
10,03,1976,13.0
10,04,1976,12.0
10,05,1976,13.0
10,06,1976,13.0
10,07,1976,12.0
10,08,1976,12.0
10,09,1976,10.0
10,10,1976,11.0
10,11,1976,10.0
10,12,1976,11.0
10,13,1976,11.0
10,14,1976,9.0
10,15,1976,9.5
10,16,1976,10.0
10,17,1976,12.5
10,18,1976,10.0
10,19,1976,8.0
10,20,1976,8.0
10,21,1976,9.0
10,22,1976,8.0
10,23,1976,7.0
10,24,1976,10.0
10,25,1976,10.0
10,26,1976,11.0
10,27,1976,11.0
10,28,1976,13.0
10,29,1976,12.0
10,30,1976,13.0
10,31,1976,11.0
11,01,1976,10.0
11,02,1976,9.0
11,03,1976,8.0
11,04,1976,6.0
11,05,1976,5.0
11,06,1976,6.0
11,07,1976,5.0
11,08,1976,5.5
11,09,1976,8.0
11,10,1976,9.0
11,11,1976,9.0
11,12,1976,11.0
11,13,1976,11.5
11,14,1976,9.0
11,15,1976,11.0
11,16,1976,11.0
11,17,1976,12.0
11,18,1976,11.0
11,19,1976,10.5
11,20,1976,9.0
11,21,1976,10.0
11,22,1976,8.0
11,23,1976,7.0
11,24,1976,8.0
11,25,1976,8.0
11,26,1976,9.0
11,27,1976,7.0
11,28,1976,7.0
11,29,1976,9.0
11,30,1976,5.0
12,01,1976,7.0
12,02,1976,8.0
12,03,1976,5.0
12,04,1976,5.0
12,05,1976,6.0
12,06,1976,7.0
12,07,1976,8.0
12,08,1976,6.0
12,09,1976,4.0
12,10,1976,7.0
12,11,1976,9.0
12,12,1976,9.0
12,13,1976,10.0
12,14,1976,10.0
12,15,1976,9.0
12,16,1976,10.0
12,17,1976,6.0
12,18,1976,6.0
12,19,1976,5.0
12,20,1976,6.0
12,21,1976,8.0
12,22,1976,4.0
12,23,1976,6.0
12,24,1976,6.0
12,25,1976,7.0
12,26,1976,6.0
12,27,1976,3.0
12,28,1976,8.0
12,29,1976,7.0
12,30,1976,9.0
12,31,1976,8.0
01,01,1977,9.0
01,02,1977,8.0
01,03,1977,6.0
01,04,1977,6.0
01,05,1977,5.0
01,06,1977,4.5
01,07,1977,4.0
01,08,1977,6.0
01,09,1977,7.0
01,10,1977,5.0
01,11,1977,7.0
01,12,1977,2.5
01,13,1977,3.0
01,14,1977,5.0
01,15,1977,7.0
01,16,1977,6.0
01,17,1977,7.0
01,18,1977,6.0
01,19,1977,4.5
01,20,1977,3.0
01,21,1977,2.5
01,22,1977,4.5
01,23,1977,5.0
01,24,1977,6.0
01,25,1977,6.5
01,26,1977,6.0
01,27,1977,7.0
01,28,1977,9.0
01,29,1977,8.0
01,30,1977,7.0
01,31,1977,9.0
02,01,1977,7.0
02,02,1977,6.0
02,03,1977,8.0
02,04,1977,7.0
02,05,1977,8.0
02,06,1977,7.0
02,07,1977,7.0
02,08,1977,6.0
02,09,1977,9.0
02,10,1977,9.0
02,11,1977,9.0
02,12,1977,10.0
02,13,1977,8.0
02,14,1977,4.0
02,15,1977,8.0
02,16,1977,8.0
02,17,1977,4.0
02,18,1977,5.0
02,19,1977,10.0
02,20,1977,5.0
02,21,1977,5.0
02,22,1977,9.0
02,23,1977,10.0
02,24,1977,8.0
02,25,1977,5.0
02,26,1977,6.0
02,27,1977,8.0
02,28,1977,4.0
03,01,1977,5.0
03,02,1977,6.0
03,03,1977,11.0
03,04,1977,10.0
03,05,1977,10.0
03,06,1977,11.0
03,07,1977,8.0
03,08,1977,5.0
03,09,1977,2.5
03,10,1977,6.0
03,11,1977,10.5
03,12,1977,11.0
03,13,1977,12.0
03,14,1977,12.0
03,15,1977,11.0
03,16,1977,9.0
03,17,1977,5.0
03,18,1977,10.0
03,19,1977,9.0
03,20,1977,10.0
03,21,1977,12.0
03,22,1977,13.0
03,23,1977,10.0
03,24,1977,12.0
03,25,1977,12.0
03,26,1977,12.0
03,27,1977,11.0
03,28,1977,10.0
03,29,1977,11.0
03,30,1977,12.0
03,31,1977,11.0
04,01,1977,10.0
04,02,1977,12.0
04,03,1977,12.0
04,04,1977,13.0
04,05,1977,8.0
04,06,1977,6.0
04,07,1977,3.0
04,08,1977,7.5
04,09,1977,8.0
04,10,1977,8.0
04,11,1977,6.0
04,12,1977,8.0
04,13,1977,10.0
04,14,1977,10.0
04,15,1977,12.0
04,16,1977,12.0
04,17,1977,10.0
04,18,1977,11.0
04,19,1977,12.0
04,20,1977,11.0
04,21,1977,12.0
04,22,1977,11.0
04,23,1977,10.0
04,24,1977,11.0
04,25,1977,7.5
04,26,1977,10.0
04,27,1977,10.0
04,28,1977,10.0
04,29,1977,11.0
04,30,1977,9.0
05,01,1977,10.0
05,02,1977,10.0
05,03,1977,9.0
05,04,1977,8.0
05,05,1977,10.0
05,06,1977,11.0
05,07,1977,10.0
05,08,1977,12.0
05,09,1977,11.0
05,10,1977,11.0
05,11,1977,12.0
05,12,1977,13.0
05,13,1977,14.0
05,14,1977,13.0
05,15,1977,13.0
05,16,1977,12.0
05,17,1977,10.0
05,18,1977,11.5
05,19,1977,12.0
05,20,1977,11.0
05,21,1977,14.0
05,22,1977,13.5
05,23,1977,11.0
05,24,1977,11.0
05,25,1977,13.0
05,26,1977,12.0
05,27,1977,13.0
05,28,1977,13.0
05,29,1977,11.0
05,30,1977,11.0
05,31,1977,11.0
06,01,1977,8.0
06,02,1977,8.0
06,03,1977,9.0
06,04,1977,8.0
06,05,1977,9.0
06,06,1977,9.5
06,07,1977,8.0
06,08,1977,12.0
06,09,1977,13.0
06,10,1977,14.0
06,11,1977,14.0
06,12,1977,13.0
06,13,1977,13.0
06,14,1977,12.0
06,15,1977,11.8
06,16,1977,12.0
06,17,1977,11.0
06,18,1977,11.0
06,19,1977,13.5
06,20,1977,13.0
06,21,1977,12.0
06,22,1977,12.0
06,23,1977,13.0
06,24,1977,12.0
06,25,1977,11.0
06,26,1977,7.5
06,27,1977,10.0
06,28,1977,13.0
06,29,1977,13.0
06,30,1977,11.0
07,01,1977,12.0
07,02,1977,11.5
07,03,1977,12.0
07,04,1977,11.0
07,05,1977,11.0
07,06,1977,11.5
07,07,1977,11.0
07,08,1977,10.0
07,09,1977,11.0
07,10,1977,10.0
07,11,1977,10.0
07,12,1977,11.0
07,13,1977,11.0
07,14,1977,11.5
07,15,1977,9.0
07,16,1977,10.0
07,17,1977,9.0
07,18,1977,11.0
07,19,1977,11.0
07,20,1977,11.0
07,21,1977,10.0
07,22,1977,10.0
07,23,1977,11.0
07,24,1977,11.0
07,25,1977,11.0
07,26,1977,10.0
07,27,1977,10.5
07,28,1977,9.0
07,29,1977,10.0
07,30,1977,10.5
07,31,1977,11.5
08,01,1977,12.0
08,02,1977,11.0
08,03,1977,10.0
08,04,1977,10.0
08,05,1977,11.0
08,06,1977,11.0
08,07,1977,12.0
08,08,1977,12.0
08,09,1977,12.5
08,10,1977,12.0
08,11,1977,14.0
08,12,1977,13.0
08,13,1977,12.0
08,14,1977,12.0
08,15,1977,11.0
08,16,1977,12.0
08,17,1977,11.0
08,18,1977,10.0
08,19,1977,10.0
08,20,1977,12.0
08,21,1977,12.0
08,22,1977,13.0
08,23,1977,11.5
08,24,1977,12.0
08,25,1977,13.0
08,26,1977,10.0
08,27,1977,14.0
08,28,1977,13.0
08,29,1977,13.0
08,30,1977,12.0
08,31,1977,11.0
09,01,1977,11.5
09,02,1977,8.5
09,03,1977,12.0
09,04,1977,12.0
09,05,1977,11.5
09,06,1977,12.0
09,07,1977,11.0
09,08,1977,11.0
09,09,1977,11.0
09,10,1977,11.5
09,11,1977,11.0
09,12,1977,10.0
09,13,1977,10.0
09,14,1977,12.0
09,15,1977,12.0
09,16,1977,12.0
09,17,1977,12.0
09,18,1977,12.5
09,19,1977,12.0
09,20,1977,12.0
09,21,1977,11.0
09,22,1977,12.0
09,23,1977,12.0
09,24,1977,13.0
09,25,1977,14.0
09,26,1977,11.0
09,27,1977,9.5
09,28,1977,10.0
09,29,1977,11.0
09,30,1977,11.0
10,01,1977,13.0
10,02,1977,14.0
10,03,1977,12.0
10,04,1977,11.0
10,05,1977,11.0
10,06,1977,11.0
10,07,1977,10.0
10,08,1977,9.0
10,09,1977,10.0
10,10,1977,11.0
10,11,1977,9.0
10,12,1977,12.0
10,13,1977,9.0
10,14,1977,8.0
10,15,1977,10.0
10,16,1977,10.0
10,17,1977,9.0
10,18,1977,6.5
10,19,1977,7.0
10,20,1977,9.0
10,21,1977,11.0
10,22,1977,11.0
10,23,1977,13.0
10,24,1977,13.0
10,25,1977,12.0
10,26,1977,12.0
10,27,1977,12.0
10,28,1977,10.0
10,29,1977,12.5
10,30,1977,11.0
10,31,1977,11.0
11,01,1977,12.0
11,02,1977,11.0
11,03,1977,12.0
11,04,1977,10.0
11,05,1977,8.0
11,06,1977,5.0
11,07,1977,10.0
11,08,1977,11.0
11,09,1977,9.5
11,10,1977,10.0
11,11,1977,7.0
11,12,1977,8.0
11,13,1977,7.0
11,14,1977,2.5
11,15,1977,5.0
11,16,1977,8.0
11,17,1977,10.0
11,18,1977,10.5
11,19,1977,10.0
11,20,1977,10.0
11,21,1977,9.5
11,22,1977,10.0
11,23,1977,10.0
11,24,1977,9.0
11,25,1977,8.0
11,26,1977,5.0
11,27,1977,3.0
11,28,1977,4.0
11,29,1977,7.0
11,30,1977,8.0
12,01,1977,11.5
12,02,1977,10.0
12,03,1977,10.0
12,04,1977,11.0
12,05,1977,9.0
12,06,1977,10.0
12,07,1977,8.0
12,08,1977,8.0
12,09,1977,9.0
12,10,1977,11.0
12,11,1977,10.0
12,12,1977,9.5
12,13,1977,9.5
12,14,1977,9.0
12,15,1977,10.0
12,16,1977,9.0
12,17,1977,8.5
12,18,1977,6.0
12,19,1977,5.0
12,20,1977,5.0
12,21,1977,8.0
12,22,1977,1.0
12,23,1977,1.0
12,24,1977,4.0
12,25,1977,7.0
12,26,1977,5.0
12,27,1977,6.0
12,28,1977,7.0
12,29,1977,7.0
12,30,1977,8.0
12,31,1977,7.0
01,01,1978,7.0
01,02,1978,7.0
01,03,1978,8.0
01,04,1978,6.0
01,05,1978,4.0
01,06,1978,5.0
01,07,1978,6.0
01,08,1978,6.0
01,09,1978,4.5
01,10,1978,4.0
01,11,1978,4.0
01,12,1978,5.5
01,13,1978,6.0
01,14,1978,7.5
01,15,1978,3.0
01,16,1978,4.0
01,17,1978,4.0
01,18,1978,8.5
01,19,1978,7.0
01,20,1978,7.0
01,21,1978,6.0
01,22,1978,6.5
01,23,1978,3.0
01,24,1978,5.0
01,25,1978,5.5
01,26,1978,6.0
01,27,1978,5.0
01,28,1978,4.0
01,29,1978,6.0
01,30,1978,6.0
01,31,1978,3.0
02,01,1978,4.0
02,02,1978,5.0
02,03,1978,6.0
02,04,1978,5.0
02,05,1978,6.0
02,06,1978,5.0
02,07,1978,7.0
02,08,1978,4.0
02,09,1978,4.0
02,10,1978,3.0
02,11,1978,5.0
02,12,1978,7.0
02,13,1978,7.0
02,14,1978,7.0
02,15,1978,8.0
02,16,1978,7.0
02,17,1978,8.0
02,18,1978,11.0
02,19,1978,6.0
02,20,1978,10.0
02,21,1978,8.0
02,22,1978,3.0
02,23,1978,4.0
02,24,1978,6.0
02,25,1978,7.0
02,26,1978,8.0
02,27,1978,8.0
02,28,1978,12.0
03,01,1978,12.0
03,02,1978,14.0
03,03,1978,12.0
03,04,1978,8.0
03,05,1978,8.0
03,06,1978,9.5
03,07,1978,10.0
03,08,1978,10.0
03,09,1978,5.0
03,10,1978,5.0
03,11,1978,9.0
03,12,1978,8.5
03,13,1978,10.0
03,14,1978,9.5
03,15,1978,10.0
03,16,1978,12.0
03,17,1978,4.0
03,18,1978,1.5
03,19,1978,3.5
03,20,1978,5.0
03,21,1978,5.0
03,22,1978,10.0
03,23,1978,13.0
03,24,1978,13.0
03,25,1978,11.0
03,26,1978,11.0
03,27,1978,8.5
03,28,1978,8.0
03,29,1978,8.0
03,30,1978,12.0
03,31,1978,8.0
04,01,1978,10.0
04,02,1978,11.0
04,03,1978,13.0
04,04,1978,7.0
04,05,1978,8.0
04,06,1978,9.0
04,07,1978,9.5
04,08,1978,11.0
04,09,1978,13.0
04,10,1978,13.5
04,11,1978,11.5
04,12,1978,8.5
04,13,1978,12.0
04,14,1978,11.0
04,15,1978,11.0
04,16,1978,12.0
04,17,1978,15.0
04,18,1978,15.0
04,19,1978,14.5
04,20,1978,13.0
04,21,1978,13.0
04,22,1978,14.0
04,23,1978,12.5
04,24,1978,13.0
04,25,1978,12.0
04,26,1978,10.5
04,27,1978,8.0
04,28,1978,10.5
04,29,1978,12.0
04,30,1978,14.0
05,01,1978,13.0
05,02,1978,13.0
05,03,1978,15.5
05,04,1978,14.0
05,05,1978,13.0
05,06,1978,14.0
05,07,1978,13.5
05,08,1978,14.0
05,09,1978,14.0
05,10,1978,14.5
05,11,1978,12.0
05,12,1978,11.0
05,13,1978,10.5
05,14,1978,11.0
05,15,1978,10.0
05,16,1978,15.0
05,17,1978,12.0
05,18,1978,13.0
05,19,1978,13.0
05,20,1978,13.5
05,21,1978,12.0
05,22,1978,13.5
05,23,1978,13.0
05,24,1978,12.5
05,25,1978,12.0
05,26,1978,13.0
05,27,1978,13.0
05,28,1978,11.5
05,29,1978,12.0
05,30,1978,13.0
05,31,1978,12.0
06,01,1978,14.0
06,02,1978,14.0
06,03,1978,13.5
06,04,1978,14.0
06,05,1978,13.0
06,06,1978,13.0
06,07,1978,13.5
06,08,1978,13.0
06,09,1978,13.0
06,10,1978,12.0
06,11,1978,12.0
06,12,1978,11.0
06,13,1978,13.5
06,14,1978,11.0
06,15,1978,13.0
06,16,1978,13.0
06,17,1978,12.0
06,18,1978,12.0
06,19,1978,12.0
06,20,1978,13.0
06,21,1978,12.0
06,22,1978,12.5
06,23,1978,12.0
06,24,1978,12.0
06,25,1978,11.0
06,26,1978,10.0
06,27,1978,10.0
06,28,1978,12.5
06,29,1978,12.0
06,30,1978,11.0
07,01,1978,10.5
07,02,1978,12.0
07,03,1978,11.0
07,04,1978,10.5
07,05,1978,11.0
07,06,1978,11.0
07,07,1978,11.0
07,08,1978,10.0
07,09,1978,10.5
07,10,1978,11.0
07,11,1978,11.0
07,12,1978,11.0
07,13,1978,10.0
07,14,1978,9.0
07,15,1978,11.0
07,16,1978,11.0
07,17,1978,10.0
07,18,1978,11.0
07,19,1978,13.0
07,20,1978,10.0
07,21,1978,11.0
07,22,1978,10.0
07,23,1978,12.0
07,24,1978,11.5
07,25,1978,12.0
07,26,1978,13.0
07,27,1978,13.0
07,28,1978,11.0
07,29,1978,12.0
07,30,1978,12.0
07,31,1978,12.0
08,01,1978,11.0
08,02,1978,10.0
08,03,1978,7.5
08,04,1978,7.5
08,05,1978,8.0
08,06,1978,8.5
08,07,1978,12.0
08,08,1978,11.0
08,09,1978,12.0
08,10,1978,12.0
08,11,1978,11.0
08,12,1978,10.0
08,13,1978,12.0
08,14,1978,12.0
08,15,1978,12.0
08,16,1978,10.0
08,17,1978,10.0
08,18,1978,11.5
08,19,1978,11.0
08,20,1978,11.0
08,21,1978,10.0
08,22,1978,12.0
08,23,1978,11.0
08,24,1978,11.0
08,25,1978,12.0
08,26,1978,12.0
08,27,1978,12.0
08,28,1978,11.0
08,29,1978,13.0
08,30,1978,12.0
08,31,1978,12.0
09,01,1978,11.0
09,02,1978,10.0
09,03,1978,12.0
09,04,1978,11.5
09,05,1978,12.0
09,06,1978,11.0
09,07,1978,12.0
09,08,1978,12.0
09,09,1978,13.0
09,10,1978,12.0
09,11,1978,12.0
09,12,1978,13.0
09,13,1978,13.0
09,14,1978,12.0
09,15,1978,12.0
09,16,1978,10.0
09,17,1978,9.0
09,18,1978,9.0
09,19,1978,11.0
09,20,1978,12.0
09,21,1978,11.0
09,22,1978,9.5
09,23,1978,7.0
09,24,1978,13.0
09,25,1978,12.0
09,26,1978,11.0
09,27,1978,11.0
09,28,1978,11.5
09,29,1978,12.0
09,30,1978,11.5
10,01,1978,12.0
10,02,1978,10.0
10,03,1978,11.0
10,04,1978,11.5
10,05,1978,12.0
10,06,1978,12.0
10,07,1978,12.0
10,08,1978,13.0
10,09,1978,13.0
10,10,1978,12.0
10,11,1978,12.0
10,12,1978,11.0
10,13,1978,9.0
10,14,1978,9.0
10,15,1978,10.0
10,16,1978,8.5
10,17,1978,8.0
10,18,1978,9.0
10,19,1978,9.0
10,20,1978,9.5
10,21,1978,8.0
10,22,1978,6.0
10,23,1978,7.0
10,24,1978,7.0
10,25,1978,7.5
10,26,1978,10.0
10,27,1978,10.0
10,28,1978,9.0
10,29,1978,11.0
10,30,1978,10.0
10,31,1978,11.0
11,01,1978,7.0
11,02,1978,9.0
11,03,1978,10.0
11,04,1978,11.0
11,05,1978,10.0
11,06,1978,12.0
11,07,1978,9.0
11,08,1978,9.5
11,09,1978,8.0
11,10,1978,7.0
11,11,1978,7.5
11,12,1978,7.0
11,13,1978,8.0
11,14,1978,8.0
11,15,1978,8.0
11,16,1978,10.0
11,17,1978,9.0
11,18,1978,11.0
11,19,1978,11.0
11,20,1978,11.0
11,21,1978,9.5
11,22,1978,8.5
11,23,1978,10.0
11,24,1978,9.0
11,25,1978,13.0
11,26,1978,10.0
11,27,1978,10.0
11,28,1978,11.0
11,29,1978,11.0
11,30,1978,10.0
12,01,1978,8.5
12,02,1978,10.0
12,03,1978,11.0
12,04,1978,11.0
12,05,1978,10.0
12,06,1978,10.0
12,07,1978,9.0
12,08,1978,9.5
12,09,1978,8.5
12,10,1978,5.0
12,11,1978,5.5
12,12,1978,8.0
12,13,1978,8.0
12,14,1978,7.5
12,15,1978,3.0
12,16,1978,6.0
12,17,1978,5.5
12,18,1978,7.0
12,19,1978,6.0
12,20,1978,5.0
12,21,1978,8.0
12,22,1978,8.0
12,23,1978,8.0
12,24,1978,9.0
12,25,1978,8.0
12,26,1978,9.0
12,27,1978,8.0
12,28,1978,8.0
12,29,1978,8.0
12,30,1978,7.0
12,31,1978,6.0
01,01,1979,6.0
01,02,1979,8.0
01,03,1979,0.5
01,04,1979,1.0
01,05,1979,5.0
01,06,1979,5.5
01,07,1979,7.0
01,08,1979,5.0
01,09,1979,6.0
01,10,1979,3.0
01,11,1979,3.0
01,12,1979,4.0
01,13,1979,4.0
01,14,1979,6.0
01,15,1979,3.0
01,16,1979,5.0
01,17,1979,5.0
01,18,1979,5.5
01,19,1979,7.0
01,20,1979,9.0
01,21,1979,9.0
01,22,1979,3.0
01,23,1979,8.0
01,24,1979,9.0
01,25,1979,6.0
01,26,1979,10.0
01,27,1979,10.0
01,28,1979,10.0
01,29,1979,10.5
01,30,1979,10.5
01,31,1979,7.0
02,01,1979,7.5
02,02,1979,7.5
02,03,1979,8.0
02,04,1979,8.0
02,05,1979,9.0
02,06,1979,9.0
02,07,1979,8.0
02,08,1979,6.0
02,09,1979,5.0
02,10,1979,3.0
02,11,1979,5.5
02,12,1979,5.0
02,13,1979,8.0
02,14,1979,5.0
02,15,1979,8.0
02,16,1979,8.0
02,17,1979,8.0
02,18,1979,7.0
02,19,1979,7.0
02,20,1979,5.0
02,21,1979,5.0
02,22,1979,6.5
02,23,1979,10.0
02,24,1979,10.0
02,25,1979,12.0
02,26,1979,4.0
02,27,1979,4.0
02,28,1979,9.0
03,01,1979,10.0
03,02,1979,10.0
03,03,1979,9.5
03,04,1979,10.0
03,05,1979,6.0
03,06,1979,6.0
03,07,1979,9.0
03,08,1979,6.0
03,09,1979,8.0
03,10,1979,10.0
03,11,1979,10.0
03,12,1979,8.0
03,13,1979,7.0
03,14,1979,7.0
03,15,1979,9.0
03,16,1979,8.0
03,17,1979,7.0
03,18,1979,8.0
03,19,1979,12.0
03,20,1979,11.0
03,21,1979,10.0
03,22,1979,13.0
03,23,1979,13.0
03,24,1979,11.0
03,25,1979,12.0
03,26,1979,13.0
03,27,1979,11.5
03,28,1979,11.0
03,29,1979,10.0
03,30,1979,13.0
03,31,1979,13.0
04,01,1979,12.0
04,02,1979,13.0
04,03,1979,13.0
04,04,1979,15.0
04,05,1979,13.0
04,06,1979,11.0
04,07,1979,9.0
04,08,1979,8.0
04,09,1979,10.0
04,10,1979,13.0
04,11,1979,13.0
04,12,1979,12.0
04,13,1979,13.0
04,14,1979,12.0
04,15,1979,12.0
04,16,1979,11.0
04,17,1979,11.0
04,18,1979,11.0
04,19,1979,12.0
04,20,1979,11.0
04,21,1979,10.5
04,22,1979,13.0
04,23,1979,11.0
04,24,1979,8.5
04,25,1979,11.0
04,26,1979,13.0
04,27,1979,14.0
04,28,1979,13.0
04,29,1979,12.0
04,30,1979,14.0
05,01,1979,11.5
05,02,1979,13.0
05,03,1979,13.0
05,04,1979,14.0
05,05,1979,12.0
05,06,1979,13.0
05,07,1979,10.5
05,08,1979,12.0
05,09,1979,13.0
05,10,1979,14.0
05,11,1979,13.0
05,12,1979,13.0
05,13,1979,13.0
05,14,1979,12.0
05,15,1979,12.5
05,16,1979,12.0
05,17,1979,11.0
05,18,1979,9.5
05,19,1979,10.0
05,20,1979,10.0
05,21,1979,14.0
05,22,1979,13.0
05,23,1979,13.0
05,24,1979,11.0
05,25,1979,12.0
05,26,1979,13.0
05,27,1979,12.0
05,28,1979,13.0
05,29,1979,14.0
05,30,1979,14.0
05,31,1979,13.0
06,01,1979,15.0
06,02,1979,13.0
06,03,1979,12.0
06,04,1979,11.0
06,05,1979,11.5
06,06,1979,15.0
06,07,1979,12.0
06,08,1979,13.0
06,09,1979,14.0
06,10,1979,13.0
06,11,1979,11.0
06,12,1979,10.0
06,13,1979,10.0
06,14,1979,9.0
06,15,1979,10.0
06,16,1979,12.0
06,17,1979,12.0
06,18,1979,12.0
06,19,1979,13.0
06,20,1979,13.0
06,21,1979,12.0
06,22,1979,11.0
06,23,1979,8.0
06,24,1979,10.0
06,25,1979,12.5
06,26,1979,11.0
06,27,1979,12.0
06,28,1979,12.0
06,29,1979,12.0
06,30,1979,14.0
07,01,1979,11.0
07,02,1979,12.0
07,03,1979,12.5
07,04,1979,12.5
07,05,1979,12.0
07,06,1979,11.0
07,07,1979,13.0
07,08,1979,13.0
07,09,1979,11.0
07,10,1979,14.0
07,11,1979,13.0
07,12,1979,13.0
07,13,1979,13.0
07,14,1979,12.0
07,15,1979,12.5
07,16,1979,10.0
07,17,1979,10.0
07,18,1979,10.5
07,19,1979,12.5
07,20,1979,12.0
07,21,1979,11.0
07,22,1979,12.0
07,23,1979,11.0
07,24,1979,12.0
07,25,1979,11.5
07,26,1979,12.0
07,27,1979,12.0
07,28,1979,13.0
07,29,1979,12.0
07,30,1979,13.5
07,31,1979,11.5
08,01,1979,10.0
08,02,1979,10.0
08,03,1979,8.0
08,04,1979,12.5
08,05,1979,12.0
08,06,1979,12.5
08,07,1979,11.0
08,08,1979,9.0
08,09,1979,10.0
08,10,1979,10.0
08,11,1979,11.5
08,12,1979,11.0
08,13,1979,13.0
08,14,1979,13.0
08,15,1979,12.0
08,16,1979,11.0
08,17,1979,11.0
08,18,1979,12.0
08,19,1979,11.0
08,20,1979,11.0
08,21,1979,11.5
08,22,1979,11.0
08,23,1979,10.0
08,24,1979,12.0
08,25,1979,12.0
08,26,1979,12.0
08,27,1979,13.0
08,28,1979,13.0
08,29,1979,12.0
08,30,1979,13.0
08,31,1979,13.0
09,01,1979,12.0
09,02,1979,12.0
09,03,1979,11.0
09,04,1979,12.0
09,05,1979,12.0
09,06,1979,12.0
09,07,1979,13.0
09,08,1979,13.0
09,09,1979,13.0
09,10,1979,12.0
09,11,1979,14.0
09,12,1979,14.0
09,13,1979,13.0
09,14,1979,14.0
09,15,1979,12.0
09,16,1979,13.0
09,17,1979,13.0
09,18,1979,13.0
09,19,1979,14.5
09,20,1979,14.0
09,21,1979,12.0
09,22,1979,13.0
09,23,1979,11.5
09,24,1979,11.0
09,25,1979,10.0
09,26,1979,10.0
09,27,1979,8.0
09,28,1979,11.0
09,29,1979,9.0
09,30,1979,6.0
10,01,1979,8.0
10,02,1979,5.0
10,03,1979,8.0
10,04,1979,9.0
10,05,1979,8.0
10,06,1979,6.0
10,07,1979,7.0
10,08,1979,7.0
10,09,1979,8.0
10,10,1979,9.0
10,11,1979,9.0
10,12,1979,9.5
10,13,1979,8.0
10,14,1979,7.0
10,15,1979,8.5
10,16,1979,8.0
10,17,1979,8.0
10,18,1979,8.0
10,19,1979,6.0
10,20,1979,10.0
10,21,1979,8.0
10,22,1979,10.0
10,23,1979,13.0
10,24,1979,11.0
10,25,1979,11.0
10,26,1979,11.0
10,27,1979,12.0
10,28,1979,12.0
10,29,1979,12.0
10,30,1979,13.0
10,31,1979,8.0
11,01,1979,12.0
11,02,1979,11.0
11,03,1979,10.0
11,04,1979,8.0
11,05,1979,8.0
11,06,1979,7.0
11,07,1979,8.0
11,08,1979,5.5
11,09,1979,8.0
11,10,1979,8.5
11,11,1979,8.0
11,12,1979,12.0
11,13,1979,11.0
11,14,1979,7.0
11,15,1979,7.0
11,16,1979,7.0
11,17,1979,8.0
11,18,1979,9.0
11,19,1979,9.0
11,20,1979,10.0
11,21,1979,9.0
11,22,1979,8.0
11,23,1979,10.0
11,24,1979,9.0
11,25,1979,8.0
11,26,1979,9.0
11,27,1979,8.0
11,28,1979,7.0
11,29,1979,9.0
11,30,1979,5.0
12,01,1979,5.0
12,02,1979,8.0
12,03,1979,10.0
12,04,1979,10.0
12,05,1979,10.0
12,06,1979,10.5
12,07,1979,9.0
12,08,1979,8.5
12,09,1979,10.0
12,10,1979,9.0
12,11,1979,8.0
12,12,1979,7.0
12,13,1979,8.0
12,14,1979,6.0
12,15,1979,9.0
12,16,1979,8.0
12,17,1979,9.0
12,18,1979,7.0
12,19,1979,5.5
12,20,1979,6.0
12,21,1979,6.0
12,22,1979,7.5
12,23,1979,8.0
12,24,1979,8.0
12,25,1979,6.0
12,26,1979,5.0
12,27,1979,6.0
12,28,1979,7.0
12,29,1979,6.0
12,30,1979,4.0
12,31,1979,6.0
01,01,1980,8.5
01,02,1980,4.0
01,03,1980,9.0
01,04,1980,7.0
01,05,1980,6.0
01,06,1980,5.0
01,07,1980,7.0
01,08,1980,8.0
01,09,1980,8.0
01,10,1980,6.0
01,11,1980,7.0
01,12,1980,7.0
01,13,1980,6.5
01,14,1980,7.0
01,15,1980,9.0
01,16,1980,9.0
01,17,1980,8.0
01,18,1980,8.0
01,19,1980,8.0
01,20,1980,9.0
01,21,1980,8.0
01,22,1980,9.0
01,23,1980,8.5
01,24,1980,4.0
01,25,1980,4.5
01,26,1980,9.0
01,27,1980,8.0
01,28,1980,7.0
01,29,1980,8.0
01,30,1980,7.0
01,31,1980,7.0
02,01,1980,8.0
02,02,1980,3.0
02,03,1980,4.0
02,04,1980,3.0
02,05,1980,2.5
02,06,1980,4.0
02,07,1980,1.0
02,08,1980,3.0
02,09,1980,4.0
02,10,1980,4.0
02,11,1980,5.0
02,12,1980,8.5
02,13,1980,7.5
02,14,1980,8.0
02,15,1980,8.0
02,16,1980,6.0
02,17,1980,9.0
02,18,1980,10.0
02,19,1980,10.0
02,20,1980,10.0
02,21,1980,11.0
02,22,1980,10.5
02,23,1980,10.0
02,24,1980,7.0
02,25,1980,8.0
02,26,1980,6.0
02,27,1980,6.0
02,28,1980,6.0
02,29,1980,8.0
03,01,1980,10.0
03,02,1980,9.0
03,03,1980,4.0
03,04,1980,4.0
03,05,1980,9.0
03,06,1980,9.0
03,07,1980,11.0
03,08,1980,10.0
03,09,1980,8.0
03,10,1980,8.0
03,11,1980,7.5
03,12,1980,8.0
03,13,1980,10.0
03,14,1980,11.0
03,15,1980,9.0
03,16,1980,10.0
03,17,1980,12.0
03,18,1980,11.0
03,19,1980,7.0
03,20,1980,8.0
03,21,1980,11.0
03,22,1980,8.0
03,23,1980,8.0
03,24,1980,12.0
03,25,1980,14.0
03,26,1980,13.0
03,27,1980,11.0
03,28,1980,12.0
03,29,1980,13.5
03,30,1980,13.0
03,31,1980,14.0
04,01,1980,14.0
04,02,1980,13.0
04,03,1980,14.0
04,04,1980,13.0
04,05,1980,11.5
04,06,1980,13.0
04,07,1980,12.5
04,08,1980,11.0
04,09,1980,13.0
04,10,1980,12.0
04,11,1980,9.0
04,12,1980,13.0
04,13,1980,12.0
04,14,1980,8.0
04,15,1980,6.0
04,16,1980,4.0
04,17,1980,9.0
04,18,1980,10.0
04,19,1980,10.0
04,20,1980,7.0
04,21,1980,7.0
04,22,1980,8.0
04,23,1980,10.0
04,24,1980,13.0
04,25,1980,12.0
04,26,1980,11.0
04,27,1980,12.0
04,28,1980,12.0
04,29,1980,11.0
04,30,1980,13.0
05,01,1980,13.5
05,02,1980,12.0
05,03,1980,14.0
05,04,1980,12.0
05,05,1980,12.0
05,06,1980,12.5
05,07,1980,11.0
05,08,1980,12.0
05,09,1980,12.0
05,10,1980,13.0
05,11,1980,13.0
05,12,1980,14.5
05,13,1980,13.5
05,14,1980,11.0
05,15,1980,14.0
05,16,1980,10.5
05,17,1980,14.0
05,18,1980,13.5
05,19,1980,13.5
05,20,1980,14.0
05,21,1980,12.0
05,22,1980,14.0
05,23,1980,14.0
05,24,1980,15.0
05,25,1980,15.0
05,26,1980,13.0
05,27,1980,14.0
05,28,1980,10.0
05,29,1980,11.0
05,30,1980,11.5
05,31,1980,11.0
06,01,1980,10.0
06,02,1980,11.0
06,03,1980,11.0
06,04,1980,12.0
06,05,1980,12.0
06,06,1980,12.0
06,07,1980,13.0
06,08,1980,9.5
06,09,1980,8.0
06,10,1980,8.5
06,11,1980,9.0
06,12,1980,10.0
06,13,1980,11.0
06,14,1980,9.0
06,15,1980,13.0
06,16,1980,13.5
06,17,1980,11.0
06,18,1980,12.0
06,19,1980,12.0
06,20,1980,13.0
06,21,1980,13.0
06,22,1980,12.0
06,23,1980,13.0
06,24,1980,13.0
06,25,1980,14.0
06,26,1980,12.0
06,27,1980,12.0
06,28,1980,10.5
06,29,1980,10.0
06,30,1980,12.0
07,01,1980,11.0
07,02,1980,10.0
07,03,1980,10.0
07,04,1980,12.0
07,05,1980,11.0
07,06,1980,11.0
07,07,1980,10.0
07,08,1980,10.0
07,09,1980,12.0
07,10,1980,12.0
07,11,1980,11.0
07,12,1980,11.0
07,13,1980,11.0
07,14,1980,13.0
07,15,1980,12.0
07,16,1980,10.0
07,17,1980,11.0
07,18,1980,12.0
07,19,1980,12.0
07,20,1980,12.0
07,21,1980,13.0
07,22,1980,12.0
07,23,1980,11.0
07,24,1980,10.0
07,25,1980,10.0
07,26,1980,10.0
07,27,1980,13.0
07,28,1980,12.0
07,29,1980,11.0
07,30,1980,12.0
07,31,1980,13.0
08,01,1980,12.0
08,02,1980,12.0
08,03,1980,13.0
08,04,1980,13.0
08,05,1980,13.0
08,06,1980,12.0
08,07,1980,13.0
08,08,1980,11.0
08,09,1980,12.0
08,10,1980,14.0
08,11,1980,13.0
08,12,1980,13.0
08,13,1980,12.0
08,14,1980,12.0
08,15,1980,13.0
08,16,1980,12.0
08,17,1980,12.0
08,18,1980,12.0
08,19,1980,12.0
08,20,1980,10.0
08,21,1980,9.0
08,22,1980,12.0
08,23,1980,12.0
08,24,1980,13.0
08,25,1980,11.0
08,26,1980,11.0
08,27,1980,11.0
08,28,1980,11.0
08,29,1980,10.0
08,30,1980,13.0
08,31,1980,12.0
09,01,1980,11.0
09,02,1980,12.0
09,03,1980,12.0
09,04,1980,13.0
09,05,1980,13.0
09,06,1980,10.0
09,07,1980,11.5
09,08,1980,13.0
09,09,1980,13.0
09,10,1980,12.0
09,11,1980,12.0
09,12,1980,11.0
09,13,1980,11.0
09,14,1980,11.0
09,15,1980,11.5
09,16,1980,12.0
09,17,1980,12.5
09,18,1980,12.5
09,19,1980,12.0
09,20,1980,12.0
09,21,1980,11.0
09,22,1980,11.0
09,23,1980,12.0
09,24,1980,12.0
09,25,1980,11.5
09,26,1980,13.0
09,27,1980,12.0
09,28,1980,13.0
09,29,1980,13.5
09,30,1980,12.0
10,01,1980,11.0
10,02,1980,9.0
10,03,1980,11.0
10,04,1980,8.0
10,05,1980,8.5
10,06,1980,7.0
10,07,1980,6.0
10,08,1980,8.0
10,09,1980,7.0
10,10,1980,7.0
10,11,1980,8.5
10,12,1980,9.0
10,13,1980,9.0
10,14,1980,8.5
10,15,1980,9.0
10,16,1980,12.0
10,17,1980,11.0
10,18,1980,12.0
10,19,1980,12.0
10,20,1980,13.5
10,21,1980,12.0
10,22,1980,9.5
10,23,1980,11.0
10,24,1980,12.5
10,25,1980,12.0
10,26,1980,11.0
10,27,1980,10.0
10,28,1980,10.0
10,29,1980,12.0
10,30,1980,9.0
10,31,1980,8.0
11,01,1980,10.0
11,02,1980,9.5
11,03,1980,8.0
11,04,1980,9.0
11,05,1980,10.0
11,06,1980,8.5
11,07,1980,6.5
11,08,1980,6.0
11,09,1980,6.0
11,10,1980,2.0
11,11,1980,3.0
11,12,1980,7.0
11,13,1980,5.0
11,14,1980,8.0
11,15,1980,7.5
11,16,1980,9.0
11,17,1980,10.0
11,18,1980,11.0
11,19,1980,11.0
11,20,1980,7.5
11,21,1980,10.0
11,22,1980,8.5
11,23,1980,9.0
11,24,1980,10.0
11,25,1980,10.0
11,26,1980,10.0
11,27,1980,7.0
11,28,1980,8.0
11,29,1980,6.0
11,30,1980,7.0
12,01,1980,7.5
12,02,1980,9.0
12,03,1980,8.0
12,04,1980,7.0
12,05,1980,7.5
12,06,1980,8.0
12,07,1980,8.0
12,08,1980,9.5
12,09,1980,10.0
12,10,1980,8.0
12,11,1980,7.5
12,12,1980,6.0
12,13,1980,6.0
12,14,1980,4.0
12,15,1980,5.0
12,16,1980,5.0
12,17,1980,4.0
12,18,1980,1.0
12,19,1980,1.5
12,20,1980,2.5
12,21,1980,6.0
12,22,1980,4.0
12,23,1980,6.0
12,24,1980,7.0
12,25,1980,8.0
12,26,1980,3.5
12,27,1980,6.0
12,28,1980,1.5
12,29,1980,2.0
12,30,1980,1.0
12,31,1980,2.0
01,01,1981,3.0
01,02,1981,5.0
01,03,1981,2.0
01,04,1981,3.0
01,05,1981,4.0
01,06,1981,5.0
01,07,1981,6.0
01,08,1981,5.0
01,09,1981,7.0
01,10,1981,9.0
01,11,1981,6.0
01,12,1981,8.0
01,13,1981,7.0
01,14,1981,6.0
01,15,1981,6.0
01,16,1981,5.0
01,17,1981,6.0
01,18,1981,8.0
01,19,1981,7.0
01,20,1981,6.0
01,21,1981,4.0
01,22,1981,5.0
01,23,1981,6.0
01,24,1981,2.0
01,25,1981,3.0
01,26,1981,5.0
01,27,1981,5.0
01,28,1981,6.0
01,29,1981,6.0
01,30,1981,7.0
01,31,1981,6.0
02,01,1981,9.0
02,02,1981,8.0
02,03,1981,4.5
02,04,1981,4.0
02,05,1981,6.0
02,06,1981,6.0
02,07,1981,8.0
02,08,1981,10.0
02,09,1981,8.0
02,10,1981,8.0
02,11,1981,7.0
02,12,1981,3.5
02,13,1981,4.0
02,14,1981,7.0
02,15,1981,7.0
02,16,1981,6.0
02,17,1981,7.0
02,18,1981,6.5
02,19,1981,7.0
02,20,1981,6.0
02,21,1981,9.0
02,22,1981,10.0
02,23,1981,8.0
02,24,1981,7.5
02,25,1981,6.0
02,26,1981,7.0
02,27,1981,6.0
02,28,1981,8.0
03,01,1981,11.0
03,02,1981,10.0
03,03,1981,9.0
03,04,1981,10.0
03,05,1981,10.0
03,06,1981,11.0
03,07,1981,11.0
03,08,1981,9.5
03,09,1981,10.0
03,10,1981,7.0
03,11,1981,11.0
03,12,1981,10.0
03,13,1981,12.0
03,14,1981,11.0
03,15,1981,11.0
03,16,1981,11.0
03,17,1981,7.0
03,18,1981,10.0
03,19,1981,9.5
03,20,1981,5.0
03,21,1981,8.0
03,22,1981,8.0
03,23,1981,12.0
03,24,1981,11.0
03,25,1981,13.0
03,26,1981,11.0
03,27,1981,13.0
03,28,1981,13.0
03,29,1981,12.0
03,30,1981,12.0
03,31,1981,13.0
04,01,1981,10.5
04,02,1981,8.0
04,03,1981,9.0
04,04,1981,9.0
04,05,1981,13.0
04,06,1981,10.5
04,07,1981,7.0
04,08,1981,7.0
04,09,1981,6.0
04,10,1981,6.0
04,11,1981,8.0
04,12,1981,10.0
04,13,1981,10.0
04,14,1981,10.0
04,15,1981,12.0
04,16,1981,10.0
04,17,1981,8.0
04,18,1981,11.0
04,19,1981,12.0
04,20,1981,11.0
04,21,1981,11.0
04,22,1981,12.0
04,23,1981,14.0
04,24,1981,13.0
04,25,1981,12.0
04,26,1981,12.0
04,27,1981,12.0
04,28,1981,13.0
04,29,1981,13.0
04,30,1981,12.0
05,01,1981,10.0
05,02,1981,11.0
05,03,1981,12.0
05,04,1981,13.0
05,05,1981,12.0
05,06,1981,13.5
05,07,1981,13.0
05,08,1981,13.0
05,09,1981,14.0
05,10,1981,14.0
05,11,1981,10.0
05,12,1981,12.0
05,13,1981,10.0
05,14,1981,10.0
05,15,1981,10.5
05,16,1981,13.0
05,17,1981,14.0
05,18,1981,13.5
05,19,1981,12.5
05,20,1981,12.0
05,21,1981,11.0
05,22,1981,11.0
05,23,1981,11.5
05,24,1981,12.0
05,25,1981,12.0
05,26,1981,10.0
05,27,1981,8.5
05,28,1981,8.0
05,29,1981,13.5
05,30,1981,10.0
05,31,1981,13.0
06,01,1981,14.0
06,02,1981,13.5
06,03,1981,14.0
06,04,1981,15.0
06,05,1981,14.5
06,06,1981,13.5
06,07,1981,14.5
06,08,1981,15.0
06,09,1981,14.0
06,10,1981,14.5
06,11,1981,14.0
06,12,1981,13.0
06,13,1981,13.5
06,14,1981,12.5
06,15,1981,13.0
06,16,1981,14.0
06,17,1981,14.0
06,18,1981,13.0
06,19,1981,13.0
06,20,1981,13.5
06,21,1981,14.0
06,22,1981,14.0
06,23,1981,13.0
06,24,1981,11.5
06,25,1981,14.0
06,26,1981,13.0
06,27,1981,12.0
06,28,1981,11.5
06,29,1981,12.0
06,30,1981,13.0
07,01,1981,12.0
07,02,1981,12.5
07,03,1981,12.5
07,04,1981,13.0
07,05,1981,12.5
07,06,1981,13.0
07,07,1981,13.0
07,08,1981,14.0
07,09,1981,10.5
07,10,1981,13.0
07,11,1981,11.5
07,12,1981,13.0
07,13,1981,13.0
07,14,1981,12.0
07,15,1981,11.5
07,16,1981,12.5
07,17,1981,12.0
07,18,1981,13.0
07,19,1981,11.5
07,20,1981,12.5
07,21,1981,13.5
07,22,1981,12.5
07,23,1981,10.5
07,24,1981,13.0
07,25,1981,13.0
07,26,1981,12.5
07,27,1981,11.5
07,28,1981,11.5
07,29,1981,11.0
07,30,1981,10.5
07,31,1981,11.5
08,01,1981,10.5
08,02,1981,11.0
08,03,1981,10.5
08,04,1981,13.0
08,05,1981,13.0
08,06,1981,9.5
08,07,1981,10.5
08,08,1981,12.0
08,09,1981,12.0
08,10,1981,12.5
08,11,1981,10.5
08,12,1981,10.0
08,13,1981,11.0
08,14,1981,11.5
08,15,1981,13.0
08,16,1981,12.0
08,17,1981,9.5
08,18,1981,8.5
08,19,1981,8.5
08,20,1981,9.0
08,21,1981,13.0
08,22,1981,13.5
08,23,1981,13.0
08,24,1981,12.0
08,25,1981,12.5
08,26,1981,12.5
08,27,1981,13.0
08,28,1981,13.5
08,29,1981,13.5
08,30,1981,14.0
08,31,1981,13.5
09,01,1981,12.5
09,02,1981,13.0
09,03,1981,12.5
09,04,1981,13.0
09,05,1981,12.0
09,06,1981,13.0
09,07,1981,12.0
09,08,1981,11.5
09,09,1981,12.0
09,10,1981,11.0
09,11,1981,11.0
09,12,1981,10.5
09,13,1981,12.5
09,14,1981,11.0
09,15,1981,10.0
09,16,1981,11.0
09,17,1981,12.5
09,18,1981,12.0
09,19,1981,11.0
09,20,1981,10.0
09,21,1981,11.5
09,22,1981,12.0
09,23,1981,12.0
09,24,1981,13.5
09,25,1981,13.0
09,26,1981,11.0
09,27,1981,12.0
09,28,1981,13.5
09,29,1981,13.0
09,30,1981,13.5
10,01,1981,13.0
10,02,1981,12.0
10,03,1981,12.5
10,04,1981,11.5
10,05,1981,12.0
10,06,1981,11.5
10,07,1981,11.0
10,08,1981,12.0
10,09,1981,11.0
10,10,1981,12.5
10,11,1981,11.0
10,12,1981,11.0
10,13,1981,12.0
10,14,1981,12.0
10,15,1981,10.0
10,16,1981,9.0
10,17,1981,11.0
10,18,1981,7.0
10,19,1981,7.0
10,20,1981,9.0
10,21,1981,8.0
10,22,1981,8.0
10,23,1981,11.0
10,24,1981,10.0
10,25,1981,11.0
10,26,1981,12.0
10,27,1981,11.0
10,28,1981,9.5
10,29,1981,11.0
10,30,1981,12.0
10,31,1981,12.5
11,01,1981,10.0
11,02,1981,11.0
11,03,1981,10.0
11,04,1981,9.0
11,05,1981,9.0
11,06,1981,12.0
11,07,1981,10.0
11,08,1981,8.0
11,09,1981,8.5
11,10,1981,9.0
11,11,1981,6.5
11,12,1981,4.0
11,13,1981,5.0
11,14,1981,8.0
11,15,1981,5.0
11,16,1981,3.0
11,17,1981,4.0
11,18,1981,3.5
11,19,1981,6.0
11,20,1981,5.0
11,21,1981,6.5
11,22,1981,8.0
11,23,1981,3.5
11,24,1981,2.5
11,25,1981,3.0
11,26,1981,9.0
11,27,1981,8.0
11,28,1981,7.0
11,29,1981,8.0
11,30,1981,7.0
12,01,1981,10.0
12,02,1981,10.0
12,03,1981,12.0
12,04,1981,9.0
12,05,1981,9.5
12,06,1981,6.0
12,07,1981,7.0
12,08,1981,10.0
12,09,1981,9.0
12,10,1981,8.0
12,11,1981,6.0
12,12,1981,6.0
12,13,1981,7.0
12,14,1981,6.0
12,15,1981,8.0
12,16,1981,7.0
12,17,1981,9.0
12,18,1981,8.0
12,19,1981,9.0
12,20,1981,7.0
12,21,1981,7.0
12,22,1981,8.0
12,23,1981,6.0
12,24,1981,7.0
12,25,1981,9.0
12,26,1981,9.0
12,27,1981,8.5
12,28,1981,8.0
12,29,1981,8.0
12,30,1981,9.0
12,31,1981,10.0
01,01,1982,9.0
01,02,1982,10.0
01,03,1982,9.0
01,04,1982,7.0
01,05,1982,6.0
01,06,1982,5.0
01,07,1982,7.0
01,08,1982,7.0
01,09,1982,9.0
01,10,1982,6.0
01,11,1982,9.0
01,12,1982,6.0
01,13,1982,8.5
01,14,1982,7.0
01,15,1982,2.0
01,16,1982,4.0
01,17,1982,7.0
01,18,1982,6.0
01,19,1982,6.0
01,20,1982,7.0
01,21,1982,7.0
01,22,1982,7.0
01,23,1982,7.5
01,24,1982,6.0
01,25,1982,7.0
01,26,1982,5.5
01,27,1982,6.0
01,28,1982,6.0
01,29,1982,5.0
01,30,1982,6.5
01,31,1982,8.0
02,01,1982,5.0
02,02,1982,4.0
02,03,1982,5.0
02,04,1982,6.0
02,05,1982,8.0
02,06,1982,8.0
02,07,1982,7.5
02,08,1982,7.0
02,09,1982,8.5
02,10,1982,7.0
02,11,1982,8.0
02,12,1982,7.0
02,13,1982,8.0
02,14,1982,7.0
02,15,1982,null
02,16,1982,null
02,17,1982,null
02,18,1982,null
02,19,1982,null
02,20,1982,null
02,21,1982,null
02,22,1982,null
02,23,1982,null
02,24,1982,null
02,25,1982,null
02,26,1982,null
02,27,1982,null
02,28,1982,null
