Id:,20203
Estación:,SAN MIGUEL SOYALTEPEC-OAX
Posición:,18.2N -96.4744444444W
Variable:,Temp Mínima (oC)
Fecha Inicial:,12/01/1977
Fecha Final:,01/01/1985
No Dato:,nan
Mes,Día,Anio,Datos
12,01,1977,null
12,02,1977,null
12,03,1977,null
12,04,1977,null
12,05,1977,null
12,06,1977,null
12,07,1977,null
12,08,1977,null
12,09,1977,null
12,10,1977,21.0
12,11,1977,19.0
12,12,1977,20.0
12,13,1977,20.0
12,14,1977,20.0
12,15,1977,20.0
12,16,1977,20.0
12,17,1977,21.0
12,18,1977,20.0
12,19,1977,20.0
12,20,1977,18.0
12,21,1977,19.0
12,22,1977,14.0
12,23,1977,14.0
12,24,1977,15.0
12,25,1977,16.0
12,26,1977,18.0
12,27,1977,20.0
12,28,1977,19.0
12,29,1977,19.0
12,30,1977,20.0
12,31,1977,19.0
01,01,1978,20.0
01,02,1978,21.0
01,03,1978,17.0
01,04,1978,18.0
01,05,1978,18.0
01,06,1978,19.0
01,07,1978,20.0
01,08,1978,20.5
01,09,1978,18.0
01,10,1978,16.0
01,11,1978,18.0
01,12,1978,17.0
01,13,1978,18.0
01,14,1978,17.0
01,15,1978,16.0
01,16,1978,17.0
01,17,1978,20.0
01,18,1978,19.0
01,19,1978,20.0
01,20,1978,15.0
01,21,1978,16.0
01,22,1978,18.0
01,23,1978,17.0
01,24,1978,18.0
01,25,1978,18.0
01,26,1978,16.0
01,27,1978,16.0
01,28,1978,18.0
01,29,1978,17.5
01,30,1978,17.0
01,31,1978,19.0
02,01,1978,17.0
02,02,1978,17.0
02,03,1978,16.0
02,04,1978,16.0
02,05,1978,15.0
02,06,1978,15.5
02,07,1978,15.0
02,08,1978,16.0
02,09,1978,16.5
02,10,1978,17.0
02,11,1978,17.0
02,12,1978,16.0
02,13,1978,19.0
02,14,1978,18.0
02,15,1978,19.0
02,16,1978,20.5
02,17,1978,19.0
02,18,1978,19.0
02,19,1978,15.0
02,20,1978,15.0
02,21,1978,15.0
02,22,1978,14.0
02,23,1978,14.5
02,24,1978,15.0
02,25,1978,17.0
02,26,1978,17.0
02,27,1978,19.0
02,28,1978,21.0
03,01,1978,20.0
03,02,1978,20.5
03,03,1978,22.0
03,04,1978,20.5
03,05,1978,16.0
03,06,1978,19.0
03,07,1978,21.0
03,08,1978,21.0
03,09,1978,16.0
03,10,1978,16.0
03,11,1978,17.0
03,12,1978,19.0
03,13,1978,21.0
03,14,1978,22.0
03,15,1978,21.0
03,16,1978,20.5
03,17,1978,14.5
03,18,1978,15.0
03,19,1978,15.0
03,20,1978,16.0
03,21,1978,18.0
03,22,1978,20.0
03,23,1978,20.0
03,24,1978,20.0
03,25,1978,21.0
03,26,1978,21.0
03,27,1978,17.0
03,28,1978,17.0
03,29,1978,19.0
03,30,1978,19.0
03,31,1978,19.0
04,01,1978,18.0
04,02,1978,18.0
04,03,1978,20.0
04,04,1978,21.0
04,05,1978,21.0
04,06,1978,21.0
04,07,1978,21.0
04,08,1978,22.0
04,09,1978,22.0
04,10,1978,22.0
04,11,1978,25.0
04,12,1978,21.0
04,13,1978,19.0
04,14,1978,20.0
04,15,1978,20.0
04,16,1978,21.0
04,17,1978,22.0
04,18,1978,22.0
04,19,1978,20.0
04,20,1978,20.0
04,21,1978,23.0
04,22,1978,23.0
04,23,1978,24.0
04,24,1978,23.0
04,25,1978,22.0
04,26,1978,21.0
04,27,1978,21.0
04,28,1978,23.0
04,29,1978,23.0
04,30,1978,23.0
05,01,1978,25.0
05,02,1978,24.0
05,03,1978,24.0
05,04,1978,23.0
05,05,1978,23.0
05,06,1978,25.0
05,07,1978,25.0
05,08,1978,25.0
05,09,1978,25.0
05,10,1978,24.0
05,11,1978,25.0
05,12,1978,25.0
05,13,1978,26.0
05,14,1978,25.0
05,15,1978,23.0
05,16,1978,25.0
05,17,1978,23.0
05,18,1978,24.0
05,19,1978,26.0
05,20,1978,21.0
05,21,1978,24.0
05,22,1978,23.0
05,23,1978,25.0
05,24,1978,24.0
05,25,1978,24.0
05,26,1978,22.0
05,27,1978,22.0
05,28,1978,24.0
05,29,1978,23.0
05,30,1978,23.0
05,31,1978,23.0
06,01,1978,23.0
06,02,1978,24.0
06,03,1978,24.0
06,04,1978,24.0
06,05,1978,23.0
06,06,1978,23.0
06,07,1978,24.0
06,08,1978,23.0
06,09,1978,23.0
06,10,1978,24.0
06,11,1978,23.0
06,12,1978,24.0
06,13,1978,23.0
06,14,1978,23.0
06,15,1978,23.0
06,16,1978,24.0
06,17,1978,23.0
06,18,1978,23.0
06,19,1978,22.0
06,20,1978,23.0
06,21,1978,24.0
06,22,1978,22.0
06,23,1978,22.0
06,24,1978,22.0
06,25,1978,23.0
06,26,1978,24.0
06,27,1978,22.0
06,28,1978,21.0
06,29,1978,21.0
06,30,1978,22.0
07,01,1978,22.0
07,02,1978,23.0
07,03,1978,24.0
07,04,1978,22.0
07,05,1978,22.0
07,06,1978,22.0
07,07,1978,20.5
07,08,1978,20.0
07,09,1978,20.5
07,10,1978,21.5
07,11,1978,20.0
07,12,1978,21.0
07,13,1978,22.0
07,14,1978,22.5
07,15,1978,22.5
07,16,1978,23.0
07,17,1978,24.0
07,18,1978,22.5
07,19,1978,22.5
07,20,1978,21.5
07,21,1978,22.0
07,22,1978,22.0
07,23,1978,21.0
07,24,1978,22.0
07,25,1978,22.0
07,26,1978,24.0
07,27,1978,22.5
07,28,1978,22.5
07,29,1978,22.5
07,30,1978,22.5
07,31,1978,24.0
08,01,1978,25.0
08,02,1978,25.0
08,03,1978,23.0
08,04,1978,23.0
08,05,1978,22.5
08,06,1978,23.0
08,07,1978,22.0
08,08,1978,22.0
08,09,1978,22.0
08,10,1978,23.0
08,11,1978,22.5
08,12,1978,24.0
08,13,1978,21.5
08,14,1978,20.5
08,15,1978,22.5
08,16,1978,21.5
08,17,1978,23.0
08,18,1978,23.0
08,19,1978,23.0
08,20,1978,21.5
08,21,1978,22.0
08,22,1978,22.0
08,23,1978,22.5
08,24,1978,22.5
08,25,1978,22.0
08,26,1978,23.0
08,27,1978,24.0
08,28,1978,24.5
08,29,1978,25.0
08,30,1978,22.5
08,31,1978,22.0
09,01,1978,20.5
09,02,1978,22.5
09,03,1978,21.0
09,04,1978,22.0
09,05,1978,22.5
09,06,1978,22.5
09,07,1978,23.0
09,08,1978,23.0
09,09,1978,23.0
09,10,1978,23.5
09,11,1978,24.5
09,12,1978,26.0
09,13,1978,24.0
09,14,1978,25.0
09,15,1978,22.0
09,16,1978,24.0
09,17,1978,22.0
09,18,1978,22.0
09,19,1978,23.0
09,20,1978,22.0
09,21,1978,22.5
09,22,1978,22.0
09,23,1978,23.0
09,24,1978,23.0
09,25,1978,22.0
09,26,1978,23.0
09,27,1978,24.0
09,28,1978,22.0
09,29,1978,22.0
09,30,1978,23.0
10,01,1978,23.5
10,02,1978,23.5
10,03,1978,23.0
10,04,1978,23.0
10,05,1978,22.5
10,06,1978,22.5
10,07,1978,23.0
10,08,1978,23.0
10,09,1978,23.0
10,10,1978,22.0
10,11,1978,23.0
10,12,1978,23.0
10,13,1978,22.0
10,14,1978,22.0
10,15,1978,21.0
10,16,1978,21.0
10,17,1978,20.0
10,18,1978,19.5
10,19,1978,20.0
10,20,1978,20.5
10,21,1978,20.0
10,22,1978,21.0
10,23,1978,21.0
10,24,1978,21.0
10,25,1978,20.5
10,26,1978,22.0
10,27,1978,23.0
10,28,1978,21.0
10,29,1978,21.5
10,30,1978,21.5
10,31,1978,22.0
11,01,1978,21.0
11,02,1978,22.0
11,03,1978,21.5
11,04,1978,20.0
11,05,1978,20.0
11,06,1978,22.0
11,07,1978,22.5
11,08,1978,20.0
11,09,1978,19.0
11,10,1978,22.0
11,11,1978,23.0
11,12,1978,23.0
11,13,1978,22.0
11,14,1978,23.0
11,15,1978,23.5
11,16,1978,23.5
11,17,1978,23.0
11,18,1978,22.5
11,19,1978,23.0
11,20,1978,22.0
11,21,1978,22.0
11,22,1978,20.5
11,23,1978,22.0
11,24,1978,22.0
11,25,1978,23.0
11,26,1978,23.5
11,27,1978,23.0
11,28,1978,24.0
11,29,1978,21.5
11,30,1978,21.5
12,01,1978,22.0
12,02,1978,23.0
12,03,1978,23.5
12,04,1978,24.0
12,05,1978,22.0
12,06,1978,22.0
12,07,1978,23.5
12,08,1978,25.0
12,09,1978,25.5
12,10,1978,24.0
12,11,1978,20.0
12,12,1978,20.0
12,13,1978,20.0
12,14,1978,20.5
12,15,1978,20.0
12,16,1978,19.0
12,17,1978,20.5
12,18,1978,20.0
12,19,1978,19.0
12,20,1978,20.0
12,21,1978,19.0
12,22,1978,19.0
12,23,1978,19.0
12,24,1978,17.0
12,25,1978,18.0
12,26,1978,19.0
12,27,1978,20.0
12,28,1978,19.0
12,29,1978,20.0
12,30,1978,20.0
12,31,1978,20.0
01,01,1979,20.0
01,02,1979,21.0
01,03,1979,16.0
01,04,1979,19.0
01,05,1979,16.0
01,06,1979,19.0
01,07,1979,17.0
01,08,1979,19.5
01,09,1979,16.0
01,10,1979,17.0
01,11,1979,15.5
01,12,1979,18.0
01,13,1979,20.0
01,14,1979,20.0
01,15,1979,20.0
01,16,1979,20.0
01,17,1979,20.0
01,18,1979,20.0
01,19,1979,18.0
01,20,1979,17.0
01,21,1979,18.0
01,22,1979,18.0
01,23,1979,21.0
01,24,1979,19.0
01,25,1979,18.0
01,26,1979,20.0
01,27,1979,20.0
01,28,1979,20.0
01,29,1979,16.0
01,30,1979,17.0
01,31,1979,20.0
02,01,1979,17.0
02,02,1979,19.0
02,03,1979,14.0
02,04,1979,15.0
02,05,1979,15.0
02,06,1979,15.0
02,07,1979,17.0
02,08,1979,14.0
02,09,1979,15.0
02,10,1979,16.0
02,11,1979,17.0
02,12,1979,16.0
02,13,1979,14.0
02,14,1979,14.0
02,15,1979,15.0
02,16,1979,19.0
02,17,1979,17.0
02,18,1979,16.0
02,19,1979,18.0
02,20,1979,16.0
02,21,1979,16.0
02,22,1979,16.0
02,23,1979,17.0
02,24,1979,18.0
02,25,1979,18.0
02,26,1979,18.0
02,27,1979,20.0
02,28,1979,19.0
03,01,1979,23.0
03,02,1979,20.0
03,03,1979,23.0
03,04,1979,20.0
03,05,1979,21.0
03,06,1979,21.0
03,07,1979,22.0
03,08,1979,23.0
03,09,1979,20.0
03,10,1979,19.0
03,11,1979,23.0
03,12,1979,21.0
03,13,1979,19.0
03,14,1979,23.0
03,15,1979,20.0
03,16,1979,20.0
03,17,1979,23.0
03,18,1979,21.0
03,19,1979,20.0
03,20,1979,24.0
03,21,1979,20.0
03,22,1979,24.0
03,23,1979,20.0
03,24,1979,24.0
03,25,1979,21.0
03,26,1979,20.0
03,27,1979,21.0
03,28,1979,20.0
03,29,1979,24.0
03,30,1979,23.0
03,31,1979,20.0
04,01,1979,24.0
04,02,1979,21.0
04,03,1979,22.0
04,04,1979,20.0
04,05,1979,22.5
04,06,1979,22.0
04,07,1979,20.0
04,08,1979,22.0
04,09,1979,23.0
04,10,1979,23.0
04,11,1979,22.0
04,12,1979,23.0
04,13,1979,24.0
04,14,1979,24.0
04,15,1979,23.5
04,16,1979,20.0
04,17,1979,21.5
04,18,1979,22.0
04,19,1979,22.0
04,20,1979,23.0
04,21,1979,24.0
04,22,1979,21.0
04,23,1979,20.0
04,24,1979,21.0
04,25,1979,24.0
04,26,1979,22.0
04,27,1979,20.0
04,28,1979,20.0
04,29,1979,24.0
04,30,1979,20.0
05,01,1979,24.0
05,02,1979,20.0
05,03,1979,21.0
05,04,1979,24.5
05,05,1979,22.0
05,06,1979,21.0
05,07,1979,20.0
05,08,1979,25.0
05,09,1979,20.0
05,10,1979,22.0
05,11,1979,20.0
05,12,1979,21.0
05,13,1979,23.0
05,14,1979,20.0
05,15,1979,26.0
05,16,1979,22.0
05,17,1979,23.0
05,18,1979,20.0
05,19,1979,23.0
05,20,1979,20.0
05,21,1979,23.0
05,22,1979,21.0
05,23,1979,23.0
05,24,1979,24.0
05,25,1979,23.0
05,26,1979,22.0
05,27,1979,20.0
05,28,1979,21.0
05,29,1979,22.0
05,30,1979,23.0
05,31,1979,20.0
06,01,1979,22.0
06,02,1979,20.0
06,03,1979,24.0
06,04,1979,25.0
06,05,1979,20.0
06,06,1979,22.0
06,07,1979,21.0
06,08,1979,24.0
06,09,1979,23.0
06,10,1979,22.0
06,11,1979,24.0
06,12,1979,20.0
06,13,1979,23.0
06,14,1979,20.0
06,15,1979,22.0
06,16,1979,23.0
06,17,1979,20.0
06,18,1979,22.0
06,19,1979,21.0
06,20,1979,20.0
06,21,1979,23.0
06,22,1979,21.0
06,23,1979,24.0
06,24,1979,21.0
06,25,1979,22.0
06,26,1979,20.0
06,27,1979,22.0
06,28,1979,21.0
06,29,1979,24.0
06,30,1979,22.0
07,01,1979,23.0
07,02,1979,24.0
07,03,1979,25.0
07,04,1979,20.0
07,05,1979,23.0
07,06,1979,23.0
07,07,1979,22.0
07,08,1979,21.0
07,09,1979,23.0
07,10,1979,22.0
07,11,1979,24.0
07,12,1979,22.0
07,13,1979,24.0
07,14,1979,26.0
07,15,1979,22.0
07,16,1979,23.0
07,17,1979,23.0
07,18,1979,23.0
07,19,1979,21.0
07,20,1979,24.0
07,21,1979,22.0
07,22,1979,20.0
07,23,1979,23.0
07,24,1979,25.0
07,25,1979,25.5
07,26,1979,26.5
07,27,1979,23.0
07,28,1979,21.0
07,29,1979,20.0
07,30,1979,22.0
07,31,1979,23.0
08,01,1979,24.0
08,02,1979,23.0
08,03,1979,20.0
08,04,1979,23.0
08,05,1979,23.0
08,06,1979,22.0
08,07,1979,24.0
08,08,1979,22.0
08,09,1979,21.0
08,10,1979,20.0
08,11,1979,24.0
08,12,1979,24.0
08,13,1979,23.0
08,14,1979,21.0
08,15,1979,24.0
08,16,1979,22.0
08,17,1979,21.0
08,18,1979,20.0
08,19,1979,23.0
08,20,1979,22.0
08,21,1979,24.0
08,22,1979,21.0
08,23,1979,23.0
08,24,1979,22.0
08,25,1979,20.5
08,26,1979,20.0
08,27,1979,22.0
08,28,1979,22.0
08,29,1979,24.0
08,30,1979,25.0
08,31,1979,25.0
09,01,1979,23.0
09,02,1979,20.0
09,03,1979,23.0
09,04,1979,20.0
09,05,1979,20.0
09,06,1979,22.0
09,07,1979,20.0
09,08,1979,24.0
09,09,1979,22.0
09,10,1979,21.0
09,11,1979,23.0
09,12,1979,22.0
09,13,1979,20.0
09,14,1979,22.0
09,15,1979,22.5
09,16,1979,20.0
09,17,1979,21.0
09,18,1979,23.0
09,19,1979,20.0
09,20,1979,25.0
09,21,1979,21.0
09,22,1979,23.0
09,23,1979,23.0
09,24,1979,21.0
09,25,1979,25.0
09,26,1979,22.0
09,27,1979,21.0
09,28,1979,23.0
09,29,1979,22.0
09,30,1979,21.0
10,01,1979,25.0
10,02,1979,21.0
10,03,1979,27.0
10,04,1979,23.0
10,05,1979,22.0
10,06,1979,25.0
10,07,1979,23.0
10,08,1979,27.0
10,09,1979,26.0
10,10,1979,24.0
10,11,1979,23.0
10,12,1979,25.0
10,13,1979,20.0
10,14,1979,24.0
10,15,1979,24.0
10,16,1979,26.0
10,17,1979,24.0
10,18,1979,20.0
10,19,1979,23.0
10,20,1979,25.0
10,21,1979,23.0
10,22,1979,25.0
10,23,1979,21.0
10,24,1979,22.0
10,25,1979,25.0
10,26,1979,23.0
10,27,1979,21.0
10,28,1979,24.0
10,29,1979,25.0
10,30,1979,21.0
10,31,1979,21.0
11,01,1979,22.0
11,02,1979,22.0
11,03,1979,23.0
11,04,1979,25.0
11,05,1979,20.0
11,06,1979,23.0
11,07,1979,24.0
11,08,1979,20.0
11,09,1979,26.0
11,10,1979,24.0
11,11,1979,23.0
11,12,1979,24.0
11,13,1979,23.0
11,14,1979,20.0
11,15,1979,23.0
11,16,1979,23.0
11,17,1979,21.0
11,18,1979,20.0
11,19,1979,22.0
11,20,1979,24.0
11,21,1979,25.0
11,22,1979,24.0
11,23,1979,23.0
11,24,1979,20.0
11,25,1979,23.0
11,26,1979,24.0
11,27,1979,26.0
11,28,1979,24.0
11,29,1979,21.0
11,30,1979,20.0
12,01,1979,26.0
12,02,1979,23.0
12,03,1979,24.0
12,04,1979,26.0
12,05,1979,24.0
12,06,1979,19.0
12,07,1979,20.0
12,08,1979,24.0
12,09,1979,25.0
12,10,1979,25.0
12,11,1979,26.0
12,12,1979,24.0
12,13,1979,22.0
12,14,1979,24.0
12,15,1979,24.0
12,16,1979,20.0
12,17,1979,21.0
12,18,1979,24.0
12,19,1979,26.0
12,20,1979,24.0
12,21,1979,20.0
12,22,1979,18.0
12,23,1979,19.0
12,24,1979,20.0
12,25,1979,22.0
12,26,1979,15.0
12,27,1979,23.0
12,28,1979,23.0
12,29,1979,17.0
12,30,1979,19.0
12,31,1979,19.0
01,01,1980,18.0
01,02,1980,15.0
01,03,1980,19.0
01,04,1980,24.0
01,05,1980,17.0
01,06,1980,19.0
01,07,1980,20.0
01,08,1980,19.0
01,09,1980,25.0
01,10,1980,22.0
01,11,1980,20.0
01,12,1980,19.0
01,13,1980,24.0
01,14,1980,22.0
01,15,1980,19.0
01,16,1980,21.0
01,17,1980,23.0
01,18,1980,19.0
01,19,1980,24.0
01,20,1980,21.0
01,21,1980,19.0
01,22,1980,23.0
01,23,1980,25.0
01,24,1980,26.0
01,25,1980,23.0
01,26,1980,20.0
01,27,1980,19.0
01,28,1980,24.0
01,29,1980,23.0
01,30,1980,19.0
01,31,1980,20.0
02,01,1980,23.0
02,02,1980,22.0
02,03,1980,26.0
02,04,1980,25.0
02,05,1980,23.0
02,06,1980,19.0
02,07,1980,20.0
02,08,1980,19.0
02,09,1980,27.0
02,10,1980,25.0
02,11,1980,23.0
02,12,1980,21.0
02,13,1980,19.0
02,14,1980,25.0
02,15,1980,21.0
02,16,1980,22.0
02,17,1980,20.0
02,18,1980,24.0
02,19,1980,23.0
02,20,1980,20.0
02,21,1980,21.0
02,22,1980,22.0
02,23,1980,27.0
02,24,1980,26.0
02,25,1980,23.0
02,26,1980,19.0
02,27,1980,24.0
02,28,1980,25.0
02,29,1980,27.0
03,01,1980,22.0
03,02,1980,20.0
03,03,1980,23.0
03,04,1980,26.0
03,05,1980,25.0
03,06,1980,23.0
03,07,1980,23.0
03,08,1980,22.0
03,09,1980,25.0
03,10,1980,23.0
03,11,1980,20.0
03,12,1980,19.0
03,13,1980,20.0
03,14,1980,25.0
03,15,1980,21.0
03,16,1980,26.0
03,17,1980,24.0
03,18,1980,22.0
03,19,1980,23.0
03,20,1980,22.0
03,21,1980,24.0
03,22,1980,21.0
03,23,1980,20.0
03,24,1980,22.0
03,25,1980,23.0
03,26,1980,19.0
03,27,1980,21.0
03,28,1980,24.0
03,29,1980,20.0
03,30,1980,21.0
03,31,1980,20.0
04,01,1980,21.0
04,02,1980,21.0
04,03,1980,21.5
04,04,1980,22.0
04,05,1980,21.0
04,06,1980,19.0
04,07,1980,20.0
04,08,1980,23.0
04,09,1980,20.0
04,10,1980,22.0
04,11,1980,19.0
04,12,1980,20.0
04,13,1980,22.0
04,14,1980,20.0
04,15,1980,19.0
04,16,1980,21.0
04,17,1980,25.0
04,18,1980,21.0
04,19,1980,20.0
04,20,1980,19.0
04,21,1980,21.0
04,22,1980,22.0
04,23,1980,19.0
04,24,1980,22.0
04,25,1980,20.0
04,26,1980,20.0
04,27,1980,20.0
04,28,1980,19.0
04,29,1980,20.0
04,30,1980,18.0
05,01,1980,20.0
05,02,1980,24.0
05,03,1980,21.0
05,04,1980,19.0
05,05,1980,21.0
05,06,1980,23.0
05,07,1980,22.0
05,08,1980,22.0
05,09,1980,23.0
05,10,1980,23.0
05,11,1980,19.0
05,12,1980,20.0
05,13,1980,21.0
05,14,1980,20.0
05,15,1980,25.0
05,16,1980,21.0
05,17,1980,19.0
05,18,1980,25.0
05,19,1980,22.0
05,20,1980,23.0
05,21,1980,25.0
05,22,1980,24.0
05,23,1980,19.0
05,24,1980,22.0
05,25,1980,23.0
05,26,1980,21.0
05,27,1980,24.0
05,28,1980,23.0
05,29,1980,23.0
05,30,1980,20.0
05,31,1980,20.0
06,01,1980,26.0
06,02,1980,23.0
06,03,1980,21.0
06,04,1980,19.0
06,05,1980,18.0
06,06,1980,26.0
06,07,1980,25.0
06,08,1980,24.0
06,09,1980,19.0
06,10,1980,27.0
06,11,1980,23.0
06,12,1980,26.0
06,13,1980,27.0
06,14,1980,25.0
06,15,1980,21.0
06,16,1980,19.0
06,17,1980,27.0
06,18,1980,26.0
06,19,1980,23.0
06,20,1980,20.0
06,21,1980,23.0
06,22,1980,27.0
06,23,1980,24.0
06,24,1980,26.0
06,25,1980,23.0
06,26,1980,28.0
06,27,1980,20.0
06,28,1980,25.0
06,29,1980,24.0
06,30,1980,25.0
07,01,1980,20.0
07,02,1980,24.0
07,03,1980,23.0
07,04,1980,19.0
07,05,1980,26.0
07,06,1980,24.0
07,07,1980,20.0
07,08,1980,20.0
07,09,1980,21.0
07,10,1980,22.0
07,11,1980,22.0
07,12,1980,21.0
07,13,1980,21.0
07,14,1980,21.0
07,15,1980,22.0
07,16,1980,20.0
07,17,1980,22.0
07,18,1980,23.0
07,19,1980,25.0
07,20,1980,24.0
07,21,1980,21.0
07,22,1980,24.0
07,23,1980,23.0
07,24,1980,23.0
07,25,1980,22.0
07,26,1980,20.0
07,27,1980,22.0
07,28,1980,23.0
07,29,1980,22.0
07,30,1980,23.0
07,31,1980,22.0
08,01,1980,20.0
08,02,1980,22.0
08,03,1980,22.0
08,04,1980,24.0
08,05,1980,22.0
08,06,1980,23.0
08,07,1980,23.0
08,08,1980,23.0
08,09,1980,24.0
08,10,1980,25.0
08,11,1980,25.0
08,12,1980,24.0
08,13,1980,22.0
08,14,1980,21.0
08,15,1980,23.0
08,16,1980,23.5
08,17,1980,24.0
08,18,1980,23.0
08,19,1980,21.0
08,20,1980,23.0
08,21,1980,21.0
08,22,1980,22.0
08,23,1980,23.0
08,24,1980,22.0
08,25,1980,23.0
08,26,1980,22.0
08,27,1980,24.0
08,28,1980,22.0
08,29,1980,24.0
08,30,1980,22.0
08,31,1980,23.0
09,01,1980,22.0
09,02,1980,23.0
09,03,1980,22.0
09,04,1980,22.0
09,05,1980,22.0
09,06,1980,23.0
09,07,1980,22.0
09,08,1980,23.0
09,09,1980,24.0
09,10,1980,21.0
09,11,1980,23.0
09,12,1980,23.0
09,13,1980,23.0
09,14,1980,22.0
09,15,1980,23.0
09,16,1980,22.0
09,17,1980,24.0
09,18,1980,23.0
09,19,1980,23.0
09,20,1980,23.0
09,21,1980,22.0
09,22,1980,23.0
09,23,1980,23.0
09,24,1980,20.0
09,25,1980,22.0
09,26,1980,23.0
09,27,1980,21.0
09,28,1980,22.0
09,29,1980,24.0
09,30,1980,23.0
10,01,1980,24.0
10,02,1980,22.0
10,03,1980,20.0
10,04,1980,22.0
10,05,1980,22.0
10,06,1980,23.0
10,07,1980,21.0
10,08,1980,20.0
10,09,1980,22.0
10,10,1980,21.0
10,11,1980,20.5
10,12,1980,20.0
10,13,1980,22.0
10,14,1980,22.0
10,15,1980,22.0
10,16,1980,21.0
10,17,1980,20.0
10,18,1980,24.0
10,19,1980,23.0
10,20,1980,23.0
10,21,1980,23.0
10,22,1980,22.0
10,23,1980,20.0
10,24,1980,20.0
10,25,1980,22.0
10,26,1980,20.0
10,27,1980,20.0
10,28,1980,23.0
10,29,1980,22.0
10,30,1980,20.0
10,31,1980,22.0
11,01,1980,22.0
11,02,1980,18.0
11,03,1980,20.0
11,04,1980,21.0
11,05,1980,22.0
11,06,1980,20.0
11,07,1980,20.0
11,08,1980,18.0
11,09,1980,20.0
11,10,1980,18.0
11,11,1980,18.0
11,12,1980,21.0
11,13,1980,20.0
11,14,1980,19.0
11,15,1980,19.0
11,16,1980,19.0
11,17,1980,22.0
11,18,1980,16.0
11,19,1980,17.0
11,20,1980,18.0
11,21,1980,20.0
11,22,1980,19.0
11,23,1980,20.0
11,24,1980,20.0
11,25,1980,19.0
11,26,1980,21.0
11,27,1980,14.5
11,28,1980,15.0
11,29,1980,16.0
11,30,1980,18.0
12,01,1980,19.0
12,02,1980,19.0
12,03,1980,18.0
12,04,1980,18.0
12,05,1980,19.0
12,06,1980,19.0
12,07,1980,18.0
12,08,1980,19.0
12,09,1980,17.0
12,10,1980,18.0
12,11,1980,18.0
12,12,1980,19.0
12,13,1980,19.0
12,14,1980,20.0
12,15,1980,20.0
12,16,1980,21.0
12,17,1980,18.0
12,18,1980,19.5
12,19,1980,21.0
12,20,1980,18.0
12,21,1980,18.0
12,22,1980,18.0
12,23,1980,17.0
12,24,1980,19.0
12,25,1980,18.0
12,26,1980,18.0
12,27,1980,17.0
12,28,1980,16.0
12,29,1980,17.0
12,30,1980,17.0
12,31,1980,17.0
01,01,1981,16.0
01,02,1981,17.0
01,03,1981,18.0
01,04,1981,17.0
01,05,1981,19.0
01,06,1981,19.0
01,07,1981,18.0
01,08,1981,20.0
01,09,1981,19.0
01,10,1981,11.0
01,11,1981,16.0
01,12,1981,18.0
01,13,1981,17.0
01,14,1981,18.0
01,15,1981,17.0
01,16,1981,17.0
01,17,1981,18.0
01,18,1981,16.0
01,19,1981,17.0
01,20,1981,16.0
01,21,1981,16.0
01,22,1981,14.0
01,23,1981,14.0
01,24,1981,15.0
01,25,1981,14.0
01,26,1981,15.0
01,27,1981,17.0
01,28,1981,19.0
01,29,1981,17.0
01,30,1981,18.0
01,31,1981,18.0
02,01,1981,19.0
02,02,1981,17.0
02,03,1981,15.0
02,04,1981,16.0
02,05,1981,17.0
02,06,1981,18.0
02,07,1981,18.0
02,08,1981,19.0
02,09,1981,20.0
02,10,1981,21.0
02,11,1981,20.0
02,12,1981,14.0
02,13,1981,15.0
02,14,1981,15.0
02,15,1981,15.0
02,16,1981,16.0
02,17,1981,16.0
02,18,1981,19.0
02,19,1981,16.0
02,20,1981,18.0
02,21,1981,17.0
02,22,1981,19.0
02,23,1981,15.0
02,24,1981,14.0
02,25,1981,15.0
02,26,1981,17.0
02,27,1981,18.0
02,28,1981,18.5
03,01,1981,19.0
03,02,1981,20.0
03,03,1981,19.0
03,04,1981,22.0
03,05,1981,22.0
03,06,1981,20.0
03,07,1981,21.0
03,08,1981,21.0
03,09,1981,18.0
03,10,1981,19.0
03,11,1981,20.0
03,12,1981,19.0
03,13,1981,20.0
03,14,1981,18.0
03,15,1981,19.0
03,16,1981,21.0
03,17,1981,19.0
03,18,1981,20.0
03,19,1981,21.0
03,20,1981,19.0
03,21,1981,18.0
03,22,1981,19.0
03,23,1981,20.0
03,24,1981,18.0
03,25,1981,19.0
03,26,1981,20.0
03,27,1981,19.0
03,28,1981,21.0
03,29,1981,22.0
03,30,1981,23.0
03,31,1981,22.0
04,01,1981,24.0
04,02,1981,23.0
04,03,1981,22.0
04,04,1981,24.0
04,05,1981,23.0
04,06,1981,22.0
04,07,1981,19.0
04,08,1981,20.0
04,09,1981,23.0
04,10,1981,23.0
04,11,1981,23.0
04,12,1981,25.0
04,13,1981,23.0
04,14,1981,23.0
04,15,1981,22.0
04,16,1981,21.0
04,17,1981,21.0
04,18,1981,22.0
04,19,1981,23.0
04,20,1981,23.0
04,21,1981,23.0
04,22,1981,23.0
04,23,1981,24.0
04,24,1981,25.0
04,25,1981,24.0
04,26,1981,22.0
04,27,1981,23.0
04,28,1981,24.0
04,29,1981,25.0
04,30,1981,24.0
05,01,1981,25.0
05,02,1981,24.0
05,03,1981,23.0
05,04,1981,24.0
05,05,1981,26.0
05,06,1981,24.0
05,07,1981,24.0
05,08,1981,24.0
05,09,1981,25.0
05,10,1981,26.0
05,11,1981,23.0
05,12,1981,23.0
05,13,1981,24.0
05,14,1981,25.0
05,15,1981,25.0
05,16,1981,26.0
05,17,1981,25.0
05,18,1981,26.0
05,19,1981,26.0
05,20,1981,25.0
05,21,1981,23.0
05,22,1981,23.0
05,23,1981,21.0
05,24,1981,22.0
05,25,1981,24.0
05,26,1981,24.0
05,27,1981,22.5
05,28,1981,25.0
05,29,1981,21.0
05,30,1981,25.0
05,31,1981,21.0
06,01,1981,23.0
06,02,1981,24.0
06,03,1981,23.0
06,04,1981,24.0
06,05,1981,25.0
06,06,1981,24.0
06,07,1981,23.0
06,08,1981,22.0
06,09,1981,24.0
06,10,1981,25.0
06,11,1981,23.0
06,12,1981,22.0
06,13,1981,24.0
06,14,1981,24.0
06,15,1981,23.0
06,16,1981,23.0
06,17,1981,23.0
06,18,1981,22.0
06,19,1981,24.0
06,20,1981,23.0
06,21,1981,25.0
06,22,1981,24.0
06,23,1981,23.0
06,24,1981,24.0
06,25,1981,23.0
06,26,1981,22.0
06,27,1981,23.0
06,28,1981,22.0
06,29,1981,23.0
06,30,1981,20.0
07,01,1981,20.0
07,02,1981,22.0
07,03,1981,23.0
07,04,1981,25.0
07,05,1981,23.0
07,06,1981,22.0
07,07,1981,24.0
07,08,1981,22.0
07,09,1981,20.0
07,10,1981,21.0
07,11,1981,22.0
07,12,1981,23.0
07,13,1981,22.0
07,14,1981,18.0
07,15,1981,21.0
07,16,1981,20.0
07,17,1981,23.0
07,18,1981,22.0
07,19,1981,24.0
07,20,1981,21.0
07,21,1981,22.0
07,22,1981,21.0
07,23,1981,24.0
07,24,1981,23.0
07,25,1981,22.0
07,26,1981,23.0
07,27,1981,21.0
07,28,1981,22.0
07,29,1981,24.0
07,30,1981,22.0
07,31,1981,21.0
08,01,1981,19.0
08,02,1981,22.0
08,03,1981,21.0
08,04,1981,24.0
08,05,1981,25.0
08,06,1981,24.0
08,07,1981,22.0
08,08,1981,24.0
08,09,1981,20.0
08,10,1981,21.0
08,11,1981,24.0
08,12,1981,23.0
08,13,1981,22.0
08,14,1981,21.0
08,15,1981,22.0
08,16,1981,23.0
08,17,1981,24.0
08,18,1981,24.0
08,19,1981,23.0
08,20,1981,18.5
08,21,1981,19.0
08,22,1981,23.0
08,23,1981,22.0
08,24,1981,23.0
08,25,1981,21.0
08,26,1981,21.0
08,27,1981,23.0
08,28,1981,23.0
08,29,1981,23.0
08,30,1981,24.0
08,31,1981,24.0
09,01,1981,22.0
09,02,1981,24.0
09,03,1981,24.0
09,04,1981,22.0
09,05,1981,21.0
09,06,1981,22.0
09,07,1981,22.0
09,08,1981,22.0
09,09,1981,24.0
09,10,1981,23.0
09,11,1981,23.0
09,12,1981,22.0
09,13,1981,23.0
09,14,1981,22.0
09,15,1981,23.0
09,16,1981,23.0
09,17,1981,22.0
09,18,1981,22.0
09,19,1981,21.0
09,20,1981,22.0
09,21,1981,20.0
09,22,1981,23.0
09,23,1981,23.0
09,24,1981,21.0
09,25,1981,21.0
09,26,1981,21.0
09,27,1981,22.0
09,28,1981,22.0
09,29,1981,21.0
09,30,1981,21.0
10,01,1981,23.0
10,02,1981,22.0
10,03,1981,21.0
10,04,1981,23.0
10,05,1981,21.0
10,06,1981,24.0
10,07,1981,23.0
10,08,1981,22.0
10,09,1981,23.0
10,10,1981,24.0
10,11,1981,23.0
10,12,1981,23.0
10,13,1981,22.5
10,14,1981,24.0
10,15,1981,23.0
10,16,1981,23.0
10,17,1981,23.0
10,18,1981,22.0
10,19,1981,20.0
10,20,1981,21.0
10,21,1981,21.0
10,22,1981,21.0
10,23,1981,20.0
10,24,1981,20.0
10,25,1981,20.0
10,26,1981,19.0
10,27,1981,20.0
10,28,1981,20.0
10,29,1981,21.0
10,30,1981,22.0
10,31,1981,23.0
11,01,1981,23.0
11,02,1981,20.0
11,03,1981,19.0
11,04,1981,20.0
11,05,1981,21.0
11,06,1981,22.0
11,07,1981,21.0
11,08,1981,20.0
11,09,1981,19.0
11,10,1981,19.0
11,11,1981,19.0
11,12,1981,19.0
11,13,1981,20.0
11,14,1981,18.0
11,15,1981,18.0
11,16,1981,19.0
11,17,1981,20.0
11,18,1981,20.0
11,19,1981,20.0
11,20,1981,22.0
11,21,1981,21.0
11,22,1981,19.0
11,23,1981,19.0
11,24,1981,20.0
11,25,1981,20.0
11,26,1981,20.0
11,27,1981,22.0
11,28,1981,22.0
11,29,1981,21.0
11,30,1981,22.0
12,01,1981,22.0
12,02,1981,23.0
12,03,1981,23.0
12,04,1981,23.0
12,05,1981,21.0
12,06,1981,19.0
12,07,1981,20.0
12,08,1981,20.0
12,09,1981,19.0
12,10,1981,18.0
12,11,1981,19.0
12,12,1981,21.0
12,13,1981,19.0
12,14,1981,21.0
12,15,1981,19.0
12,16,1981,18.0
12,17,1981,19.0
12,18,1981,23.0
12,19,1981,17.0
12,20,1981,18.0
12,21,1981,19.0
12,22,1981,19.0
12,23,1981,20.0
12,24,1981,21.0
12,25,1981,17.0
12,26,1981,17.0
12,27,1981,20.0
12,28,1981,20.0
12,29,1981,22.0
12,30,1981,19.0
12,31,1981,20.0
01,01,1982,19.0
01,02,1982,20.0
01,03,1982,22.0
01,04,1982,21.0
01,05,1982,17.0
01,06,1982,20.0
01,07,1982,20.0
01,08,1982,22.0
01,09,1982,16.0
01,10,1982,17.0
01,11,1982,19.0
01,12,1982,16.0
01,13,1982,17.0
01,14,1982,13.0
01,15,1982,12.0
01,16,1982,16.0
01,17,1982,18.0
01,18,1982,17.0
01,19,1982,20.0
01,20,1982,21.0
01,21,1982,22.0
01,22,1982,20.0
01,23,1982,20.0
01,24,1982,20.0
01,25,1982,19.0
01,26,1982,20.0
01,27,1982,18.0
01,28,1982,20.0
01,29,1982,18.0
01,30,1982,20.0
01,31,1982,21.0
02,01,1982,16.0
02,02,1982,16.0
02,03,1982,18.0
02,04,1982,19.0
02,05,1982,18.0
02,06,1982,19.0
02,07,1982,15.0
02,08,1982,16.0
02,09,1982,17.0
02,10,1982,20.0
02,11,1982,19.0
02,12,1982,20.0
02,13,1982,19.0
02,14,1982,20.0
02,15,1982,21.0
02,16,1982,19.0
02,17,1982,20.0
02,18,1982,19.0
02,19,1982,22.0
02,20,1982,20.0
02,21,1982,22.0
02,22,1982,21.0
02,23,1982,20.0
02,24,1982,21.0
02,25,1982,19.0
02,26,1982,20.0
02,27,1982,20.0
02,28,1982,17.0
03,01,1982,17.0
03,02,1982,17.0
03,03,1982,17.0
03,04,1982,19.0
03,05,1982,21.0
03,06,1982,21.0
03,07,1982,14.0
03,08,1982,15.0
03,09,1982,18.0
03,10,1982,19.0
03,11,1982,19.0
03,12,1982,18.0
03,13,1982,22.0
03,14,1982,22.0
03,15,1982,23.0
03,16,1982,22.0
03,17,1982,19.0
03,18,1982,24.0
03,19,1982,23.0
03,20,1982,22.0
03,21,1982,23.0
03,22,1982,23.0
03,23,1982,22.0
03,24,1982,24.0
03,25,1982,21.0
03,26,1982,25.0
03,27,1982,23.0
03,28,1982,22.0
03,29,1982,21.0
03,30,1982,20.0
03,31,1982,21.0
04,01,1982,23.0
04,02,1982,23.0
04,03,1982,24.0
04,04,1982,20.0
04,05,1982,22.0
04,06,1982,26.0
04,07,1982,23.0
04,08,1982,23.0
04,09,1982,24.0
04,10,1982,25.0
04,11,1982,20.0
04,12,1982,21.0
04,13,1982,22.0
04,14,1982,22.0
04,15,1982,20.0
04,16,1982,24.0
04,17,1982,24.0
04,18,1982,22.0
04,19,1982,20.0
04,20,1982,20.0
04,21,1982,24.0
04,22,1982,23.0
04,23,1982,21.0
04,24,1982,22.0
04,25,1982,20.0
04,26,1982,22.0
04,27,1982,23.0
04,28,1982,24.0
04,29,1982,24.0
04,30,1982,20.0
05,01,1982,23.0
05,02,1982,26.0
05,03,1982,23.5
05,04,1982,22.0
05,05,1982,23.0
05,06,1982,25.0
05,07,1982,26.0
05,08,1982,21.0
05,09,1982,20.0
05,10,1982,22.5
05,11,1982,24.0
05,12,1982,24.5
05,13,1982,24.0
05,14,1982,24.0
05,15,1982,20.0
05,16,1982,23.0
05,17,1982,22.0
05,18,1982,24.0
05,19,1982,23.0
05,20,1982,23.5
05,21,1982,22.0
05,22,1982,20.0
05,23,1982,24.0
05,24,1982,22.0
05,25,1982,22.5
05,26,1982,23.0
05,27,1982,26.0
05,28,1982,26.5
05,29,1982,24.0
05,30,1982,23.0
05,31,1982,25.0
06,01,1982,27.0
06,02,1982,25.0
06,03,1982,25.0
06,04,1982,25.5
06,05,1982,25.5
06,06,1982,25.0
06,07,1982,24.0
06,08,1982,25.0
06,09,1982,25.0
06,10,1982,24.0
06,11,1982,23.0
06,12,1982,22.0
06,13,1982,23.0
06,14,1982,23.5
06,15,1982,23.0
06,16,1982,23.0
06,17,1982,25.0
06,18,1982,24.0
06,19,1982,23.0
06,20,1982,23.0
06,21,1982,23.0
06,22,1982,24.0
06,23,1982,23.0
06,24,1982,22.0
06,25,1982,23.0
06,26,1982,22.0
06,27,1982,21.0
06,28,1982,21.0
06,29,1982,22.0
06,30,1982,23.0
07,01,1982,22.0
07,02,1982,23.0
07,03,1982,22.0
07,04,1982,20.0
07,05,1982,24.0
07,06,1982,25.0
07,07,1982,23.0
07,08,1982,24.0
07,09,1982,24.0
07,10,1982,21.0
07,11,1982,23.0
07,12,1982,24.0
07,13,1982,22.0
07,14,1982,23.0
07,15,1982,23.0
07,16,1982,23.0
07,17,1982,22.0
07,18,1982,20.0
07,19,1982,21.0
07,20,1982,22.0
07,21,1982,21.0
07,22,1982,21.0
07,23,1982,22.0
07,24,1982,22.0
07,25,1982,21.0
07,26,1982,22.0
07,27,1982,22.0
07,28,1982,21.0
07,29,1982,22.0
07,30,1982,23.0
07,31,1982,21.0
08,01,1982,20.0
08,02,1982,21.0
08,03,1982,22.0
08,04,1982,24.0
08,05,1982,22.0
08,06,1982,22.0
08,07,1982,21.0
08,08,1982,23.0
08,09,1982,24.0
08,10,1982,23.0
08,11,1982,24.0
08,12,1982,25.0
08,13,1982,22.0
08,14,1982,23.0
08,15,1982,22.0
08,16,1982,22.0
08,17,1982,23.0
08,18,1982,24.0
08,19,1982,23.0
08,20,1982,22.0
08,21,1982,22.0
08,22,1982,21.0
08,23,1982,22.0
08,24,1982,22.0
08,25,1982,22.0
08,26,1982,21.0
08,27,1982,23.0
08,28,1982,24.0
08,29,1982,23.0
08,30,1982,21.0
08,31,1982,20.0
09,01,1982,21.0
09,02,1982,23.0
09,03,1982,22.0
09,04,1982,22.0
09,05,1982,22.0
09,06,1982,24.0
09,07,1982,21.0
09,08,1982,22.0
09,09,1982,22.0
09,10,1982,22.0
09,11,1982,24.0
09,12,1982,20.0
09,13,1982,20.0
09,14,1982,22.0
09,15,1982,20.0
09,16,1982,21.0
09,17,1982,21.0
09,18,1982,21.0
09,19,1982,23.0
09,20,1982,22.0
09,21,1982,22.0
09,22,1982,23.0
09,23,1982,21.0
09,24,1982,22.0
09,25,1982,22.0
09,26,1982,22.0
09,27,1982,23.0
09,28,1982,22.0
09,29,1982,23.0
09,30,1982,23.0
10,01,1982,23.0
10,02,1982,22.0
10,03,1982,22.0
10,04,1982,24.0
10,05,1982,24.0
10,06,1982,25.0
10,07,1982,24.0
10,08,1982,23.0
10,09,1982,20.0
10,10,1982,23.0
10,11,1982,23.0
10,12,1982,24.5
10,13,1982,23.0
10,14,1982,21.0
10,15,1982,23.0
10,16,1982,23.0
10,17,1982,20.0
10,18,1982,24.0
10,19,1982,21.0
10,20,1982,23.0
10,21,1982,20.0
10,22,1982,21.0
10,23,1982,22.0
10,24,1982,21.0
10,25,1982,20.0
10,26,1982,22.0
10,27,1982,19.0
10,28,1982,20.0
10,29,1982,21.0
10,30,1982,22.0
10,31,1982,22.5
11,01,1982,19.0
11,02,1982,20.0
11,03,1982,21.0
11,04,1982,20.0
11,05,1982,18.0
11,06,1982,18.0
11,07,1982,17.0
11,08,1982,19.0
11,09,1982,20.0
11,10,1982,21.0
11,11,1982,22.0
11,12,1982,23.0
11,13,1982,24.0
11,14,1982,19.0
11,15,1982,18.0
11,16,1982,20.0
11,17,1982,20.0
11,18,1982,21.0
11,19,1982,21.0
11,20,1982,18.0
11,21,1982,17.0
11,22,1982,21.0
11,23,1982,20.0
11,24,1982,18.0
11,25,1982,20.0
11,26,1982,20.0
11,27,1982,19.0
11,28,1982,16.0
11,29,1982,18.0
11,30,1982,22.0
12,01,1982,19.0
12,02,1982,20.0
12,03,1982,22.0
12,04,1982,21.0
12,05,1982,19.0
12,06,1982,17.0
12,07,1982,18.0
12,08,1982,19.0
12,09,1982,20.0
12,10,1982,20.0
12,11,1982,19.0
12,12,1982,18.0
12,13,1982,16.0
12,14,1982,17.0
12,15,1982,20.0
12,16,1982,17.0
12,17,1982,19.0
12,18,1982,20.0
12,19,1982,20.0
12,20,1982,15.0
12,21,1982,17.0
12,22,1982,19.0
12,23,1982,19.0
12,24,1982,20.0
12,25,1982,20.0
12,26,1982,21.0
12,27,1982,20.0
12,28,1982,22.0
12,29,1982,17.0
12,30,1982,17.0
12,31,1982,18.0
01,01,1983,18.0
01,02,1983,17.0
01,03,1983,14.0
01,04,1983,14.0
01,05,1983,15.0
01,06,1983,17.0
01,07,1983,18.0
01,08,1983,19.0
01,09,1983,18.0
01,10,1983,15.0
01,11,1983,17.0
01,12,1983,16.0
01,13,1983,17.0
01,14,1983,14.0
01,15,1983,17.0
01,16,1983,18.0
01,17,1983,19.0
01,18,1983,18.0
01,19,1983,17.0
01,20,1983,16.0
01,21,1983,14.0
01,22,1983,15.0
01,23,1983,16.0
01,24,1983,17.0
01,25,1983,18.0
01,26,1983,15.0
01,27,1983,17.0
01,28,1983,15.0
01,29,1983,14.0
01,30,1983,16.0
01,31,1983,15.0
02,01,1983,22.0
02,02,1983,18.0
02,03,1983,20.0
02,04,1983,19.0
02,05,1983,18.0
02,06,1983,20.0
02,07,1983,18.0
02,08,1983,20.0
02,09,1983,19.0
02,10,1983,20.0
02,11,1983,21.0
02,12,1983,18.0
02,13,1983,20.0
02,14,1983,21.0
02,15,1983,20.0
02,16,1983,17.0
02,17,1983,18.0
02,18,1983,16.0
02,19,1983,18.0
02,20,1983,19.0
02,21,1983,18.0
02,22,1983,18.0
02,23,1983,19.0
02,24,1983,18.0
02,25,1983,19.0
02,26,1983,20.0
02,27,1983,19.0
02,28,1983,19.0
03,01,1983,null
03,02,1983,null
03,03,1983,null
03,04,1983,null
03,05,1983,null
03,06,1983,null
03,07,1983,null
03,08,1983,null
03,09,1983,null
03,10,1983,null
03,11,1983,null
03,12,1983,null
03,13,1983,null
03,14,1983,null
03,15,1983,null
03,16,1983,null
03,17,1983,null
03,18,1983,null
03,19,1983,null
03,20,1983,null
03,21,1983,null
03,22,1983,null
03,23,1983,null
03,24,1983,null
03,25,1983,null
03,26,1983,null
03,27,1983,null
03,28,1983,null
03,29,1983,null
03,30,1983,null
03,31,1983,null
04,01,1983,21.0
04,02,1983,22.0
04,03,1983,17.0
04,04,1983,20.0
04,05,1983,18.0
04,06,1983,21.0
04,07,1983,20.0
04,08,1983,21.0
04,09,1983,21.0
04,10,1983,20.0
04,11,1983,18.0
04,12,1983,20.0
04,13,1983,21.0
04,14,1983,19.0
04,15,1983,19.0
04,16,1983,20.0
04,17,1983,17.0
04,18,1983,18.0
04,19,1983,20.0
04,20,1983,20.0
04,21,1983,20.0
04,22,1983,19.0
04,23,1983,20.0
04,24,1983,22.0
04,25,1983,20.0
04,26,1983,20.0
04,27,1983,21.0
04,28,1983,19.0
04,29,1983,20.0
04,30,1983,20.0
05,01,1983,20.0
05,02,1983,20.0
05,03,1983,21.0
05,04,1983,19.0
05,05,1983,19.0
05,06,1983,18.0
05,07,1983,21.0
05,08,1983,20.0
05,09,1983,25.0
05,10,1983,25.0
05,11,1983,24.0
05,12,1983,20.0
05,13,1983,21.0
05,14,1983,22.0
05,15,1983,22.0
05,16,1983,20.0
05,17,1983,20.0
05,18,1983,19.0
05,19,1983,20.0
05,20,1983,23.0
05,21,1983,23.0
05,22,1983,20.0
05,23,1983,22.0
05,24,1983,24.0
05,25,1983,26.0
05,26,1983,23.0
05,27,1983,20.0
05,28,1983,21.0
05,29,1983,20.0
05,30,1983,20.0
05,31,1983,19.0
06,01,1983,23.0
06,02,1983,24.0
06,03,1983,21.0
06,04,1983,21.0
06,05,1983,23.0
06,06,1983,24.0
06,07,1983,25.0
06,08,1983,26.0
06,09,1983,26.0
06,10,1983,20.0
06,11,1983,21.0
06,12,1983,22.0
06,13,1983,20.0
06,14,1983,21.0
06,15,1983,20.0
06,16,1983,21.0
06,17,1983,24.0
06,18,1983,21.0
06,19,1983,21.0
06,20,1983,22.0
06,21,1983,24.0
06,22,1983,25.0
06,23,1983,23.0
06,24,1983,23.0
06,25,1983,24.0
06,26,1983,21.0
06,27,1983,20.0
06,28,1983,20.0
06,29,1983,22.0
06,30,1983,21.0
07,01,1983,23.0
07,02,1983,23.0
07,03,1983,20.0
07,04,1983,21.0
07,05,1983,23.0
07,06,1983,22.0
07,07,1983,21.0
07,08,1983,22.0
07,09,1983,24.0
07,10,1983,22.0
07,11,1983,24.0
07,12,1983,20.0
07,13,1983,20.0
07,14,1983,22.0
07,15,1983,21.0
07,16,1983,22.0
07,17,1983,20.0
07,18,1983,19.0
07,19,1983,22.0
07,20,1983,24.0
07,21,1983,25.0
07,22,1983,20.0
07,23,1983,22.0
07,24,1983,23.0
07,25,1983,21.0
07,26,1983,24.0
07,27,1983,24.0
07,28,1983,23.0
07,29,1983,21.0
07,30,1983,22.0
07,31,1983,23.0
08,01,1983,23.0
08,02,1983,23.0
08,03,1983,20.0
08,04,1983,20.0
08,05,1983,21.0
08,06,1983,23.0
08,07,1983,19.0
08,08,1983,19.0
08,09,1983,20.0
08,10,1983,21.0
08,11,1983,23.0
08,12,1983,24.0
08,13,1983,22.0
08,14,1983,21.0
08,15,1983,18.0
08,16,1983,19.0
08,17,1983,19.0
08,18,1983,17.0
08,19,1983,18.0
08,20,1983,20.0
08,21,1983,20.0
08,22,1983,21.0
08,23,1983,21.0
08,24,1983,19.0
08,25,1983,19.0
08,26,1983,20.0
08,27,1983,24.0
08,28,1983,20.0
08,29,1983,20.0
08,30,1983,21.0
08,31,1983,21.0
09,01,1983,19.0
09,02,1983,17.0
09,03,1983,19.0
09,04,1983,17.0
09,05,1983,18.0
09,06,1983,17.0
09,07,1983,18.0
09,08,1983,20.0
09,09,1983,20.0
09,10,1983,20.0
09,11,1983,21.0
09,12,1983,22.0
09,13,1983,24.0
09,14,1983,20.0
09,15,1983,21.0
09,16,1983,22.0
09,17,1983,21.0
09,18,1983,19.0
09,19,1983,18.0
09,20,1983,20.0
09,21,1983,22.0
09,22,1983,23.0
09,23,1983,21.0
09,24,1983,18.0
09,25,1983,18.0
09,26,1983,19.0
09,27,1983,20.0
09,28,1983,20.0
09,29,1983,21.0
09,30,1983,22.0
10,01,1983,21.0
10,02,1983,22.0
10,03,1983,23.0
10,04,1983,22.0
10,05,1983,21.5
10,06,1983,22.0
10,07,1983,23.0
10,08,1983,22.0
10,09,1983,20.0
10,10,1983,22.0
10,11,1983,19.0
10,12,1983,20.0
10,13,1983,21.0
10,14,1983,22.0
10,15,1983,21.0
10,16,1983,20.0
10,17,1983,21.0
10,18,1983,22.0
10,19,1983,25.0
10,20,1983,22.0
10,21,1983,22.0
10,22,1983,21.0
10,23,1983,21.0
10,24,1983,22.0
10,25,1983,21.0
10,26,1983,21.0
10,27,1983,20.0
10,28,1983,20.0
10,29,1983,20.0
10,30,1983,21.0
10,31,1983,20.0
11,01,1983,21.0
11,02,1983,20.0
11,03,1983,22.0
11,04,1983,20.0
11,05,1983,20.5
11,06,1983,22.0
11,07,1983,22.0
11,08,1983,21.5
11,09,1983,23.0
11,10,1983,19.5
11,11,1983,19.5
11,12,1983,21.0
11,13,1983,20.0
11,14,1983,21.0
11,15,1983,18.0
11,16,1983,20.0
11,17,1983,21.0
11,18,1983,20.0
11,19,1983,20.5
11,20,1983,20.0
11,21,1983,21.0
11,22,1983,18.0
11,23,1983,20.0
11,24,1983,19.5
11,25,1983,18.5
11,26,1983,20.0
11,27,1983,21.0
11,28,1983,21.0
11,29,1983,21.5
11,30,1983,22.0
12,01,1983,21.5
12,02,1983,22.0
12,03,1983,20.5
12,04,1983,20.0
12,05,1983,22.0
12,06,1983,23.0
12,07,1983,20.0
12,08,1983,19.0
12,09,1983,19.0
12,10,1983,17.0
12,11,1983,18.0
12,12,1983,20.0
12,13,1983,20.0
12,14,1983,18.0
12,15,1983,19.0
12,16,1983,23.0
12,17,1983,21.0
12,18,1983,19.5
12,19,1983,18.0
12,20,1983,19.0
12,21,1983,21.0
12,22,1983,19.0
12,23,1983,18.0
12,24,1983,20.0
12,25,1983,19.0
12,26,1983,20.0
12,27,1983,18.0
12,28,1983,17.0
12,29,1983,17.5
12,30,1983,17.0
12,31,1983,16.0
01,01,1984,19.0
01,02,1984,20.0
01,03,1984,18.0
01,04,1984,18.0
01,05,1984,19.0
01,06,1984,19.5
01,07,1984,19.0
01,08,1984,20.0
01,09,1984,18.0
01,10,1984,17.5
01,11,1984,18.0
01,12,1984,19.0
01,13,1984,18.0
01,14,1984,18.0
01,15,1984,20.0
01,16,1984,18.0
01,17,1984,19.5
01,18,1984,18.0
01,19,1984,16.0
01,20,1984,18.0
01,21,1984,19.0
01,22,1984,17.0
01,23,1984,18.0
01,24,1984,19.5
01,25,1984,19.0
01,26,1984,21.0
01,27,1984,19.0
01,28,1984,19.0
01,29,1984,20.0
01,30,1984,19.0
01,31,1984,20.0
02,01,1984,18.5
02,02,1984,19.0
02,03,1984,18.5
02,04,1984,18.0
02,05,1984,19.0
02,06,1984,19.5
02,07,1984,19.5
02,08,1984,20.0
02,09,1984,20.0
02,10,1984,19.0
02,11,1984,20.0
02,12,1984,19.5
02,13,1984,18.0
02,14,1984,17.0
02,15,1984,18.0
02,16,1984,18.5
02,17,1984,19.0
02,18,1984,18.5
02,19,1984,20.0
02,20,1984,20.0
02,21,1984,19.0
02,22,1984,20.0
02,23,1984,21.0
02,24,1984,20.0
02,25,1984,20.5
02,26,1984,20.0
02,27,1984,19.5
02,28,1984,18.0
02,29,1984,17.5
03,01,1984,20.0
03,02,1984,20.0
03,03,1984,21.0
03,04,1984,22.0
03,05,1984,19.0
03,06,1984,20.0
03,07,1984,20.0
03,08,1984,21.0
03,09,1984,23.0
03,10,1984,22.5
03,11,1984,23.0
03,12,1984,22.0
03,13,1984,19.5
03,14,1984,20.0
03,15,1984,21.5
03,16,1984,20.0
03,17,1984,21.0
03,18,1984,22.0
03,19,1984,21.0
03,20,1984,20.5
03,21,1984,20.0
03,22,1984,21.0
03,23,1984,23.0
03,24,1984,23.0
03,25,1984,22.0
03,26,1984,20.0
03,27,1984,20.5
03,28,1984,21.0
03,29,1984,22.0
03,30,1984,23.0
03,31,1984,22.5
04,01,1984,19.0
04,02,1984,20.0
04,03,1984,23.0
04,04,1984,20.0
04,05,1984,21.0
04,06,1984,22.0
04,07,1984,22.5
04,08,1984,20.0
04,09,1984,21.5
04,10,1984,21.0
04,11,1984,21.5
04,12,1984,20.0
04,13,1984,20.0
04,14,1984,19.5
04,15,1984,20.0
04,16,1984,19.0
04,17,1984,21.0
04,18,1984,21.5
04,19,1984,21.0
04,20,1984,22.0
04,21,1984,18.5
04,22,1984,20.0
04,23,1984,21.0
04,24,1984,22.0
04,25,1984,22.5
04,26,1984,24.0
04,27,1984,21.0
04,28,1984,22.0
04,29,1984,20.5
04,30,1984,19.5
05,01,1984,22.5
05,02,1984,22.5
05,03,1984,23.0
05,04,1984,23.5
05,05,1984,24.0
05,06,1984,25.0
05,07,1984,25.0
05,08,1984,24.5
05,09,1984,21.0
05,10,1984,21.0
05,11,1984,19.0
05,12,1984,20.0
05,13,1984,20.0
05,14,1984,21.0
05,15,1984,21.5
05,16,1984,20.5
05,17,1984,22.5
05,18,1984,22.0
05,19,1984,22.0
05,20,1984,23.0
05,21,1984,23.0
05,22,1984,21.5
05,23,1984,23.0
05,24,1984,20.0
05,25,1984,21.5
05,26,1984,23.0
05,27,1984,22.0
05,28,1984,23.0
05,29,1984,21.0
05,30,1984,21.5
05,31,1984,20.5
06,01,1984,20.5
06,02,1984,20.0
06,03,1984,21.0
06,04,1984,20.5
06,05,1984,21.5
06,06,1984,21.5
06,07,1984,22.0
06,08,1984,21.5
06,09,1984,22.0
06,10,1984,20.0
06,11,1984,21.0
06,12,1984,21.0
06,13,1984,21.5
06,14,1984,20.0
06,15,1984,20.0
06,16,1984,21.5
06,17,1984,22.0
06,18,1984,22.0
06,19,1984,23.0
06,20,1984,22.0
06,21,1984,20.5
06,22,1984,21.0
06,23,1984,24.0
06,24,1984,23.5
06,25,1984,22.0
06,26,1984,22.0
06,27,1984,23.0
06,28,1984,24.5
06,29,1984,24.5
06,30,1984,23.0
07,01,1984,24.5
07,02,1984,20.0
07,03,1984,21.5
07,04,1984,21.5
07,05,1984,21.0
07,06,1984,20.0
07,07,1984,20.5
07,08,1984,21.0
07,09,1984,21.0
07,10,1984,20.5
07,11,1984,20.0
07,12,1984,20.0
07,13,1984,19.0
07,14,1984,20.0
07,15,1984,21.5
07,16,1984,22.0
07,17,1984,21.0
07,18,1984,21.0
07,19,1984,20.5
07,20,1984,20.0
07,21,1984,20.5
07,22,1984,20.0
07,23,1984,22.0
07,24,1984,21.0
07,25,1984,20.0
07,26,1984,20.5
07,27,1984,19.5
07,28,1984,21.0
07,29,1984,22.5
07,30,1984,21.5
07,31,1984,22.0
08,01,1984,22.0
08,02,1984,23.0
08,03,1984,23.0
08,04,1984,22.0
08,05,1984,20.0
08,06,1984,20.0
08,07,1984,22.0
08,08,1984,21.0
08,09,1984,21.0
08,10,1984,22.0
08,11,1984,22.0
08,12,1984,23.0
08,13,1984,20.0
08,14,1984,20.0
08,15,1984,21.0
08,16,1984,22.0
08,17,1984,22.0
08,18,1984,22.0
08,19,1984,20.0
08,20,1984,22.0
08,21,1984,21.0
08,22,1984,21.0
08,23,1984,20.0
08,24,1984,20.0
08,25,1984,20.0
08,26,1984,21.0
08,27,1984,20.0
08,28,1984,21.0
08,29,1984,22.0
08,30,1984,22.5
08,31,1984,21.5
09,01,1984,21.5
09,02,1984,21.0
09,03,1984,20.5
09,04,1984,19.5
09,05,1984,21.0
09,06,1984,22.0
09,07,1984,20.0
09,08,1984,19.0
09,09,1984,20.0
09,10,1984,20.0
09,11,1984,20.0
09,12,1984,17.0
09,13,1984,19.0
09,14,1984,18.0
09,15,1984,20.0
09,16,1984,20.0
09,17,1984,20.0
09,18,1984,20.5
09,19,1984,18.0
09,20,1984,19.0
09,21,1984,21.0
09,22,1984,19.0
09,23,1984,20.0
09,24,1984,20.0
09,25,1984,19.5
09,26,1984,19.0
09,27,1984,18.5
09,28,1984,18.5
09,29,1984,19.0
09,30,1984,18.0
10,01,1984,null
10,02,1984,null
10,03,1984,null
10,04,1984,null
10,05,1984,null
10,06,1984,null
10,07,1984,null
10,08,1984,null
10,09,1984,null
10,10,1984,null
10,11,1984,null
10,12,1984,null
10,13,1984,null
10,14,1984,null
10,15,1984,null
10,16,1984,null
10,17,1984,null
10,18,1984,null
10,19,1984,null
10,20,1984,null
10,21,1984,null
10,22,1984,null
10,23,1984,null
10,24,1984,null
10,25,1984,null
10,26,1984,null
10,27,1984,null
10,28,1984,null
10,29,1984,null
10,30,1984,null
10,31,1984,null
11,01,1984,19.0
11,02,1984,19.0
11,03,1984,18.0
11,04,1984,17.5
11,05,1984,19.0
11,06,1984,16.5
11,07,1984,16.0
11,08,1984,17.0
11,09,1984,17.0
11,10,1984,18.0
11,11,1984,18.5
11,12,1984,15.0
11,13,1984,17.0
11,14,1984,18.0
11,15,1984,18.0
11,16,1984,20.0
11,17,1984,16.0
11,18,1984,16.5
11,19,1984,16.0
11,20,1984,17.0
11,21,1984,15.0
11,22,1984,14.0
11,23,1984,13.0
11,24,1984,14.0
11,25,1984,15.0
11,26,1984,16.0
11,27,1984,16.5
11,28,1984,14.0
11,29,1984,14.0
11,30,1984,15.0
12,01,1984,19.5
12,02,1984,19.0
12,03,1984,18.0
12,04,1984,19.0
12,05,1984,18.0
12,06,1984,16.5
12,07,1984,14.0
12,08,1984,14.5
12,09,1984,13.0
12,10,1984,14.0
12,11,1984,13.5
12,12,1984,14.0
12,13,1984,15.0
12,14,1984,15.0
12,15,1984,17.5
12,16,1984,17.0
12,17,1984,19.0
12,18,1984,16.0
12,19,1984,16.5
12,20,1984,14.0
12,21,1984,14.0
12,22,1984,15.0
12,23,1984,17.0
12,24,1984,17.5
12,25,1984,15.0
12,26,1984,16.0
12,27,1984,15.0
12,28,1984,16.0
12,29,1984,16.0
12,30,1984,16.0
12,31,1984,18.5
