Id:,20212
Estación:,YUTAMA (CFE)-OAX
Posición:,16.8830555556N -97.6269444444W
Variable:,Temp Mínima (oC)
Fecha Inicial:,02/01/1960
Fecha Final:,05/01/1969
No Dato:,nan
Mes,Día,Anio,Datos
02,01,1960,2.0
02,02,1960,7.0
02,03,1960,10.0
02,04,1960,9.0
02,05,1960,4.0
02,06,1960,11.0
02,07,1960,4.0
02,08,1960,8.0
02,09,1960,9.0
02,10,1960,7.0
02,11,1960,7.0
02,12,1960,5.0
02,13,1960,10.0
02,14,1960,3.0
02,15,1960,8.0
02,16,1960,9.0
02,17,1960,7.0
02,18,1960,9.0
02,19,1960,5.0
02,20,1960,8.0
02,21,1960,10.0
02,22,1960,9.0
02,23,1960,8.0
02,24,1960,7.0
02,25,1960,7.0
02,26,1960,8.0
02,27,1960,9.0
02,28,1960,10.0
02,29,1960,10.0
03,01,1960,null
03,02,1960,null
03,03,1960,null
03,04,1960,null
03,05,1960,null
03,06,1960,null
03,07,1960,null
03,08,1960,null
03,09,1960,null
03,10,1960,null
03,11,1960,null
03,12,1960,null
03,13,1960,null
03,14,1960,null
03,15,1960,null
03,16,1960,null
03,17,1960,null
03,18,1960,null
03,19,1960,null
03,20,1960,null
03,21,1960,null
03,22,1960,null
03,23,1960,null
03,24,1960,null
03,25,1960,null
03,26,1960,null
03,27,1960,null
03,28,1960,null
03,29,1960,null
03,30,1960,null
03,31,1960,null
04,01,1960,null
04,02,1960,null
04,03,1960,null
04,04,1960,null
04,05,1960,null
04,06,1960,null
04,07,1960,null
04,08,1960,null
04,09,1960,null
04,10,1960,null
04,11,1960,null
04,12,1960,null
04,13,1960,null
04,14,1960,null
04,15,1960,null
04,16,1960,null
04,17,1960,null
04,18,1960,null
04,19,1960,null
04,20,1960,null
04,21,1960,null
04,22,1960,null
04,23,1960,null
04,24,1960,null
04,25,1960,null
04,26,1960,null
04,27,1960,null
04,28,1960,null
04,29,1960,null
04,30,1960,null
05,01,1960,null
05,02,1960,null
05,03,1960,null
05,04,1960,null
05,05,1960,null
05,06,1960,null
05,07,1960,null
05,08,1960,null
05,09,1960,null
05,10,1960,null
05,11,1960,null
05,12,1960,null
05,13,1960,null
05,14,1960,null
05,15,1960,null
05,16,1960,null
05,17,1960,null
05,18,1960,null
05,19,1960,null
05,20,1960,null
05,21,1960,null
05,22,1960,null
05,23,1960,null
05,24,1960,null
05,25,1960,null
05,26,1960,null
05,27,1960,null
05,28,1960,null
05,29,1960,null
05,30,1960,null
05,31,1960,null
06,01,1960,null
06,02,1960,null
06,03,1960,null
06,04,1960,null
06,05,1960,null
06,06,1960,null
06,07,1960,null
06,08,1960,null
06,09,1960,null
06,10,1960,null
06,11,1960,null
06,12,1960,null
06,13,1960,null
06,14,1960,null
06,15,1960,null
06,16,1960,null
06,17,1960,null
06,18,1960,null
06,19,1960,null
06,20,1960,null
06,21,1960,null
06,22,1960,null
06,23,1960,null
06,24,1960,null
06,25,1960,null
06,26,1960,null
06,27,1960,null
06,28,1960,null
06,29,1960,null
06,30,1960,null
07,01,1960,null
07,02,1960,null
07,03,1960,null
07,04,1960,null
07,05,1960,null
07,06,1960,null
07,07,1960,null
07,08,1960,null
07,09,1960,null
07,10,1960,null
07,11,1960,null
07,12,1960,null
07,13,1960,null
07,14,1960,null
07,15,1960,null
07,16,1960,null
07,17,1960,null
07,18,1960,null
07,19,1960,null
07,20,1960,null
07,21,1960,null
07,22,1960,null
07,23,1960,null
07,24,1960,null
07,25,1960,null
07,26,1960,null
07,27,1960,null
07,28,1960,null
07,29,1960,null
07,30,1960,null
07,31,1960,null
08,01,1960,null
08,02,1960,null
08,03,1960,null
08,04,1960,null
08,05,1960,null
08,06,1960,null
08,07,1960,null
08,08,1960,null
08,09,1960,null
08,10,1960,null
08,11,1960,null
08,12,1960,null
08,13,1960,null
08,14,1960,null
08,15,1960,null
08,16,1960,null
08,17,1960,null
08,18,1960,null
08,19,1960,null
08,20,1960,null
08,21,1960,null
08,22,1960,null
08,23,1960,null
08,24,1960,null
08,25,1960,null
08,26,1960,null
08,27,1960,null
08,28,1960,null
08,29,1960,null
08,30,1960,null
08,31,1960,null
09,01,1960,null
09,02,1960,null
09,03,1960,null
09,04,1960,null
09,05,1960,null
09,06,1960,null
09,07,1960,null
09,08,1960,null
09,09,1960,null
09,10,1960,null
09,11,1960,null
09,12,1960,null
09,13,1960,null
09,14,1960,null
09,15,1960,null
09,16,1960,null
09,17,1960,null
09,18,1960,null
09,19,1960,null
09,20,1960,null
09,21,1960,null
09,22,1960,null
09,23,1960,null
09,24,1960,null
09,25,1960,null
09,26,1960,null
09,27,1960,null
09,28,1960,null
09,29,1960,null
09,30,1960,null
10,01,1960,null
10,02,1960,null
10,03,1960,null
10,04,1960,null
10,05,1960,null
10,06,1960,null
10,07,1960,null
10,08,1960,null
10,09,1960,null
10,10,1960,null
10,11,1960,null
10,12,1960,null
10,13,1960,null
10,14,1960,null
10,15,1960,null
10,16,1960,null
10,17,1960,null
10,18,1960,null
10,19,1960,null
10,20,1960,null
10,21,1960,null
10,22,1960,null
10,23,1960,null
10,24,1960,null
10,25,1960,null
10,26,1960,null
10,27,1960,null
10,28,1960,null
10,29,1960,null
10,30,1960,null
10,31,1960,null
11,01,1960,null
11,02,1960,null
11,03,1960,null
11,04,1960,null
11,05,1960,null
11,06,1960,null
11,07,1960,null
11,08,1960,null
11,09,1960,null
11,10,1960,null
11,11,1960,null
11,12,1960,null
11,13,1960,null
11,14,1960,null
11,15,1960,null
11,16,1960,null
11,17,1960,null
11,18,1960,null
11,19,1960,null
11,20,1960,null
11,21,1960,null
11,22,1960,null
11,23,1960,null
11,24,1960,null
11,25,1960,null
11,26,1960,null
11,27,1960,null
11,28,1960,null
11,29,1960,null
11,30,1960,null
12,01,1960,null
12,02,1960,null
12,03,1960,null
12,04,1960,null
12,05,1960,null
12,06,1960,null
12,07,1960,null
12,08,1960,null
12,09,1960,null
12,10,1960,null
12,11,1960,null
12,12,1960,null
12,13,1960,null
12,14,1960,null
12,15,1960,null
12,16,1960,null
12,17,1960,null
12,18,1960,null
12,19,1960,null
12,20,1960,null
12,21,1960,null
12,22,1960,null
12,23,1960,null
12,24,1960,null
12,25,1960,null
12,26,1960,null
12,27,1960,null
12,28,1960,null
12,29,1960,null
12,30,1960,null
12,31,1960,null
01,01,1961,7.0
01,02,1961,6.0
01,03,1961,6.0
01,04,1961,8.0
01,05,1961,8.0
01,06,1961,9.0
01,07,1961,9.0
01,08,1961,9.0
01,09,1961,8.0
01,10,1961,8.0
01,11,1961,8.0
01,12,1961,9.0
01,13,1961,10.0
01,14,1961,8.0
01,15,1961,8.0
01,16,1961,9.0
01,17,1961,9.0
01,18,1961,8.0
01,19,1961,7.0
01,20,1961,7.0
01,21,1961,7.0
01,22,1961,8.0
01,23,1961,8.0
01,24,1961,8.0
01,25,1961,10.0
01,26,1961,8.0
01,27,1961,8.0
01,28,1961,8.0
01,29,1961,7.0
01,30,1961,8.0
01,31,1961,8.0
02,01,1961,7.0
02,02,1961,9.0
02,03,1961,10.0
02,04,1961,8.0
02,05,1961,8.0
02,06,1961,8.0
02,07,1961,8.0
02,08,1961,10.0
02,09,1961,8.0
02,10,1961,9.0
02,11,1961,9.0
02,12,1961,3.0
02,13,1961,4.0
02,14,1961,5.0
02,15,1961,6.0
02,16,1961,8.0
02,17,1961,6.0
02,18,1961,8.0
02,19,1961,8.0
02,20,1961,8.0
02,21,1961,10.0
02,22,1961,6.0
02,23,1961,8.0
02,24,1961,10.0
02,25,1961,8.0
02,26,1961,9.0
02,27,1961,8.0
02,28,1961,8.0
03,01,1961,8.0
03,02,1961,10.0
03,03,1961,9.0
03,04,1961,10.0
03,05,1961,12.0
03,06,1961,12.0
03,07,1961,10.0
03,08,1961,9.0
03,09,1961,8.0
03,10,1961,9.0
03,11,1961,9.0
03,12,1961,10.0
03,13,1961,10.0
03,14,1961,9.0
03,15,1961,11.0
03,16,1961,12.0
03,17,1961,11.0
03,18,1961,8.0
03,19,1961,10.0
03,20,1961,7.0
03,21,1961,12.0
03,22,1961,8.0
03,23,1961,9.0
03,24,1961,8.0
03,25,1961,10.0
03,26,1961,10.0
03,27,1961,10.0
03,28,1961,10.0
03,29,1961,10.0
03,30,1961,10.0
03,31,1961,12.0
04,01,1961,10.0
04,02,1961,10.0
04,03,1961,12.0
04,04,1961,9.0
04,05,1961,10.0
04,06,1961,11.0
04,07,1961,10.0
04,08,1961,10.0
04,09,1961,11.0
04,10,1961,9.0
04,11,1961,10.0
04,12,1961,11.0
04,13,1961,10.0
04,14,1961,10.0
04,15,1961,11.0
04,16,1961,10.0
04,17,1961,11.0
04,18,1961,12.0
04,19,1961,11.0
04,20,1961,11.0
04,21,1961,11.0
04,22,1961,11.0
04,23,1961,10.0
04,24,1961,10.0
04,25,1961,11.0
04,26,1961,9.0
04,27,1961,7.0
04,28,1961,11.0
04,29,1961,10.0
04,30,1961,10.0
05,01,1961,11.0
05,02,1961,10.0
05,03,1961,10.0
05,04,1961,11.0
05,05,1961,11.0
05,06,1961,10.0
05,07,1961,11.0
05,08,1961,10.0
05,09,1961,10.0
05,10,1961,9.0
05,11,1961,11.0
05,12,1961,10.0
05,13,1961,11.0
05,14,1961,11.0
05,15,1961,11.0
05,16,1961,10.0
05,17,1961,11.0
05,18,1961,10.0
05,19,1961,10.0
05,20,1961,10.0
05,21,1961,10.0
05,22,1961,10.0
05,23,1961,10.0
05,24,1961,12.0
05,25,1961,10.0
05,26,1961,10.0
05,27,1961,9.0
05,28,1961,10.0
05,29,1961,10.0
05,30,1961,10.0
05,31,1961,11.0
06,01,1961,9.0
06,02,1961,10.0
06,03,1961,11.0
06,04,1961,10.0
06,05,1961,10.0
06,06,1961,12.0
06,07,1961,13.0
06,08,1961,13.0
06,09,1961,12.0
06,10,1961,13.0
06,11,1961,12.0
06,12,1961,13.0
06,13,1961,13.0
06,14,1961,12.0
06,15,1961,13.0
06,16,1961,12.0
06,17,1961,13.0
06,18,1961,13.0
06,19,1961,13.0
06,20,1961,11.0
06,21,1961,11.0
06,22,1961,12.0
06,23,1961,13.0
06,24,1961,11.0
06,25,1961,12.0
06,26,1961,9.0
06,27,1961,12.0
06,28,1961,12.5
06,29,1961,10.0
06,30,1961,13.0
07,01,1961,11.0
07,02,1961,12.0
07,03,1961,11.0
07,04,1961,13.0
07,05,1961,13.0
07,06,1961,11.0
07,07,1961,10.0
07,08,1961,13.0
07,09,1961,11.0
07,10,1961,13.0
07,11,1961,12.0
07,12,1961,12.0
07,13,1961,12.0
07,14,1961,12.0
07,15,1961,12.0
07,16,1961,13.0
07,17,1961,12.0
07,18,1961,11.0
07,19,1961,10.0
07,20,1961,12.0
07,21,1961,11.0
07,22,1961,11.0
07,23,1961,11.0
07,24,1961,12.0
07,25,1961,13.0
07,26,1961,9.0
07,27,1961,10.0
07,28,1961,11.0
07,29,1961,11.0
07,30,1961,12.0
07,31,1961,11.0
08,01,1961,9.0
08,02,1961,10.0
08,03,1961,10.0
08,04,1961,10.0
08,05,1961,9.0
08,06,1961,9.0
08,07,1961,11.0
08,08,1961,11.0
08,09,1961,11.0
08,10,1961,11.0
08,11,1961,10.0
08,12,1961,9.0
08,13,1961,11.0
08,14,1961,11.0
08,15,1961,9.0
08,16,1961,10.0
08,17,1961,11.0
08,18,1961,11.0
08,19,1961,12.0
08,20,1961,10.0
08,21,1961,11.0
08,22,1961,10.0
08,23,1961,11.0
08,24,1961,11.0
08,25,1961,10.0
08,26,1961,9.0
08,27,1961,11.0
08,28,1961,10.0
08,29,1961,12.0
08,30,1961,13.0
08,31,1961,13.0
09,01,1961,13.0
09,02,1961,12.0
09,03,1961,13.0
09,04,1961,13.0
09,05,1961,13.0
09,06,1961,9.0
09,07,1961,10.0
09,08,1961,10.0
09,09,1961,12.0
09,10,1961,12.0
09,11,1961,13.0
09,12,1961,13.0
09,13,1961,11.0
09,14,1961,11.0
09,15,1961,13.0
09,16,1961,12.0
09,17,1961,12.0
09,18,1961,11.0
09,19,1961,11.0
09,20,1961,10.0
09,21,1961,11.0
09,22,1961,11.0
09,23,1961,10.0
09,24,1961,11.0
09,25,1961,11.0
09,26,1961,12.0
09,27,1961,11.0
09,28,1961,10.0
09,29,1961,10.0
09,30,1961,8.0
10,01,1961,8.0
10,02,1961,10.0
10,03,1961,11.0
10,04,1961,12.0
10,05,1961,11.0
10,06,1961,11.0
10,07,1961,10.0
10,08,1961,10.0
10,09,1961,9.0
10,10,1961,9.0
10,11,1961,9.0
10,12,1961,8.0
10,13,1961,8.0
10,14,1961,9.0
10,15,1961,9.0
10,16,1961,9.0
10,17,1961,9.0
10,18,1961,8.0
10,19,1961,8.0
10,20,1961,8.0
10,21,1961,13.0
10,22,1961,10.0
10,23,1961,11.0
10,24,1961,10.0
10,25,1961,11.0
10,26,1961,11.0
10,27,1961,8.0
10,28,1961,8.0
10,29,1961,8.0
10,30,1961,9.0
10,31,1961,10.0
11,01,1961,10.0
11,02,1961,10.0
11,03,1961,12.0
11,04,1961,11.0
11,05,1961,12.0
11,06,1961,13.0
11,07,1961,13.0
11,08,1961,13.0
11,09,1961,11.0
11,10,1961,10.0
11,11,1961,10.0
11,12,1961,11.0
11,13,1961,10.0
11,14,1961,9.0
11,15,1961,11.0
11,16,1961,11.0
11,17,1961,10.0
11,18,1961,8.0
11,19,1961,8.0
11,20,1961,9.0
11,21,1961,9.0
11,22,1961,8.0
11,23,1961,8.0
11,24,1961,8.0
11,25,1961,8.0
11,26,1961,8.0
11,27,1961,6.0
11,28,1961,7.0
11,29,1961,5.0
11,30,1961,7.0
12,01,1961,7.0
12,02,1961,5.0
12,03,1961,9.0
12,04,1961,10.0
12,05,1961,9.0
12,06,1961,8.0
12,07,1961,8.0
12,08,1961,8.0
12,09,1961,8.0
12,10,1961,7.0
12,11,1961,8.0
12,12,1961,9.0
12,13,1961,8.0
12,14,1961,10.0
12,15,1961,8.0
12,16,1961,8.0
12,17,1961,9.0
12,18,1961,10.0
12,19,1961,10.0
12,20,1961,10.0
12,21,1961,10.0
12,22,1961,12.0
12,23,1961,12.0
12,24,1961,11.0
12,25,1961,8.0
12,26,1961,8.0
12,27,1961,8.0
12,28,1961,10.0
12,29,1961,10.0
12,30,1961,8.0
12,31,1961,8.0
01,01,1962,10.0
01,02,1962,8.0
01,03,1962,8.0
01,04,1962,7.0
01,05,1962,4.0
01,06,1962,5.0
01,07,1962,8.0
01,08,1962,10.0
01,09,1962,5.0
01,10,1962,4.0
01,11,1962,7.0
01,12,1962,7.0
01,13,1962,11.0
01,14,1962,10.0
01,15,1962,10.0
01,16,1962,6.0
01,17,1962,5.0
01,18,1962,6.0
01,19,1962,7.0
01,20,1962,8.0
01,21,1962,8.0
01,22,1962,10.0
01,23,1962,10.0
01,24,1962,10.0
01,25,1962,8.0
01,26,1962,11.0
01,27,1962,6.0
01,28,1962,8.0
01,29,1962,6.0
01,30,1962,7.0
01,31,1962,7.0
02,01,1962,8.0
02,02,1962,8.0
02,03,1962,9.0
02,04,1962,11.0
02,05,1962,10.0
02,06,1962,10.0
02,07,1962,10.0
02,08,1962,10.0
02,09,1962,12.0
02,10,1962,9.0
02,11,1962,10.0
02,12,1962,10.0
02,13,1962,10.0
02,14,1962,7.0
02,15,1962,8.0
02,16,1962,8.0
02,17,1962,10.0
02,18,1962,10.0
02,19,1962,11.0
02,20,1962,10.0
02,21,1962,10.0
02,22,1962,11.0
02,23,1962,10.0
02,24,1962,10.0
02,25,1962,9.0
02,26,1962,9.0
02,27,1962,8.0
02,28,1962,10.0
03,01,1962,10.0
03,02,1962,9.0
03,03,1962,9.0
03,04,1962,10.0
03,05,1962,8.0
03,06,1962,8.0
03,07,1962,9.0
03,08,1962,8.0
03,09,1962,9.0
03,10,1962,7.0
03,11,1962,7.0
03,12,1962,8.0
03,13,1962,9.0
03,14,1962,10.0
03,15,1962,10.0
03,16,1962,11.0
03,17,1962,7.0
03,18,1962,10.0
03,19,1962,10.0
03,20,1962,9.0
03,21,1962,10.0
03,22,1962,10.0
03,23,1962,11.0
03,24,1962,8.0
03,25,1962,10.0
03,26,1962,11.0
03,27,1962,10.0
03,28,1962,8.0
03,29,1962,9.0
03,30,1962,11.0
03,31,1962,10.0
04,01,1962,9.0
04,02,1962,10.0
04,03,1962,10.0
04,04,1962,10.0
04,05,1962,10.0
04,06,1962,10.0
04,07,1962,9.0
04,08,1962,10.0
04,09,1962,9.0
04,10,1962,10.0
04,11,1962,8.0
04,12,1962,10.0
04,13,1962,10.0
04,14,1962,10.0
04,15,1962,11.0
04,16,1962,9.0
04,17,1962,13.0
04,18,1962,12.0
04,19,1962,12.0
04,20,1962,11.0
04,21,1962,10.0
04,22,1962,9.0
04,23,1962,9.0
04,24,1962,13.0
04,25,1962,13.0
04,26,1962,11.0
04,27,1962,10.0
04,28,1962,9.0
04,29,1962,8.0
04,30,1962,8.0
05,01,1962,9.0
05,02,1962,13.0
05,03,1962,9.0
05,04,1962,11.0
05,05,1962,10.0
05,06,1962,11.0
05,07,1962,10.0
05,08,1962,10.0
05,09,1962,10.0
05,10,1962,11.0
05,11,1962,12.0
05,12,1962,10.0
05,13,1962,11.0
05,14,1962,13.0
05,15,1962,13.0
05,16,1962,13.0
05,17,1962,13.0
05,18,1962,11.0
05,19,1962,11.0
05,20,1962,11.0
05,21,1962,11.0
05,22,1962,13.0
05,23,1962,11.0
05,24,1962,12.0
05,25,1962,12.0
05,26,1962,10.0
05,27,1962,13.0
05,28,1962,13.0
05,29,1962,13.0
05,30,1962,13.0
05,31,1962,12.0
06,01,1962,12.0
06,02,1962,14.0
06,03,1962,13.0
06,04,1962,13.0
06,05,1962,11.0
06,06,1962,12.0
06,07,1962,13.0
06,08,1962,12.0
06,09,1962,12.0
06,10,1962,12.0
06,11,1962,10.0
06,12,1962,9.0
06,13,1962,12.0
06,14,1962,13.0
06,15,1962,11.0
06,16,1962,12.0
06,17,1962,11.5
06,18,1962,12.0
06,19,1962,12.5
06,20,1962,12.5
06,21,1962,13.0
06,22,1962,10.5
06,23,1962,14.0
06,24,1962,12.0
06,25,1962,13.5
06,26,1962,13.0
06,27,1962,11.0
06,28,1962,10.0
06,29,1962,10.0
06,30,1962,11.0
07,01,1962,11.5
07,02,1962,13.5
07,03,1962,12.5
07,04,1962,13.0
07,05,1962,10.5
07,06,1962,10.0
07,07,1962,10.0
07,08,1962,11.5
07,09,1962,12.0
07,10,1962,10.0
07,11,1962,10.0
07,12,1962,11.5
07,13,1962,11.0
07,14,1962,12.0
07,15,1962,11.0
07,16,1962,10.0
07,17,1962,10.5
07,18,1962,11.5
07,19,1962,10.0
07,20,1962,9.5
07,21,1962,8.0
07,22,1962,10.0
07,23,1962,9.0
07,24,1962,10.0
07,25,1962,12.0
07,26,1962,13.5
07,27,1962,10.5
07,28,1962,10.0
07,29,1962,11.0
07,30,1962,12.0
07,31,1962,10.0
08,01,1962,10.0
08,02,1962,11.0
08,03,1962,11.5
08,04,1962,10.5
08,05,1962,12.5
08,06,1962,11.5
08,07,1962,10.0
08,08,1962,8.5
08,09,1962,10.5
08,10,1962,10.0
08,11,1962,11.5
08,12,1962,12.5
08,13,1962,11.5
08,14,1962,10.5
08,15,1962,9.5
08,16,1962,12.5
08,17,1962,12.0
08,18,1962,9.5
08,19,1962,11.0
08,20,1962,10.0
08,21,1962,13.0
08,22,1962,11.0
08,23,1962,11.0
08,24,1962,12.0
08,25,1962,14.0
08,26,1962,11.0
08,27,1962,14.5
08,28,1962,13.0
08,29,1962,11.0
08,30,1962,14.0
08,31,1962,13.5
09,01,1962,14.0
09,02,1962,14.0
09,03,1962,12.0
09,04,1962,10.5
09,05,1962,13.0
09,06,1962,14.0
09,07,1962,13.0
09,08,1962,12.0
09,09,1962,11.0
09,10,1962,12.0
09,11,1962,11.0
09,12,1962,13.0
09,13,1962,13.0
09,14,1962,12.0
09,15,1962,13.0
09,16,1962,14.0
09,17,1962,12.5
09,18,1962,13.0
09,19,1962,14.0
09,20,1962,13.0
09,21,1962,12.0
09,22,1962,11.0
09,23,1962,12.0
09,24,1962,12.0
09,25,1962,12.0
09,26,1962,11.0
09,27,1962,11.0
09,28,1962,11.5
09,29,1962,10.0
09,30,1962,12.0
10,01,1962,13.0
10,02,1962,12.0
10,03,1962,12.0
10,04,1962,11.5
10,05,1962,11.0
10,06,1962,11.0
10,07,1962,13.0
10,08,1962,11.5
10,09,1962,10.5
10,10,1962,10.0
10,11,1962,10.0
10,12,1962,11.0
10,13,1962,9.0
10,14,1962,10.0
10,15,1962,12.0
10,16,1962,10.0
10,17,1962,9.5
10,18,1962,9.5
10,19,1962,10.0
10,20,1962,10.0
10,21,1962,10.0
10,22,1962,12.0
10,23,1962,9.0
10,24,1962,8.0
10,25,1962,9.0
10,26,1962,7.0
10,27,1962,10.0
10,28,1962,9.0
10,29,1962,9.0
10,30,1962,8.0
10,31,1962,8.0
11,01,1962,9.5
11,02,1962,9.0
11,03,1962,10.0
11,04,1962,11.0
11,05,1962,9.0
11,06,1962,7.5
11,07,1962,7.0
11,08,1962,8.0
11,09,1962,8.5
11,10,1962,7.0
11,11,1962,8.0
11,12,1962,6.0
11,13,1962,5.5
11,14,1962,2.0
11,15,1962,2.5
11,16,1962,2.5
11,17,1962,3.5
11,18,1962,3.0
11,19,1962,4.5
11,20,1962,5.5
11,21,1962,7.0
11,22,1962,7.5
11,23,1962,7.0
11,24,1962,7.0
11,25,1962,11.0
11,26,1962,9.0
11,27,1962,8.0
11,28,1962,6.0
11,29,1962,7.0
11,30,1962,6.0
12,01,1962,13.0
12,02,1962,10.0
12,03,1962,7.0
12,04,1962,7.0
12,05,1962,7.0
12,06,1962,7.0
12,07,1962,8.5
12,08,1962,8.0
12,09,1962,7.5
12,10,1962,7.0
12,11,1962,6.0
12,12,1962,9.0
12,13,1962,7.0
12,14,1962,6.0
12,15,1962,6.5
12,16,1962,6.5
12,17,1962,7.0
12,18,1962,6.0
12,19,1962,9.0
12,20,1962,7.0
12,21,1962,7.0
12,22,1962,8.0
12,23,1962,8.0
12,24,1962,7.0
12,25,1962,6.5
12,26,1962,6.5
12,27,1962,7.0
12,28,1962,7.5
12,29,1962,7.0
12,30,1962,8.0
12,31,1962,4.0
01,01,1963,5.0
01,02,1963,5.0
01,03,1963,5.5
01,04,1963,5.5
01,05,1963,6.0
01,06,1963,5.5
01,07,1963,5.0
01,08,1963,6.0
01,09,1963,7.0
01,10,1963,8.0
01,11,1963,6.0
01,12,1963,5.5
01,13,1963,5.0
01,14,1963,5.5
01,15,1963,4.5
01,16,1963,4.0
01,17,1963,5.0
01,18,1963,6.0
01,19,1963,5.5
01,20,1963,6.0
01,21,1963,6.0
01,22,1963,7.0
01,23,1963,7.0
01,24,1963,7.0
01,25,1963,6.5
01,26,1963,6.0
01,27,1963,6.0
01,28,1963,3.0
01,29,1963,4.5
01,30,1963,5.5
01,31,1963,4.0
02,01,1963,6.0
02,02,1963,6.5
02,03,1963,6.0
02,04,1963,3.0
02,05,1963,4.0
02,06,1963,2.5
02,07,1963,3.0
02,08,1963,4.0
02,09,1963,6.0
02,10,1963,5.0
02,11,1963,4.0
02,12,1963,5.0
02,13,1963,0.0
02,14,1963,1.0
02,15,1963,0.0
02,16,1963,1.0
02,17,1963,1.5
02,18,1963,1.5
02,19,1963,3.0
02,20,1963,3.0
02,21,1963,5.0
02,22,1963,6.0
02,23,1963,6.0
02,24,1963,5.5
02,25,1963,5.5
02,26,1963,6.0
02,27,1963,7.0
02,28,1963,5.5
03,01,1963,9.0
03,02,1963,8.0
03,03,1963,10.0
03,04,1963,8.0
03,05,1963,6.0
03,06,1963,11.5
03,07,1963,10.0
03,08,1963,9.0
03,09,1963,9.5
03,10,1963,8.0
03,11,1963,8.5
03,12,1963,8.0
03,13,1963,8.0
03,14,1963,9.0
03,15,1963,11.0
03,16,1963,9.5
03,17,1963,7.5
03,18,1963,8.5
03,19,1963,8.0
03,20,1963,8.5
03,21,1963,9.0
03,22,1963,8.0
03,23,1963,10.0
03,24,1963,7.0
03,25,1963,8.0
03,26,1963,8.0
03,27,1963,5.5
03,28,1963,5.0
03,29,1963,7.0
03,30,1963,7.0
03,31,1963,9.0
04,01,1963,8.0
04,02,1963,9.5
04,03,1963,10.0
04,04,1963,9.5
04,05,1963,9.5
04,06,1963,9.5
04,07,1963,11.5
04,08,1963,9.0
04,09,1963,10.0
04,10,1963,10.0
04,11,1963,9.0
04,12,1963,8.5
04,13,1963,10.5
04,14,1963,9.0
04,15,1963,8.5
04,16,1963,9.5
04,17,1963,9.0
04,18,1963,9.0
04,19,1963,9.5
04,20,1963,12.0
04,21,1963,8.0
04,22,1963,10.0
04,23,1963,10.5
04,24,1963,12.0
04,25,1963,11.5
04,26,1963,9.5
04,27,1963,11.5
04,28,1963,10.0
04,29,1963,9.0
04,30,1963,10.0
05,01,1963,10.0
05,02,1963,8.0
05,03,1963,13.0
05,04,1963,13.5
05,05,1963,11.5
05,06,1963,12.0
05,07,1963,13.0
05,08,1963,12.0
05,09,1963,11.5
05,10,1963,11.5
05,11,1963,11.0
05,12,1963,12.0
05,13,1963,12.0
05,14,1963,12.5
05,15,1963,10.0
05,16,1963,11.0
05,17,1963,11.5
05,18,1963,10.0
05,19,1963,12.0
05,20,1963,11.5
05,21,1963,10.5
05,22,1963,10.0
05,23,1963,10.5
05,24,1963,10.5
05,25,1963,11.5
05,26,1963,11.5
05,27,1963,11.5
05,28,1963,12.5
05,29,1963,10.5
05,30,1963,12.0
05,31,1963,11.0
06,01,1963,12.0
06,02,1963,13.5
06,03,1963,11.5
06,04,1963,11.5
06,05,1963,13.0
06,06,1963,11.5
06,07,1963,12.5
06,08,1963,15.5
06,09,1963,14.0
06,10,1963,13.0
06,11,1963,15.5
06,12,1963,12.0
06,13,1963,11.0
06,14,1963,11.5
06,15,1963,12.0
06,16,1963,16.0
06,17,1963,13.0
06,18,1963,15.0
06,19,1963,15.0
06,20,1963,15.5
06,21,1963,13.0
06,22,1963,12.0
06,23,1963,12.5
06,24,1963,13.0
06,25,1963,11.5
06,26,1963,12.5
06,27,1963,12.0
06,28,1963,13.0
06,29,1963,12.5
06,30,1963,14.0
07,01,1963,15.5
07,02,1963,14.5
07,03,1963,15.0
07,04,1963,14.0
07,05,1963,15.0
07,06,1963,11.5
07,07,1963,13.0
07,08,1963,12.0
07,09,1963,12.5
07,10,1963,11.5
07,11,1963,11.0
07,12,1963,13.0
07,13,1963,13.0
07,14,1963,13.0
07,15,1963,12.0
07,16,1963,13.5
07,17,1963,13.0
07,18,1963,13.0
07,19,1963,14.0
07,20,1963,14.5
07,21,1963,11.5
07,22,1963,14.5
07,23,1963,12.5
07,24,1963,15.0
07,25,1963,14.5
07,26,1963,11.5
07,27,1963,11.0
07,28,1963,11.0
07,29,1963,12.5
07,30,1963,12.0
07,31,1963,10.5
08,01,1963,11.5
08,02,1963,12.0
08,03,1963,12.5
08,04,1963,13.0
08,05,1963,12.0
08,06,1963,12.5
08,07,1963,11.5
08,08,1963,11.5
08,09,1963,14.5
08,10,1963,13.0
08,11,1963,12.0
08,12,1963,12.5
08,13,1963,12.0
08,14,1963,11.0
08,15,1963,11.5
08,16,1963,11.5
08,17,1963,11.0
08,18,1963,11.9
08,19,1963,12.0
08,20,1963,13.0
08,21,1963,13.0
08,22,1963,11.5
08,23,1963,12.0
08,24,1963,12.5
08,25,1963,13.0
08,26,1963,12.0
08,27,1963,13.5
08,28,1963,11.0
08,29,1963,12.0
08,30,1963,12.5
08,31,1963,10.5
09,01,1963,11.5
09,02,1963,11.0
09,03,1963,13.0
09,04,1963,11.5
09,05,1963,13.5
09,06,1963,11.5
09,07,1963,12.0
09,08,1963,15.5
09,09,1963,12.5
09,10,1963,14.5
09,11,1963,13.5
09,12,1963,13.0
09,13,1963,13.5
09,14,1963,12.0
09,15,1963,13.5
09,16,1963,13.0
09,17,1963,12.5
09,18,1963,12.0
09,19,1963,11.5
09,20,1963,11.5
09,21,1963,12.5
09,22,1963,14.5
09,23,1963,14.5
09,24,1963,14.0
09,25,1963,11.5
09,26,1963,13.0
09,27,1963,14.5
09,28,1963,14.5
09,29,1963,12.5
09,30,1963,12.5
10,01,1963,10.5
10,02,1963,10.0
10,03,1963,11.0
10,04,1963,10.5
10,05,1963,11.0
10,06,1963,11.0
10,07,1963,11.5
10,08,1963,13.0
10,09,1963,9.0
10,10,1963,12.5
10,11,1963,12.0
10,12,1963,7.0
10,13,1963,11.5
10,14,1963,8.0
10,15,1963,7.5
10,16,1963,7.0
10,17,1963,7.0
10,18,1963,7.5
10,19,1963,8.0
10,20,1963,8.5
10,21,1963,9.5
10,22,1963,7.0
10,23,1963,7.0
10,24,1963,8.0
10,25,1963,9.5
10,26,1963,11.5
10,27,1963,14.0
10,28,1963,14.0
10,29,1963,10.0
10,30,1963,8.0
10,31,1963,8.5
11,01,1963,13.0
11,02,1963,11.5
11,03,1963,12.0
11,04,1963,8.0
11,05,1963,10.0
11,06,1963,10.5
11,07,1963,10.5
11,08,1963,11.0
11,09,1963,10.0
11,10,1963,11.5
11,11,1963,12.0
11,12,1963,11.0
11,13,1963,8.5
11,14,1963,6.0
11,15,1963,7.5
11,16,1963,3.0
11,17,1963,6.5
11,18,1963,3.5
11,19,1963,5.5
11,20,1963,4.5
11,21,1963,5.5
11,22,1963,6.0
11,23,1963,5.0
11,24,1963,6.0
11,25,1963,8.5
11,26,1963,8.0
11,27,1963,7.5
11,28,1963,6.0
11,29,1963,6.5
11,30,1963,5.0
12,01,1963,7.5
12,02,1963,4.0
12,03,1963,7.0
12,04,1963,9.0
12,05,1963,6.0
12,06,1963,5.0
12,07,1963,6.0
12,08,1963,6.0
12,09,1963,5.0
12,10,1963,6.0
12,11,1963,7.0
12,12,1963,8.0
12,13,1963,7.0
12,14,1963,4.0
12,15,1963,6.0
12,16,1963,5.0
12,17,1963,6.0
12,18,1963,6.0
12,19,1963,5.0
12,20,1963,7.0
12,21,1963,9.0
12,22,1963,7.0
12,23,1963,6.0
12,24,1963,5.0
12,25,1963,4.0
12,26,1963,5.0
12,27,1963,4.0
12,28,1963,6.0
12,29,1963,4.0
12,30,1963,5.0
12,31,1963,4.0
01,01,1964,5.5
01,02,1964,5.0
01,03,1964,6.5
01,04,1964,6.0
01,05,1964,6.0
01,06,1964,7.0
01,07,1964,6.0
01,08,1964,7.5
01,09,1964,7.0
01,10,1964,4.5
01,11,1964,6.0
01,12,1964,9.0
01,13,1964,9.0
01,14,1964,5.5
01,15,1964,7.0
01,16,1964,5.0
01,17,1964,8.0
01,18,1964,6.5
01,19,1964,9.5
01,20,1964,9.5
01,21,1964,8.0
01,22,1964,7.0
01,23,1964,10.0
01,24,1964,9.0
01,25,1964,8.0
01,26,1964,10.5
01,27,1964,9.5
01,28,1964,5.0
01,29,1964,6.0
01,30,1964,7.0
01,31,1964,6.5
02,01,1964,8.0
02,02,1964,7.0
02,03,1964,7.0
02,04,1964,8.0
02,05,1964,9.0
02,06,1964,10.0
02,07,1964,8.0
02,08,1964,8.0
02,09,1964,11.0
02,10,1964,11.0
02,11,1964,11.0
02,12,1964,11.0
02,13,1964,12.0
02,14,1964,12.0
02,15,1964,12.0
02,16,1964,12.0
02,17,1964,12.0
02,18,1964,10.0
02,19,1964,10.0
02,20,1964,8.0
02,21,1964,8.0
02,22,1964,8.0
02,23,1964,8.0
02,24,1964,8.0
02,25,1964,10.0
02,26,1964,9.0
02,27,1964,9.0
02,28,1964,11.0
02,29,1964,8.0
03,01,1964,11.0
03,02,1964,8.0
03,03,1964,11.5
03,04,1964,9.5
03,05,1964,11.5
03,06,1964,11.5
03,07,1964,9.5
03,08,1964,9.5
03,09,1964,9.0
03,10,1964,11.5
03,11,1964,11.0
03,12,1964,11.0
03,13,1964,8.5
03,14,1964,7.5
03,15,1964,7.5
03,16,1964,7.5
03,17,1964,6.5
03,18,1964,8.0
03,19,1964,7.0
03,20,1964,6.0
03,21,1964,7.5
03,22,1964,8.5
03,23,1964,8.5
03,24,1964,9.0
03,25,1964,7.5
03,26,1964,6.0
03,27,1964,6.5
03,28,1964,7.5
03,29,1964,8.5
03,30,1964,7.0
03,31,1964,8.5
04,01,1964,10.5
04,02,1964,9.5
04,03,1964,9.0
04,04,1964,8.5
04,05,1964,11.0
04,06,1964,9.5
04,07,1964,10.5
04,08,1964,11.0
04,09,1964,10.0
04,10,1964,9.0
04,11,1964,10.0
04,12,1964,9.5
04,13,1964,8.5
04,14,1964,10.0
04,15,1964,10.0
04,16,1964,10.5
04,17,1964,9.0
04,18,1964,9.0
04,19,1964,8.5
04,20,1964,8.5
04,21,1964,9.0
04,22,1964,9.0
04,23,1964,10.0
04,24,1964,11.0
04,25,1964,9.5
04,26,1964,10.5
04,27,1964,9.0
04,28,1964,10.5
04,29,1964,10.0
04,30,1964,11.5
05,01,1964,11.5
05,02,1964,10.5
05,03,1964,10.5
05,04,1964,10.0
05,05,1964,11.5
05,06,1964,9.5
05,07,1964,10.5
05,08,1964,11.0
05,09,1964,10.5
05,10,1964,10.0
05,11,1964,10.5
05,12,1964,10.5
05,13,1964,11.0
05,14,1964,10.0
05,15,1964,8.5
05,16,1964,10.5
05,17,1964,11.0
05,18,1964,10.5
05,19,1964,11.5
05,20,1964,10.5
05,21,1964,11.5
05,22,1964,10.0
05,23,1964,8.5
05,24,1964,11.0
05,25,1964,11.0
05,26,1964,11.5
05,27,1964,11.5
05,28,1964,14.5
05,29,1964,12.5
05,30,1964,12.0
05,31,1964,13.5
06,01,1964,11.5
06,02,1964,12.0
06,03,1964,12.0
06,04,1964,12.5
06,05,1964,12.0
06,06,1964,11.5
06,07,1964,12.0
06,08,1964,10.5
06,09,1964,12.0
06,10,1964,12.5
06,11,1964,14.5
06,12,1964,15.0
06,13,1964,13.5
06,14,1964,12.5
06,15,1964,12.5
06,16,1964,11.0
06,17,1964,11.5
06,18,1964,12.0
06,19,1964,11.0
06,20,1964,11.5
06,21,1964,11.5
06,22,1964,12.0
06,23,1964,13.0
06,24,1964,13.5
06,25,1964,12.0
06,26,1964,12.5
06,27,1964,14.5
06,28,1964,12.5
06,29,1964,12.0
06,30,1964,13.0
07,01,1964,12.5
07,02,1964,11.5
07,03,1964,11.5
07,04,1964,12.5
07,05,1964,12.0
07,06,1964,11.5
07,07,1964,11.5
07,08,1964,12.0
07,09,1964,11.5
07,10,1964,12.0
07,11,1964,12.0
07,12,1964,12.5
07,13,1964,12.0
07,14,1964,12.0
07,15,1964,11.5
07,16,1964,11.0
07,17,1964,11.5
07,18,1964,14.5
07,19,1964,13.5
07,20,1964,11.5
07,21,1964,11.0
07,22,1964,10.5
07,23,1964,10.5
07,24,1964,12.0
07,25,1964,10.5
07,26,1964,12.0
07,27,1964,11.5
07,28,1964,11.0
07,29,1964,10.5
07,30,1964,10.0
07,31,1964,11.5
08,01,1964,11.5
08,02,1964,9.5
08,03,1964,10.0
08,04,1964,11.5
08,05,1964,11.0
08,06,1964,9.5
08,07,1964,10.5
08,08,1964,11.0
08,09,1964,11.5
08,10,1964,9.5
08,11,1964,12.0
08,12,1964,14.0
08,13,1964,15.0
08,14,1964,11.5
08,15,1964,12.5
08,16,1964,13.5
08,17,1964,14.0
08,18,1964,10.0
08,19,1964,11.0
08,20,1964,10.5
08,21,1964,10.0
08,22,1964,10.5
08,23,1964,12.0
08,24,1964,11.5
08,25,1964,11.5
08,26,1964,8.5
08,27,1964,11.5
08,28,1964,10.5
08,29,1964,12.0
08,30,1964,12.0
08,31,1964,11.5
09,01,1964,11.0
09,02,1964,13.0
09,03,1964,14.0
09,04,1964,14.0
09,05,1964,13.0
09,06,1964,14.5
09,07,1964,14.0
09,08,1964,13.5
09,09,1964,12.5
09,10,1964,12.5
09,11,1964,13.5
09,12,1964,12.5
09,13,1964,14.0
09,14,1964,13.5
09,15,1964,11.5
09,16,1964,13.0
09,17,1964,12.0
09,18,1964,13.5
09,19,1964,12.0
09,20,1964,12.5
09,21,1964,11.5
09,22,1964,13.5
09,23,1964,12.0
09,24,1964,12.5
09,25,1964,13.5
09,26,1964,14.5
09,27,1964,11.5
09,28,1964,12.5
09,29,1964,11.5
09,30,1964,12.5
10,01,1964,13.0
10,02,1964,13.5
10,03,1964,12.5
10,04,1964,13.0
10,05,1964,13.0
10,06,1964,8.0
10,07,1964,9.0
10,08,1964,7.0
10,09,1964,10.0
10,10,1964,9.0
10,11,1964,7.0
10,12,1964,6.0
10,13,1964,7.0
10,14,1964,8.0
10,15,1964,9.0
10,16,1964,8.5
10,17,1964,10.0
10,18,1964,10.0
10,19,1964,8.5
10,20,1964,9.5
10,21,1964,8.5
10,22,1964,5.5
10,23,1964,6.5
10,24,1964,5.0
10,25,1964,7.5
10,26,1964,7.5
10,27,1964,8.5
10,28,1964,9.0
10,29,1964,6.5
10,30,1964,5.5
10,31,1964,5.0
11,01,1964,6.0
11,02,1964,6.0
11,03,1964,6.0
11,04,1964,7.0
11,05,1964,5.5
11,06,1964,5.0
11,07,1964,6.0
11,08,1964,4.5
11,09,1964,5.5
11,10,1964,5.0
11,11,1964,4.0
11,12,1964,4.5
11,13,1964,5.5
11,14,1964,7.5
11,15,1964,5.5
11,16,1964,5.0
11,17,1964,4.5
11,18,1964,8.0
11,19,1964,9.5
11,20,1964,10.0
11,21,1964,8.5
11,22,1964,6.0
11,23,1964,5.5
11,24,1964,7.0
11,25,1964,8.0
11,26,1964,8.0
11,27,1964,8.5
11,28,1964,9.0
11,29,1964,11.5
11,30,1964,8.0
12,01,1964,8.5
12,02,1964,5.5
12,03,1964,6.5
12,04,1964,8.0
12,05,1964,4.5
12,06,1964,8.0
12,07,1964,5.0
12,08,1964,7.5
12,09,1964,5.5
12,10,1964,6.0
12,11,1964,4.5
12,12,1964,5.0
12,13,1964,7.0
12,14,1964,6.0
12,15,1964,8.5
12,16,1964,5.0
12,17,1964,7.0
12,18,1964,6.5
12,19,1964,6.0
12,20,1964,4.0
12,21,1964,5.0
12,22,1964,5.0
12,23,1964,4.5
12,24,1964,7.0
12,25,1964,7.0
12,26,1964,4.0
12,27,1964,5.5
12,28,1964,4.5
12,29,1964,6.0
12,30,1964,4.5
12,31,1964,5.0
01,01,1965,3.5
01,02,1965,6.0
01,03,1965,4.5
01,04,1965,5.5
01,05,1965,5.0
01,06,1965,6.0
01,07,1965,6.5
01,08,1965,6.0
01,09,1965,4.5
01,10,1965,5.5
01,11,1965,1.0
01,12,1965,3.0
01,13,1965,4.0
01,14,1965,5.5
01,15,1965,2.0
01,16,1965,5.0
01,17,1965,1.0
01,18,1965,0.5
01,19,1965,0.5
01,20,1965,4.0
01,21,1965,5.5
01,22,1965,6.5
01,23,1965,6.0
01,24,1965,6.5
01,25,1965,5.0
01,26,1965,6.0
01,27,1965,5.0
01,28,1965,7.0
01,29,1965,7.0
01,30,1965,5.5
01,31,1965,5.0
02,01,1965,6.0
02,02,1965,5.0
02,03,1965,7.0
02,04,1965,5.5
02,05,1965,6.5
02,06,1965,6.5
02,07,1965,4.0
02,08,1965,5.5
02,09,1965,6.0
02,10,1965,2.0
02,11,1965,3.0
02,12,1965,4.0
02,13,1965,4.5
02,14,1965,4.5
02,15,1965,3.0
02,16,1965,5.0
02,17,1965,4.0
02,18,1965,6.0
02,19,1965,6.0
02,20,1965,8.0
02,21,1965,9.5
02,22,1965,8.0
02,23,1965,4.0
02,24,1965,0.1
02,25,1965,3.5
02,26,1965,1.0
02,27,1965,4.0
02,28,1965,2.0
03,01,1965,3.5
03,02,1965,2.5
03,03,1965,0.3
03,04,1965,0.1
03,05,1965,1.0
03,06,1965,5.5
03,07,1965,5.0
03,08,1965,4.5
03,09,1965,3.0
03,10,1965,5.0
03,11,1965,6.5
03,12,1965,5.5
03,13,1965,6.0
03,14,1965,5.5
03,15,1965,6.5
03,16,1965,7.0
03,17,1965,6.5
03,18,1965,7.0
03,19,1965,6.5
03,20,1965,7.0
03,21,1965,7.0
03,22,1965,6.5
03,23,1965,7.5
03,24,1965,7.0
03,25,1965,6.0
03,26,1965,7.0
03,27,1965,8.5
03,28,1965,9.5
03,29,1965,10.0
03,30,1965,11.0
03,31,1965,11.0
04,01,1965,10.0
04,02,1965,9.0
04,03,1965,8.5
04,04,1965,10.0
04,05,1965,9.5
04,06,1965,10.5
04,07,1965,11.0
04,08,1965,10.5
04,09,1965,11.0
04,10,1965,9.5
04,11,1965,11.0
04,12,1965,11.5
04,13,1965,8.5
04,14,1965,8.0
04,15,1965,8.0
04,16,1965,8.5
04,17,1965,10.0
04,18,1965,9.5
04,19,1965,9.0
04,20,1965,9.0
04,21,1965,10.0
04,22,1965,6.0
04,23,1965,8.5
04,24,1965,9.5
04,25,1965,10.5
04,26,1965,10.0
04,27,1965,9.5
04,28,1965,10.0
04,29,1965,8.0
04,30,1965,8.5
05,01,1965,9.5
05,02,1965,8.5
05,03,1965,8.0
05,04,1965,9.5
05,05,1965,9.5
05,06,1965,7.0
05,07,1965,8.5
05,08,1965,9.5
05,09,1965,10.0
05,10,1965,10.5
05,11,1965,11.0
05,12,1965,10.5
05,13,1965,11.0
05,14,1965,12.0
05,15,1965,12.0
05,16,1965,12.0
05,17,1965,11.0
05,18,1965,12.0
05,19,1965,13.0
05,20,1965,12.5
05,21,1965,11.5
05,22,1965,10.5
05,23,1965,12.0
05,24,1965,11.5
05,25,1965,12.0
05,26,1965,12.5
05,27,1965,11.0
05,28,1965,12.0
05,29,1965,11.5
05,30,1965,12.5
05,31,1965,11.5
06,01,1965,13.5
06,02,1965,12.5
06,03,1965,12.0
06,04,1965,11.5
06,05,1965,13.0
06,06,1965,13.0
06,07,1965,12.5
06,08,1965,13.0
06,09,1965,13.5
06,10,1965,12.5
06,11,1965,13.0
06,12,1965,13.5
06,13,1965,14.0
06,14,1965,12.5
06,15,1965,13.0
06,16,1965,12.0
06,17,1965,14.5
06,18,1965,12.5
06,19,1965,13.5
06,20,1965,13.0
06,21,1965,13.5
06,22,1965,13.5
06,23,1965,12.0
06,24,1965,12.0
06,25,1965,14.0
06,26,1965,13.0
06,27,1965,12.5
06,28,1965,13.0
06,29,1965,12.5
06,30,1965,11.0
07,01,1965,10.5
07,02,1965,11.5
07,03,1965,12.0
07,04,1965,11.5
07,05,1965,11.5
07,06,1965,12.0
07,07,1965,13.0
07,08,1965,12.0
07,09,1965,12.5
07,10,1965,12.0
07,11,1965,11.0
07,12,1965,10.0
07,13,1965,12.0
07,14,1965,11.5
07,15,1965,10.0
07,16,1965,9.5
07,17,1965,11.5
07,18,1965,12.0
07,19,1965,10.0
07,20,1965,11.5
07,21,1965,11.0
07,22,1965,13.0
07,23,1965,11.0
07,24,1965,11.5
07,25,1965,11.5
07,26,1965,11.0
07,27,1965,12.5
07,28,1965,12.0
07,29,1965,12.0
07,30,1965,11.0
07,31,1965,10.5
08,01,1965,12.0
08,02,1965,11.5
08,03,1965,11.0
08,04,1965,11.5
08,05,1965,10.0
08,06,1965,11.5
08,07,1965,12.0
08,08,1965,10.5
08,09,1965,11.0
08,10,1965,11.5
08,11,1965,11.5
08,12,1965,11.5
08,13,1965,13.0
08,14,1965,12.0
08,15,1965,13.0
08,16,1965,11.0
08,17,1965,11.0
08,18,1965,9.5
08,19,1965,11.5
08,20,1965,10.5
08,21,1965,10.0
08,22,1965,10.0
08,23,1965,10.0
08,24,1965,11.0
08,25,1965,10.5
08,26,1965,14.5
08,27,1965,12.0
08,28,1965,11.5
08,29,1965,14.0
08,30,1965,9.5
08,31,1965,10.5
09,01,1965,11.5
09,02,1965,11.0
09,03,1965,10.5
09,04,1965,11.5
09,05,1965,12.0
09,06,1965,11.5
09,07,1965,10.0
09,08,1965,11.0
09,09,1965,9.5
09,10,1965,11.0
09,11,1965,10.5
09,12,1965,11.0
09,13,1965,11.0
09,14,1965,11.5
09,15,1965,10.0
09,16,1965,12.0
09,17,1965,11.5
09,18,1965,14.0
09,19,1965,14.5
09,20,1965,13.0
09,21,1965,13.5
09,22,1965,12.5
09,23,1965,11.5
09,24,1965,11.5
09,25,1965,12.5
09,26,1965,12.0
09,27,1965,12.0
09,28,1965,11.5
09,29,1965,12.5
09,30,1965,12.0
10,01,1965,13.5
10,02,1965,11.5
10,03,1965,12.0
10,04,1965,11.0
10,05,1965,11.0
10,06,1965,10.5
10,07,1965,11.0
10,08,1965,11.0
10,09,1965,12.0
10,10,1965,11.5
10,11,1965,10.0
10,12,1965,12.0
10,13,1965,11.5
10,14,1965,12.0
10,15,1965,11.5
10,16,1965,12.0
10,17,1965,10.0
10,18,1965,11.5
10,19,1965,12.5
10,20,1965,15.0
10,21,1965,11.5
10,22,1965,13.5
10,23,1965,8.0
10,24,1965,11.5
10,25,1965,13.0
10,26,1965,5.5
10,27,1965,8.5
10,28,1965,7.0
10,29,1965,8.5
10,30,1965,10.5
10,31,1965,10.0
11,01,1965,9.5
11,02,1965,8.5
11,03,1965,9.0
11,04,1965,12.5
11,05,1965,8.0
11,06,1965,8.0
11,07,1965,8.5
11,08,1965,7.5
11,09,1965,9.0
11,10,1965,8.5
11,11,1965,7.5
11,12,1965,8.5
11,13,1965,9.5
11,14,1965,10.0
11,15,1965,11.0
11,16,1965,11.0
11,17,1965,10.5
11,18,1965,5.5
11,19,1965,5.0
11,20,1965,6.0
11,21,1965,6.0
11,22,1965,5.5
11,23,1965,6.0
11,24,1965,5.0
11,25,1965,5.5
11,26,1965,5.0
11,27,1965,4.5
11,28,1965,4.5
11,29,1965,4.5
11,30,1965,5.5
12,01,1965,6.5
12,02,1965,8.0
12,03,1965,7.5
12,04,1965,10.5
12,05,1965,10.0
12,06,1965,9.5
12,07,1965,7.5
12,08,1965,8.5
12,09,1965,7.5
12,10,1965,8.0
12,11,1965,7.0
12,12,1965,8.0
12,13,1965,7.5
12,14,1965,7.5
12,15,1965,8.0
12,16,1965,10.0
12,17,1965,8.5
12,18,1965,6.5
12,19,1965,6.0
12,20,1965,5.5
12,21,1965,7.0
12,22,1965,7.0
12,23,1965,7.0
12,24,1965,7.5
12,25,1965,4.5
12,26,1965,5.0
12,27,1965,5.5
12,28,1965,4.5
12,29,1965,5.0
12,30,1965,5.0
12,31,1965,4.5
01,01,1966,3.5
01,02,1966,4.0
01,03,1966,4.5
01,04,1966,5.5
01,05,1966,5.0
01,06,1966,5.5
01,07,1966,6.5
01,08,1966,6.5
01,09,1966,4.5
01,10,1966,4.0
01,11,1966,4.5
01,12,1966,4.5
01,13,1966,4.0
01,14,1966,3.5
01,15,1966,3.5
01,16,1966,3.5
01,17,1966,4.0
01,18,1966,4.5
01,19,1966,4.5
01,20,1966,5.5
01,21,1966,6.5
01,22,1966,3.5
01,23,1966,6.5
01,24,1966,6.5
01,25,1966,6.0
01,26,1966,7.5
01,27,1966,5.5
01,28,1966,6.0
01,29,1966,9.0
01,30,1966,2.5
01,31,1966,3.0
02,01,1966,3.5
02,02,1966,4.5
02,03,1966,4.0
02,04,1966,5.5
02,05,1966,5.5
02,06,1966,6.0
02,07,1966,6.0
02,08,1966,6.0
02,09,1966,6.0
02,10,1966,7.5
02,11,1966,7.5
02,12,1966,7.0
02,13,1966,7.0
02,14,1966,7.5
02,15,1966,6.5
02,16,1966,6.0
02,17,1966,7.5
02,18,1966,5.5
02,19,1966,7.5
02,20,1966,7.0
02,21,1966,7.0
02,22,1966,7.0
02,23,1966,6.5
02,24,1966,5.0
02,25,1966,6.5
02,26,1966,6.5
02,27,1966,5.0
02,28,1966,6.5
03,01,1966,9.0
03,02,1966,9.0
03,03,1966,8.5
03,04,1966,8.5
03,05,1966,6.5
03,06,1966,7.5
03,07,1966,6.5
03,08,1966,10.0
03,09,1966,11.5
03,10,1966,6.5
03,11,1966,6.5
03,12,1966,7.0
03,13,1966,6.5
03,14,1966,5.5
03,15,1966,5.0
03,16,1966,7.5
03,17,1966,9.5
03,18,1966,7.5
03,19,1966,6.5
03,20,1966,7.5
03,21,1966,6.5
03,22,1966,7.0
03,23,1966,6.5
03,24,1966,8.0
03,25,1966,8.0
03,26,1966,9.5
03,27,1966,9.0
03,28,1966,9.0
03,29,1966,9.5
03,30,1966,8.5
03,31,1966,9.5
04,01,1966,10.0
04,02,1966,10.5
04,03,1966,10.5
04,04,1966,10.0
04,05,1966,11.5
04,06,1966,10.5
04,07,1966,10.5
04,08,1966,10.0
04,09,1966,10.5
04,10,1966,10.0
04,11,1966,9.5
04,12,1966,10.0
04,13,1966,8.0
04,14,1966,10.0
04,15,1966,11.0
04,16,1966,10.5
04,17,1966,9.5
04,18,1966,10.5
04,19,1966,8.5
04,20,1966,9.5
04,21,1966,10.0
04,22,1966,11.0
04,23,1966,10.5
04,24,1966,10.5
04,25,1966,11.5
04,26,1966,7.5
04,27,1966,9.0
04,28,1966,11.0
04,29,1966,9.5
04,30,1966,11.5
05,01,1966,11.5
05,02,1966,11.0
05,03,1966,11.0
05,04,1966,10.0
05,05,1966,10.5
05,06,1966,11.0
05,07,1966,9.5
05,08,1966,10.0
05,09,1966,9.5
05,10,1966,11.0
05,11,1966,10.5
05,12,1966,12.0
05,13,1966,11.0
05,14,1966,11.0
05,15,1966,11.0
05,16,1966,11.5
05,17,1966,11.5
05,18,1966,13.0
05,19,1966,11.5
05,20,1966,12.5
05,21,1966,12.0
05,22,1966,12.0
05,23,1966,11.5
05,24,1966,11.5
05,25,1966,12.0
05,26,1966,11.5
05,27,1966,12.0
05,28,1966,13.0
05,29,1966,13.0
05,30,1966,14.0
05,31,1966,12.0
06,01,1966,12.0
06,02,1966,9.5
06,03,1966,13.0
06,04,1966,12.0
06,05,1966,10.0
06,06,1966,13.5
06,07,1966,11.5
06,08,1966,12.5
06,09,1966,15.0
06,10,1966,11.0
06,11,1966,12.0
06,12,1966,12.0
06,13,1966,12.5
06,14,1966,11.0
06,15,1966,15.0
06,16,1966,14.0
06,17,1966,13.0
06,18,1966,14.5
06,19,1966,14.5
06,20,1966,14.5
06,21,1966,14.5
06,22,1966,13.5
06,23,1966,14.0
06,24,1966,11.5
06,25,1966,14.0
06,26,1966,14.0
06,27,1966,14.0
06,28,1966,14.0
06,29,1966,14.0
06,30,1966,11.0
07,01,1966,14.0
07,02,1966,13.5
07,03,1966,12.0
07,04,1966,12.5
07,05,1966,12.5
07,06,1966,12.5
07,07,1966,13.0
07,08,1966,11.0
07,09,1966,14.5
07,10,1966,14.0
07,11,1966,13.5
07,12,1966,11.0
07,13,1966,13.0
07,14,1966,13.0
07,15,1966,11.0
07,16,1966,11.0
07,17,1966,12.0
07,18,1966,12.5
07,19,1966,14.0
07,20,1966,12.0
07,21,1966,14.5
07,22,1966,11.5
07,23,1966,11.5
07,24,1966,12.0
07,25,1966,11.5
07,26,1966,11.5
07,27,1966,12.5
07,28,1966,12.5
07,29,1966,12.0
07,30,1966,12.5
07,31,1966,12.0
08,01,1966,12.0
08,02,1966,9.5
08,03,1966,11.0
08,04,1966,10.0
08,05,1966,12.0
08,06,1966,12.5
08,07,1966,10.0
08,08,1966,13.0
08,09,1966,13.0
08,10,1966,13.0
08,11,1966,11.5
08,12,1966,12.0
08,13,1966,11.0
08,14,1966,12.0
08,15,1966,12.0
08,16,1966,13.0
08,17,1966,10.5
08,18,1966,11.0
08,19,1966,11.5
08,20,1966,11.5
08,21,1966,11.0
08,22,1966,12.0
08,23,1966,13.5
08,24,1966,11.5
08,25,1966,13.0
08,26,1966,11.5
08,27,1966,12.5
08,28,1966,11.5
08,29,1966,14.5
08,30,1966,8.5
08,31,1966,10.5
09,01,1966,11.0
09,02,1966,12.5
09,03,1966,12.0
09,04,1966,12.0
09,05,1966,12.5
09,06,1966,11.0
09,07,1966,13.5
09,08,1966,14.5
09,09,1966,11.0
09,10,1966,12.0
09,11,1966,12.0
09,12,1966,11.5
09,13,1966,14.0
09,14,1966,13.0
09,15,1966,12.0
09,16,1966,13.0
09,17,1966,11.0
09,18,1966,11.0
09,19,1966,12.0
09,20,1966,13.5
09,21,1966,11.5
09,22,1966,13.5
09,23,1966,12.0
09,24,1966,11.0
09,25,1966,12.5
09,26,1966,13.0
09,27,1966,12.0
09,28,1966,14.0
09,29,1966,12.0
09,30,1966,11.0
10,01,1966,11.5
10,02,1966,14.5
10,03,1966,14.5
10,04,1966,14.0
10,05,1966,11.5
10,06,1966,12.5
10,07,1966,9.5
10,08,1966,10.0
10,09,1966,9.5
10,10,1966,10.5
10,11,1966,12.0
10,12,1966,11.0
10,13,1966,12.0
10,14,1966,11.5
10,15,1966,12.5
10,16,1966,14.0
10,17,1966,12.5
10,18,1966,13.0
10,19,1966,13.5
10,20,1966,9.0
10,21,1966,9.0
10,22,1966,9.5
10,23,1966,11.0
10,24,1966,12.0
10,25,1966,11.0
10,26,1966,11.5
10,27,1966,12.0
10,28,1966,7.5
10,29,1966,7.5
10,30,1966,7.0
10,31,1966,6.5
11,01,1966,9.0
11,02,1966,8.0
11,03,1966,5.5
11,04,1966,1.0
11,05,1966,1.0
11,06,1966,2.5
11,07,1966,2.5
11,08,1966,6.5
11,09,1966,6.5
11,10,1966,6.0
11,11,1966,9.0
11,12,1966,8.5
11,13,1966,5.5
11,14,1966,7.5
11,15,1966,5.5
11,16,1966,6.5
11,17,1966,4.5
11,18,1966,4.0
11,19,1966,5.5
11,20,1966,3.0
11,21,1966,4.5
11,22,1966,4.5
11,23,1966,3.5
11,24,1966,3.5
11,25,1966,3.0
11,26,1966,2.5
11,27,1966,3.5
11,28,1966,3.5
11,29,1966,4.0
11,30,1966,0.0
12,01,1966,1.0
12,02,1966,1.5
12,03,1966,3.0
12,04,1966,2.0
12,05,1966,4.0
12,06,1966,4.0
12,07,1966,2.0
12,08,1966,3.0
12,09,1966,2.0
12,10,1966,4.0
12,11,1966,5.0
12,12,1966,5.0
12,13,1966,2.0
12,14,1966,4.5
12,15,1966,5.5
12,16,1966,6.0
12,17,1966,5.5
12,18,1966,5.0
12,19,1966,5.5
12,20,1966,6.5
12,21,1966,5.0
12,22,1966,6.5
12,23,1966,6.0
12,24,1966,8.0
12,25,1966,8.0
12,26,1966,8.0
12,27,1966,4.5
12,28,1966,7.0
12,29,1966,7.0
12,30,1966,7.0
12,31,1966,6.5
01,01,1967,5.0
01,02,1967,8.0
01,03,1967,7.5
01,04,1967,6.0
01,05,1967,1.0
01,06,1967,3.0
01,07,1967,3.0
01,08,1967,5.0
01,09,1967,5.0
01,10,1967,7.0
01,11,1967,6.5
01,12,1967,7.0
01,13,1967,7.5
01,14,1967,6.0
01,15,1967,6.5
01,16,1967,5.0
01,17,1967,6.0
01,18,1967,6.5
01,19,1967,6.0
01,20,1967,7.0
01,21,1967,6.5
01,22,1967,7.0
01,23,1967,7.0
01,24,1967,7.0
01,25,1967,7.5
01,26,1967,8.0
01,27,1967,6.0
01,28,1967,6.0
01,29,1967,6.0
01,30,1967,7.0
01,31,1967,7.0
02,01,1967,7.0
02,02,1967,7.0
02,03,1967,6.5
02,04,1967,7.0
02,05,1967,8.0
02,06,1967,6.0
02,07,1967,7.0
02,08,1967,6.0
02,09,1967,7.0
02,10,1967,6.5
02,11,1967,2.0
02,12,1967,4.0
02,13,1967,2.0
02,14,1967,1.5
02,15,1967,2.5
02,16,1967,3.5
02,17,1967,4.0
02,18,1967,3.5
02,19,1967,5.0
02,20,1967,4.5
02,21,1967,6.5
02,22,1967,7.0
02,23,1967,6.5
02,24,1967,6.0
02,25,1967,6.0
02,26,1967,6.0
02,27,1967,7.0
02,28,1967,6.5
03,01,1967,6.5
03,02,1967,6.5
03,03,1967,6.5
03,04,1967,7.0
03,05,1967,7.5
03,06,1967,6.0
03,07,1967,6.5
03,08,1967,9.5
03,09,1967,7.0
03,10,1967,8.0
03,11,1967,8.0
03,12,1967,7.5
03,13,1967,8.0
03,14,1967,7.0
03,15,1967,6.5
03,16,1967,7.0
03,17,1967,7.0
03,18,1967,6.0
03,19,1967,6.0
03,20,1967,7.5
03,21,1967,8.0
03,22,1967,7.0
03,23,1967,8.0
03,24,1967,8.0
03,25,1967,9.0
03,26,1967,8.0
03,27,1967,7.0
03,28,1967,8.0
03,29,1967,5.0
03,30,1967,5.0
03,31,1967,6.0
04,01,1967,6.5
04,02,1967,6.5
04,03,1967,6.5
04,04,1967,7.0
04,05,1967,6.5
04,06,1967,7.5
04,07,1967,7.5
04,08,1967,8.5
04,09,1967,8.0
04,10,1967,7.5
04,11,1967,7.0
04,12,1967,7.5
04,13,1967,8.0
04,14,1967,10.0
04,15,1967,10.0
04,16,1967,8.0
04,17,1967,10.0
04,18,1967,9.5
04,19,1967,10.0
04,20,1967,9.5
04,21,1967,9.5
04,22,1967,10.0
04,23,1967,9.5
04,24,1967,10.0
04,25,1967,8.5
04,26,1967,10.0
04,27,1967,11.5
04,28,1967,10.0
04,29,1967,11.0
04,30,1967,11.5
05,01,1967,11.0
05,02,1967,10.5
05,03,1967,9.5
05,04,1967,11.0
05,05,1967,7.0
05,06,1967,10.5
05,07,1967,8.5
05,08,1967,10.0
05,09,1967,9.5
05,10,1967,10.5
05,11,1967,11.5
05,12,1967,10.5
05,13,1967,11.0
05,14,1967,10.5
05,15,1967,11.0
05,16,1967,10.5
05,17,1967,9.5
05,18,1967,10.0
05,19,1967,8.0
05,20,1967,12.5
05,21,1967,11.0
05,22,1967,10.0
05,23,1967,12.0
05,24,1967,11.5
05,25,1967,11.0
05,26,1967,11.5
05,27,1967,10.0
05,28,1967,12.0
05,29,1967,11.5
05,30,1967,12.5
05,31,1967,12.0
06,01,1967,13.0
06,02,1967,13.0
06,03,1967,11.5
06,04,1967,10.0
06,05,1967,9.5
06,06,1967,8.5
06,07,1967,7.5
06,08,1967,10.0
06,09,1967,10.5
06,10,1967,12.0
06,11,1967,13.0
06,12,1967,11.5
06,13,1967,11.0
06,14,1967,11.0
06,15,1967,14.0
06,16,1967,14.0
06,17,1967,13.5
06,18,1967,13.0
06,19,1967,13.0
06,20,1967,12.0
06,21,1967,11.5
06,22,1967,13.0
06,23,1967,13.0
06,24,1967,12.5
06,25,1967,12.0
06,26,1967,13.5
06,27,1967,11.5
06,28,1967,13.0
06,29,1967,12.5
06,30,1967,12.5
07,01,1967,10.0
07,02,1967,11.5
07,03,1967,10.0
07,04,1967,11.5
07,05,1967,11.5
07,06,1967,11.5
07,07,1967,11.5
07,08,1967,11.5
07,09,1967,12.0
07,10,1967,12.0
07,11,1967,10.0
07,12,1967,10.0
07,13,1967,10.5
07,14,1967,10.0
07,15,1967,10.0
07,16,1967,10.0
07,17,1967,12.0
07,18,1967,13.5
07,19,1967,13.0
07,20,1967,12.5
07,21,1967,11.5
07,22,1967,11.5
07,23,1967,12.0
07,24,1967,11.0
07,25,1967,10.0
07,26,1967,11.5
07,27,1967,12.0
07,28,1967,9.5
07,29,1967,8.5
07,30,1967,9.5
07,31,1967,11.5
08,01,1967,11.5
08,02,1967,11.5
08,03,1967,9.0
08,04,1967,9.5
08,05,1967,9.0
08,06,1967,10.0
08,07,1967,11.5
08,08,1967,10.0
08,09,1967,12.0
08,10,1967,11.5
08,11,1967,10.0
08,12,1967,11.5
08,13,1967,11.5
08,14,1967,10.0
08,15,1967,12.0
08,16,1967,11.5
08,17,1967,13.5
08,18,1967,11.5
08,19,1967,11.5
08,20,1967,11.0
08,21,1967,12.0
08,22,1967,12.0
08,23,1967,12.0
08,24,1967,12.0
08,25,1967,11.5
08,26,1967,14.0
08,27,1967,13.0
08,28,1967,13.5
08,29,1967,13.0
08,30,1967,10.5
08,31,1967,13.0
09,01,1967,12.0
09,02,1967,11.0
09,03,1967,11.5
09,04,1967,11.0
09,05,1967,10.5
09,06,1967,14.5
09,07,1967,14.0
09,08,1967,13.0
09,09,1967,11.5
09,10,1967,11.5
09,11,1967,11.5
09,12,1967,12.0
09,13,1967,12.0
09,14,1967,11.5
09,15,1967,11.5
09,16,1967,12.5
09,17,1967,12.0
09,18,1967,11.5
09,19,1967,9.0
09,20,1967,12.0
09,21,1967,12.5
09,22,1967,12.5
09,23,1967,12.0
09,24,1967,14.5
09,25,1967,12.0
09,26,1967,13.5
09,27,1967,11.5
09,28,1967,13.0
09,29,1967,11.0
09,30,1967,11.0
10,01,1967,11.0
10,02,1967,10.0
10,03,1967,13.5
10,04,1967,14.0
10,05,1967,14.0
10,06,1967,10.5
10,07,1967,11.0
10,08,1967,12.0
10,09,1967,11.5
10,10,1967,12.0
10,11,1967,12.0
10,12,1967,12.0
10,13,1967,11.5
10,14,1967,12.0
10,15,1967,11.0
10,16,1967,11.5
10,17,1967,11.5
10,18,1967,13.5
10,19,1967,11.5
10,20,1967,7.0
10,21,1967,8.0
10,22,1967,7.0
10,23,1967,8.0
10,24,1967,10.0
10,25,1967,11.5
10,26,1967,10.5
10,27,1967,9.5
10,28,1967,11.5
10,29,1967,12.0
10,30,1967,11.5
10,31,1967,13.0
11,01,1967,11.0
11,02,1967,10.5
11,03,1967,11.0
11,04,1967,9.0
11,05,1967,10.0
11,06,1967,8.0
11,07,1967,7.0
11,08,1967,8.0
11,09,1967,9.0
11,10,1967,9.0
11,11,1967,6.0
11,12,1967,9.0
11,13,1967,8.5
11,14,1967,10.0
11,15,1967,7.0
11,16,1967,8.0
11,17,1967,9.0
11,18,1967,8.0
11,19,1967,2.5
11,20,1967,1.5
11,21,1967,2.0
11,22,1967,4.0
11,23,1967,5.5
11,24,1967,4.0
11,25,1967,6.5
11,26,1967,4.0
11,27,1967,5.0
11,28,1967,6.0
11,29,1967,4.5
11,30,1967,10.0
12,01,1967,4.5
12,02,1967,6.0
12,03,1967,7.5
12,04,1967,7.5
12,05,1967,5.5
12,06,1967,7.0
12,07,1967,5.0
12,08,1967,6.5
12,09,1967,7.5
12,10,1967,6.5
12,11,1967,3.5
12,12,1967,0.0
12,13,1967,2.0
12,14,1967,4.0
12,15,1967,4.0
12,16,1967,3.0
12,17,1967,4.5
12,18,1967,3.0
12,19,1967,7.0
12,20,1967,6.0
12,21,1967,5.5
12,22,1967,6.0
12,23,1967,5.5
12,24,1967,4.0
12,25,1967,5.0
12,26,1967,4.5
12,27,1967,5.5
12,28,1967,5.5
12,29,1967,5.0
12,30,1967,5.5
12,31,1967,5.5
01,01,1968,9.0
01,02,1968,5.5
01,03,1968,5.5
01,04,1968,2.5
01,05,1968,4.5
01,06,1968,3.5
01,07,1968,4.0
01,08,1968,5.5
01,09,1968,5.0
01,10,1968,6.0
01,11,1968,6.5
01,12,1968,6.5
01,13,1968,7.5
01,14,1968,8.0
01,15,1968,8.0
01,16,1968,7.5
01,17,1968,5.0
01,18,1968,6.0
01,19,1968,5.5
01,20,1968,6.0
01,21,1968,7.5
01,22,1968,7.5
01,23,1968,6.0
01,24,1968,6.5
01,25,1968,8.0
01,26,1968,7.0
01,27,1968,6.5
01,28,1968,5.0
01,29,1968,4.5
01,30,1968,1.5
01,31,1968,4.5
02,01,1968,4.5
02,02,1968,4.5
02,03,1968,5.5
02,04,1968,6.5
02,05,1968,6.0
02,06,1968,3.0
02,07,1968,1.0
02,08,1968,2.0
02,09,1968,2.0
02,10,1968,3.0
02,11,1968,6.0
02,12,1968,6.5
02,13,1968,7.0
02,14,1968,6.5
02,15,1968,3.5
02,16,1968,4.0
02,17,1968,4.5
02,18,1968,4.5
02,19,1968,6.0
02,20,1968,4.0
02,21,1968,3.5
02,22,1968,3.5
02,23,1968,5.5
02,24,1968,5.0
02,25,1968,4.5
02,26,1968,3.5
02,27,1968,5.5
02,28,1968,6.0
02,29,1968,7.0
03,01,1968,6.5
03,02,1968,6.0
03,03,1968,7.5
03,04,1968,6.5
03,05,1968,5.5
03,06,1968,7.5
03,07,1968,8.0
03,08,1968,7.5
03,09,1968,9.0
03,10,1968,6.5
03,11,1968,5.5
03,12,1968,3.5
03,13,1968,2.5
03,14,1968,3.0
03,15,1968,5.5
03,16,1968,7.0
03,17,1968,5.0
03,18,1968,5.5
03,19,1968,8.0
03,20,1968,6.5
03,21,1968,6.5
03,22,1968,6.5
03,23,1968,6.0
03,24,1968,5.5
03,25,1968,7.5
03,26,1968,6.0
03,27,1968,8.5
03,28,1968,7.0
03,29,1968,5.5
03,30,1968,8.0
03,31,1968,7.0
04,01,1968,7.0
04,02,1968,10.0
04,03,1968,10.5
04,04,1968,10.5
04,05,1968,9.5
04,06,1968,8.5
04,07,1968,8.0
04,08,1968,8.0
04,09,1968,6.0
04,10,1968,8.0
04,11,1968,8.0
04,12,1968,8.5
04,13,1968,8.5
04,14,1968,10.0
04,15,1968,8.5
04,16,1968,9.5
04,17,1968,10.0
04,18,1968,10.0
04,19,1968,10.0
04,20,1968,12.0
04,21,1968,7.0
04,22,1968,10.0
04,23,1968,9.5
04,24,1968,10.5
04,25,1968,11.0
04,26,1968,11.0
04,27,1968,11.0
04,28,1968,11.5
04,29,1968,11.0
04,30,1968,10.5
05,01,1968,10.0
05,02,1968,11.5
05,03,1968,11.0
05,04,1968,12.0
05,05,1968,11.0
05,06,1968,12.0
05,07,1968,11.0
05,08,1968,12.0
05,09,1968,10.5
05,10,1968,11.5
05,11,1968,10.5
05,12,1968,10.5
05,13,1968,11.0
05,14,1968,12.0
05,15,1968,11.0
05,16,1968,11.5
05,17,1968,12.0
05,18,1968,13.0
05,19,1968,14.5
05,20,1968,8.5
05,21,1968,12.5
05,22,1968,13.5
05,23,1968,8.0
05,24,1968,9.0
05,25,1968,11.0
05,26,1968,12.0
05,27,1968,8.0
05,28,1968,10.0
05,29,1968,10.0
05,30,1968,12.0
05,31,1968,8.0
06,01,1968,11.5
06,02,1968,11.5
06,03,1968,10.5
06,04,1968,11.5
06,05,1968,11.5
06,06,1968,10.5
06,07,1968,10.0
06,08,1968,10.0
06,09,1968,12.0
06,10,1968,9.0
06,11,1968,11.0
06,12,1968,8.0
06,13,1968,12.0
06,14,1968,10.0
06,15,1968,10.0
06,16,1968,10.0
06,17,1968,13.5
06,18,1968,13.5
06,19,1968,11.5
06,20,1968,13.0
06,21,1968,13.0
06,22,1968,13.0
06,23,1968,13.0
06,24,1968,10.0
06,25,1968,10.0
06,26,1968,10.5
06,27,1968,11.0
06,28,1968,9.0
06,29,1968,11.0
06,30,1968,10.0
07,01,1968,13.0
07,02,1968,11.5
07,03,1968,10.5
07,04,1968,11.5
07,05,1968,12.5
07,06,1968,12.0
07,07,1968,8.0
07,08,1968,11.5
07,09,1968,10.0
07,10,1968,10.0
07,11,1968,11.0
07,12,1968,10.5
07,13,1968,9.0
07,14,1968,11.5
07,15,1968,11.0
07,16,1968,12.5
07,17,1968,12.5
07,18,1968,12.5
07,19,1968,11.5
07,20,1968,10.5
07,21,1968,11.5
07,22,1968,12.0
07,23,1968,12.5
07,24,1968,12.0
07,25,1968,12.0
07,26,1968,11.5
07,27,1968,12.0
07,28,1968,7.5
07,29,1968,10.0
07,30,1968,11.0
07,31,1968,12.0
08,01,1968,12.0
08,02,1968,12.0
08,03,1968,11.5
08,04,1968,11.0
08,05,1968,12.0
08,06,1968,11.0
08,07,1968,10.0
08,08,1968,10.5
08,09,1968,10.0
08,10,1968,9.5
08,11,1968,11.5
08,12,1968,13.5
08,13,1968,13.0
08,14,1968,11.5
08,15,1968,12.0
08,16,1968,12.5
08,17,1968,10.0
08,18,1968,12.0
08,19,1968,11.5
08,20,1968,12.0
08,21,1968,12.5
08,22,1968,12.0
08,23,1968,11.5
08,24,1968,11.5
08,25,1968,10.5
08,26,1968,11.0
08,27,1968,13.0
08,28,1968,9.0
08,29,1968,10.0
08,30,1968,11.5
08,31,1968,10.0
09,01,1968,9.0
09,02,1968,11.5
09,03,1968,9.0
09,04,1968,13.0
09,05,1968,11.0
09,06,1968,12.0
09,07,1968,13.0
09,08,1968,12.0
09,09,1968,11.5
09,10,1968,12.5
09,11,1968,13.5
09,12,1968,13.0
09,13,1968,13.5
09,14,1968,14.0
09,15,1968,9.5
09,16,1968,13.5
09,17,1968,13.5
09,18,1968,11.0
09,19,1968,12.5
09,20,1968,10.5
09,21,1968,9.0
09,22,1968,11.5
09,23,1968,12.0
09,24,1968,11.5
09,25,1968,10.0
09,26,1968,8.0
09,27,1968,9.0
09,28,1968,9.0
09,29,1968,11.5
09,30,1968,11.5
10,01,1968,11.0
10,02,1968,9.0
10,03,1968,12.0
10,04,1968,12.5
10,05,1968,11.0
10,06,1968,11.0
10,07,1968,11.5
10,08,1968,9.0
10,09,1968,11.0
10,10,1968,12.5
10,11,1968,11.0
10,12,1968,11.0
10,13,1968,10.0
10,14,1968,12.0
10,15,1968,12.0
10,16,1968,11.5
10,17,1968,12.0
10,18,1968,10.0
10,19,1968,8.5
10,20,1968,9.5
10,21,1968,10.0
10,22,1968,11.5
10,23,1968,11.5
10,24,1968,11.0
10,25,1968,11.0
10,26,1968,9.0
10,27,1968,8.0
10,28,1968,5.5
10,29,1968,4.5
10,30,1968,5.5
10,31,1968,8.5
11,01,1968,8.5
11,02,1968,8.5
11,03,1968,7.5
11,04,1968,8.0
11,05,1968,9.0
11,06,1968,8.0
11,07,1968,10.0
11,08,1968,11.0
11,09,1968,10.0
11,10,1968,11.0
11,11,1968,10.0
11,12,1968,7.5
11,13,1968,6.0
11,14,1968,7.5
11,15,1968,8.0
11,16,1968,7.0
11,17,1968,8.0
11,18,1968,7.5
11,19,1968,11.5
11,20,1968,11.0
11,21,1968,7.5
11,22,1968,5.5
11,23,1968,6.0
11,24,1968,7.5
11,25,1968,7.0
11,26,1968,7.0
11,27,1968,8.0
11,28,1968,6.0
11,29,1968,8.0
11,30,1968,8.0
12,01,1968,6.5
12,02,1968,8.0
12,03,1968,9.5
12,04,1968,8.0
12,05,1968,7.0
12,06,1968,8.0
12,07,1968,9.0
12,08,1968,8.5
12,09,1968,8.0
12,10,1968,7.5
12,11,1968,8.0
12,12,1968,8.5
12,13,1968,9.0
12,14,1968,8.0
12,15,1968,8.5
12,16,1968,9.0
12,17,1968,5.5
12,18,1968,6.0
12,19,1968,7.0
12,20,1968,8.0
12,21,1968,5.5
12,22,1968,6.0
12,23,1968,7.0
12,24,1968,6.0
12,25,1968,6.0
12,26,1968,6.0
12,27,1968,7.0
12,28,1968,9.0
12,29,1968,7.5
12,30,1968,6.0
12,31,1968,7.5
01,01,1969,7.0
01,02,1969,7.5
01,03,1969,7.0
01,04,1969,10.0
01,05,1969,7.0
01,06,1969,8.0
01,07,1969,7.5
01,08,1969,8.0
01,09,1969,7.0
01,10,1969,6.0
01,11,1969,6.0
01,12,1969,8.0
01,13,1969,7.5
01,14,1969,7.5
01,15,1969,6.0
01,16,1969,9.5
01,17,1969,5.0
01,18,1969,7.5
01,19,1969,5.5
01,20,1969,5.0
01,21,1969,3.5
01,22,1969,3.0
01,23,1969,5.5
01,24,1969,6.0
01,25,1969,6.0
01,26,1969,5.5
01,27,1969,5.0
01,28,1969,6.5
01,29,1969,6.5
01,30,1969,6.0
01,31,1969,5.5
02,01,1969,5.5
02,02,1969,7.5
02,03,1969,6.0
02,04,1969,7.5
02,05,1969,7.0
02,06,1969,6.5
02,07,1969,7.0
02,08,1969,8.5
02,09,1969,10.0
02,10,1969,9.0
02,11,1969,8.0
02,12,1969,10.0
02,13,1969,9.5
02,14,1969,8.5
02,15,1969,7.0
02,16,1969,8.0
02,17,1969,4.5
02,18,1969,5.5
02,19,1969,4.5
02,20,1969,6.0
02,21,1969,6.0
02,22,1969,6.0
02,23,1969,7.5
02,24,1969,7.5
02,25,1969,8.0
02,26,1969,9.5
02,27,1969,8.5
02,28,1969,9.0
03,01,1969,10.0
03,02,1969,9.0
03,03,1969,10.0
03,04,1969,8.0
03,05,1969,9.0
03,06,1969,9.0
03,07,1969,9.0
03,08,1969,6.5
03,09,1969,8.0
03,10,1969,8.0
03,11,1969,9.0
03,12,1969,8.5
03,13,1969,9.0
03,14,1969,9.0
03,15,1969,8.5
03,16,1969,9.0
03,17,1969,9.0
03,18,1969,9.5
03,19,1969,10.5
03,20,1969,10.0
03,21,1969,10.0
03,22,1969,10.0
03,23,1969,10.5
03,24,1969,11.0
03,25,1969,10.0
03,26,1969,11.0
03,27,1969,10.0
03,28,1969,9.5
03,29,1969,10.0
03,30,1969,10.0
03,31,1969,8.0
04,01,1969,11.0
04,02,1969,8.5
04,03,1969,9.5
04,04,1969,11.0
04,05,1969,10.0
04,06,1969,9.5
04,07,1969,11.0
04,08,1969,10.0
04,09,1969,11.0
04,10,1969,11.0
04,11,1969,10.0
04,12,1969,10.5
04,13,1969,10.0
04,14,1969,10.5
04,15,1969,10.5
04,16,1969,7.0
04,17,1969,8.5
04,18,1969,11.0
04,19,1969,10.0
04,20,1969,10.0
04,21,1969,9.5
04,22,1969,11.5
04,23,1969,null
04,24,1969,null
04,25,1969,null
04,26,1969,null
04,27,1969,null
04,28,1969,null
04,29,1969,null
04,30,1969,null
