Id:,20269
Estación:,CUAUHTEMOC-OAX
Posición:,17.0830555556N -96.7625W
Variable:,Temp Mínima (oC)
Fecha Inicial:,03/01/1975
Fecha Final:,02/01/1982
No Dato:,nan
Mes,Día,Anio,Datos
03,01,1975,15.0
03,02,1975,17.0
03,03,1975,19.5
03,04,1975,18.0
03,05,1975,19.0
03,06,1975,16.5
03,07,1975,19.0
03,08,1975,19.5
03,09,1975,20.5
03,10,1975,21.0
03,11,1975,20.5
03,12,1975,19.5
03,13,1975,19.0
03,14,1975,22.5
03,15,1975,21.0
03,16,1975,19.5
03,17,1975,19.5
03,18,1975,19.5
03,19,1975,19.0
03,20,1975,18.0
03,21,1975,16.5
03,22,1975,21.5
03,23,1975,20.5
03,24,1975,19.5
03,25,1975,19.5
03,26,1975,20.0
03,27,1975,22.5
03,28,1975,22.5
03,29,1975,23.5
03,30,1975,24.5
03,31,1975,22.5
04,01,1975,null
04,02,1975,null
04,03,1975,null
04,04,1975,null
04,05,1975,null
04,06,1975,null
04,07,1975,null
04,08,1975,null
04,09,1975,null
04,10,1975,null
04,11,1975,null
04,12,1975,null
04,13,1975,null
04,14,1975,null
04,15,1975,null
04,16,1975,null
04,17,1975,null
04,18,1975,null
04,19,1975,null
04,20,1975,null
04,21,1975,null
04,22,1975,null
04,23,1975,null
04,24,1975,null
04,25,1975,null
04,26,1975,null
04,27,1975,null
04,28,1975,null
04,29,1975,null
04,30,1975,null
05,01,1975,null
05,02,1975,null
05,03,1975,null
05,04,1975,null
05,05,1975,null
05,06,1975,null
05,07,1975,null
05,08,1975,null
05,09,1975,null
05,10,1975,null
05,11,1975,null
05,12,1975,null
05,13,1975,null
05,14,1975,null
05,15,1975,null
05,16,1975,null
05,17,1975,null
05,18,1975,null
05,19,1975,null
05,20,1975,null
05,21,1975,null
05,22,1975,null
05,23,1975,null
05,24,1975,null
05,25,1975,null
05,26,1975,null
05,27,1975,null
05,28,1975,null
05,29,1975,null
05,30,1975,null
05,31,1975,null
06,01,1975,null
06,02,1975,null
06,03,1975,null
06,04,1975,null
06,05,1975,null
06,06,1975,null
06,07,1975,null
06,08,1975,null
06,09,1975,null
06,10,1975,null
06,11,1975,null
06,12,1975,null
06,13,1975,null
06,14,1975,null
06,15,1975,null
06,16,1975,null
06,17,1975,null
06,18,1975,null
06,19,1975,null
06,20,1975,null
06,21,1975,null
06,22,1975,null
06,23,1975,null
06,24,1975,null
06,25,1975,null
06,26,1975,null
06,27,1975,null
06,28,1975,null
06,29,1975,null
06,30,1975,null
07,01,1975,null
07,02,1975,null
07,03,1975,null
07,04,1975,null
07,05,1975,null
07,06,1975,null
07,07,1975,null
07,08,1975,null
07,09,1975,null
07,10,1975,null
07,11,1975,null
07,12,1975,null
07,13,1975,null
07,14,1975,null
07,15,1975,null
07,16,1975,null
07,17,1975,null
07,18,1975,null
07,19,1975,null
07,20,1975,null
07,21,1975,null
07,22,1975,null
07,23,1975,null
07,24,1975,null
07,25,1975,null
07,26,1975,null
07,27,1975,null
07,28,1975,null
07,29,1975,null
07,30,1975,null
07,31,1975,null
08,01,1975,null
08,02,1975,null
08,03,1975,null
08,04,1975,null
08,05,1975,null
08,06,1975,null
08,07,1975,null
08,08,1975,null
08,09,1975,null
08,10,1975,null
08,11,1975,null
08,12,1975,null
08,13,1975,null
08,14,1975,null
08,15,1975,null
08,16,1975,null
08,17,1975,null
08,18,1975,null
08,19,1975,null
08,20,1975,null
08,21,1975,null
08,22,1975,null
08,23,1975,null
08,24,1975,null
08,25,1975,null
08,26,1975,null
08,27,1975,null
08,28,1975,null
08,29,1975,null
08,30,1975,null
08,31,1975,null
09,01,1975,null
09,02,1975,null
09,03,1975,null
09,04,1975,null
09,05,1975,null
09,06,1975,null
09,07,1975,null
09,08,1975,null
09,09,1975,null
09,10,1975,null
09,11,1975,null
09,12,1975,null
09,13,1975,null
09,14,1975,null
09,15,1975,null
09,16,1975,null
09,17,1975,null
09,18,1975,null
09,19,1975,null
09,20,1975,null
09,21,1975,null
09,22,1975,null
09,23,1975,null
09,24,1975,null
09,25,1975,null
09,26,1975,null
09,27,1975,null
09,28,1975,null
09,29,1975,null
09,30,1975,null
10,01,1975,null
10,02,1975,null
10,03,1975,null
10,04,1975,null
10,05,1975,null
10,06,1975,null
10,07,1975,null
10,08,1975,null
10,09,1975,null
10,10,1975,null
10,11,1975,null
10,12,1975,null
10,13,1975,null
10,14,1975,null
10,15,1975,null
10,16,1975,null
10,17,1975,null
10,18,1975,null
10,19,1975,null
10,20,1975,null
10,21,1975,null
10,22,1975,null
10,23,1975,null
10,24,1975,null
10,25,1975,null
10,26,1975,null
10,27,1975,null
10,28,1975,null
10,29,1975,null
10,30,1975,null
10,31,1975,null
11,01,1975,null
11,02,1975,null
11,03,1975,null
11,04,1975,null
11,05,1975,null
11,06,1975,null
11,07,1975,null
11,08,1975,null
11,09,1975,null
11,10,1975,null
11,11,1975,null
11,12,1975,null
11,13,1975,null
11,14,1975,null
11,15,1975,null
11,16,1975,null
11,17,1975,null
11,18,1975,null
11,19,1975,null
11,20,1975,null
11,21,1975,null
11,22,1975,null
11,23,1975,null
11,24,1975,null
11,25,1975,null
11,26,1975,19.5
11,27,1975,20.0
11,28,1975,21.0
11,29,1975,21.5
11,30,1975,21.5
12,01,1975,22.0
12,02,1975,19.0
12,03,1975,19.5
12,04,1975,19.0
12,05,1975,20.0
12,06,1975,19.5
12,07,1975,20.0
12,08,1975,18.5
12,09,1975,18.0
12,10,1975,19.0
12,11,1975,19.0
12,12,1975,19.0
12,13,1975,18.5
12,14,1975,19.0
12,15,1975,20.0
12,16,1975,20.5
12,17,1975,20.0
12,18,1975,20.0
12,19,1975,17.5
12,20,1975,17.0
12,21,1975,17.5
12,22,1975,17.0
12,23,1975,15.0
12,24,1975,16.0
12,25,1975,18.0
12,26,1975,17.5
12,27,1975,17.5
12,28,1975,17.0
12,29,1975,18.0
12,30,1975,20.0
12,31,1975,16.5
01,01,1976,16.5
01,02,1976,17.0
01,03,1976,17.5
01,04,1976,16.0
01,05,1976,14.5
01,06,1976,15.0
01,07,1976,17.0
01,08,1976,17.0
01,09,1976,13.0
01,10,1976,13.5
01,11,1976,15.0
01,12,1976,14.0
01,13,1976,19.0
01,14,1976,20.0
01,15,1976,20.0
01,16,1976,19.0
01,17,1976,19.0
01,18,1976,13.0
01,19,1976,14.0
01,20,1976,15.0
01,21,1976,15.0
01,22,1976,16.0
01,23,1976,15.0
01,24,1976,15.0
01,25,1976,16.0
01,26,1976,18.5
01,27,1976,15.5
01,28,1976,13.0
01,29,1976,13.0
01,30,1976,15.0
01,31,1976,15.0
02,01,1976,16.0
02,02,1976,13.0
02,03,1976,11.5
02,04,1976,14.0
02,05,1976,14.5
02,06,1976,19.0
02,07,1976,18.0
02,08,1976,17.5
02,09,1976,17.5
02,10,1976,15.5
02,11,1976,15.5
02,12,1976,16.5
02,13,1976,17.0
02,14,1976,18.0
02,15,1976,19.5
02,16,1976,20.0
02,17,1976,18.0
02,18,1976,18.5
02,19,1976,18.0
02,20,1976,17.0
02,21,1976,18.0
02,22,1976,16.0
02,23,1976,12.5
02,24,1976,13.5
02,25,1976,14.0
02,26,1976,14.0
02,27,1976,15.0
02,28,1976,16.0
02,29,1976,14.5
03,01,1976,null
03,02,1976,null
03,03,1976,null
03,04,1976,null
03,05,1976,null
03,06,1976,null
03,07,1976,null
03,08,1976,null
03,09,1976,null
03,10,1976,null
03,11,1976,null
03,12,1976,null
03,13,1976,null
03,14,1976,null
03,15,1976,null
03,16,1976,null
03,17,1976,null
03,18,1976,null
03,19,1976,null
03,20,1976,null
03,21,1976,null
03,22,1976,null
03,23,1976,null
03,24,1976,null
03,25,1976,null
03,26,1976,null
03,27,1976,null
03,28,1976,null
03,29,1976,null
03,30,1976,null
03,31,1976,null
04,01,1976,16.0
04,02,1976,12.0
04,03,1976,13.0
04,04,1976,20.0
04,05,1976,21.5
04,06,1976,22.0
04,07,1976,20.0
04,08,1976,21.0
04,09,1976,18.5
04,10,1976,16.5
04,11,1976,20.5
04,12,1976,20.5
04,13,1976,20.0
04,14,1976,21.5
04,15,1976,20.5
04,16,1976,21.0
04,17,1976,20.0
04,18,1976,20.0
04,19,1976,20.0
04,20,1976,22.0
04,21,1976,23.0
04,22,1976,21.0
04,23,1976,21.0
04,24,1976,20.0
04,25,1976,20.0
04,26,1976,20.0
04,27,1976,22.0
04,28,1976,22.0
04,29,1976,23.0
04,30,1976,22.0
05,01,1976,20.5
05,02,1976,22.0
05,03,1976,20.0
05,04,1976,19.0
05,05,1976,23.0
05,06,1976,19.0
05,07,1976,26.0
05,08,1976,25.0
05,09,1976,20.0
05,10,1976,19.0
05,11,1976,23.0
05,12,1976,23.0
05,13,1976,20.0
05,14,1976,22.0
05,15,1976,20.0
05,16,1976,22.0
05,17,1976,22.0
05,18,1976,20.0
05,19,1976,20.0
05,20,1976,23.0
05,21,1976,22.0
05,22,1976,23.0
05,23,1976,25.0
05,24,1976,23.0
05,25,1976,24.0
05,26,1976,25.0
05,27,1976,27.0
05,28,1976,23.0
05,29,1976,23.0
05,30,1976,26.0
05,31,1976,26.0
06,01,1976,null
06,02,1976,null
06,03,1976,null
06,04,1976,null
06,05,1976,null
06,06,1976,null
06,07,1976,null
06,08,1976,null
06,09,1976,null
06,10,1976,null
06,11,1976,null
06,12,1976,null
06,13,1976,null
06,14,1976,null
06,15,1976,null
06,16,1976,null
06,17,1976,null
06,18,1976,null
06,19,1976,null
06,20,1976,null
06,21,1976,null
06,22,1976,null
06,23,1976,null
06,24,1976,null
06,25,1976,null
06,26,1976,null
06,27,1976,null
06,28,1976,null
06,29,1976,null
06,30,1976,null
07,01,1976,22.0
07,02,1976,22.0
07,03,1976,22.0
07,04,1976,21.0
07,05,1976,23.0
07,06,1976,23.0
07,07,1976,23.0
07,08,1976,22.0
07,09,1976,23.0
07,10,1976,20.0
07,11,1976,22.0
07,12,1976,21.0
07,13,1976,23.0
07,14,1976,24.0
07,15,1976,23.0
07,16,1976,22.0
07,17,1976,23.0
07,18,1976,21.0
07,19,1976,22.0
07,20,1976,23.0
07,21,1976,22.0
07,22,1976,20.0
07,23,1976,20.0
07,24,1976,20.0
07,25,1976,21.0
07,26,1976,21.0
07,27,1976,21.0
07,28,1976,22.0
07,29,1976,23.0
07,30,1976,22.0
07,31,1976,20.0
08,01,1976,22.5
08,02,1976,23.0
08,03,1976,22.0
08,04,1976,21.0
08,05,1976,20.0
08,06,1976,20.0
08,07,1976,20.0
08,08,1976,20.0
08,09,1976,19.0
08,10,1976,18.0
08,11,1976,21.0
08,12,1976,21.0
08,13,1976,23.0
08,14,1976,20.0
08,15,1976,22.0
08,16,1976,23.0
08,17,1976,20.0
08,18,1976,21.0
08,19,1976,20.0
08,20,1976,22.0
08,21,1976,23.0
08,22,1976,23.0
08,23,1976,23.0
08,24,1976,22.0
08,25,1976,20.0
08,26,1976,20.0
08,27,1976,19.0
08,28,1976,20.0
08,29,1976,20.0
08,30,1976,22.0
08,31,1976,23.0
09,01,1976,22.0
09,02,1976,22.0
09,03,1976,21.5
09,04,1976,20.5
09,05,1976,22.0
09,06,1976,23.0
09,07,1976,20.0
09,08,1976,21.0
09,09,1976,21.0
09,10,1976,23.0
09,11,1976,22.0
09,12,1976,20.0
09,13,1976,20.0
09,14,1976,21.0
09,15,1976,20.0
09,16,1976,21.5
09,17,1976,21.0
09,18,1976,22.0
09,19,1976,23.0
09,20,1976,24.0
09,21,1976,23.0
09,22,1976,22.0
09,23,1976,22.5
09,24,1976,22.0
09,25,1976,23.0
09,26,1976,25.0
09,27,1976,25.0
09,28,1976,24.0
09,29,1976,23.0
09,30,1976,22.0
10,01,1976,24.0
10,02,1976,24.0
10,03,1976,23.0
10,04,1976,24.0
10,05,1976,21.0
10,06,1976,23.0
10,07,1976,22.0
10,08,1976,22.0
10,09,1976,16.0
10,10,1976,12.0
10,11,1976,12.0
10,12,1976,17.0
10,13,1976,19.0
10,14,1976,18.0
10,15,1976,18.5
10,16,1976,21.0
10,17,1976,23.0
10,18,1976,20.0
10,19,1976,19.0
10,20,1976,21.0
10,21,1976,20.0
10,22,1976,19.0
10,23,1976,19.5
10,24,1976,19.5
10,25,1976,21.5
10,26,1976,22.5
10,27,1976,23.0
10,28,1976,24.0
10,29,1976,24.0
10,30,1976,23.5
10,31,1976,22.0
11,01,1976,19.0
11,02,1976,19.0
11,03,1976,18.0
11,04,1976,16.5
11,05,1976,13.0
11,06,1976,16.5
11,07,1976,17.0
11,08,1976,17.5
11,09,1976,17.0
11,10,1976,17.0
11,11,1976,17.0
11,12,1976,18.5
11,13,1976,18.0
11,14,1976,19.0
11,15,1976,19.0
11,16,1976,18.0
11,17,1976,17.0
11,18,1976,17.0
11,19,1976,18.0
11,20,1976,19.0
11,21,1976,20.0
11,22,1976,17.0
11,23,1976,17.0
11,24,1976,17.0
11,25,1976,17.0
11,26,1976,18.0
11,27,1976,13.5
11,28,1976,20.0
11,29,1976,16.0
11,30,1976,13.5
12,01,1976,null
12,02,1976,null
12,03,1976,null
12,04,1976,null
12,05,1976,null
12,06,1976,null
12,07,1976,null
12,08,1976,null
12,09,1976,null
12,10,1976,null
12,11,1976,null
12,12,1976,null
12,13,1976,null
12,14,1976,null
12,15,1976,null
12,16,1976,null
12,17,1976,null
12,18,1976,null
12,19,1976,null
12,20,1976,null
12,21,1976,null
12,22,1976,null
12,23,1976,null
12,24,1976,null
12,25,1976,null
12,26,1976,null
12,27,1976,null
12,28,1976,null
12,29,1976,null
12,30,1976,null
12,31,1976,null
01,01,1977,19.0
01,02,1977,19.0
01,03,1977,19.0
01,04,1977,18.0
01,05,1977,18.0
01,06,1977,17.0
01,07,1977,18.0
01,08,1977,18.0
01,09,1977,19.0
01,10,1977,17.0
01,11,1977,14.0
01,12,1977,15.0
01,13,1977,16.0
01,14,1977,16.0
01,15,1977,11.0
01,16,1977,19.0
01,17,1977,18.0
01,18,1977,15.0
01,19,1977,16.0
01,20,1977,12.0
01,21,1977,11.0
01,22,1977,12.0
01,23,1977,14.0
01,24,1977,15.0
01,25,1977,15.0
01,26,1977,17.0
01,27,1977,14.0
01,28,1977,12.0
01,29,1977,10.0
01,30,1977,11.0
01,31,1977,11.0
02,01,1977,15.0
02,02,1977,15.0
02,03,1977,14.0
02,04,1977,13.0
02,05,1977,13.0
02,06,1977,14.0
02,07,1977,14.0
02,08,1977,12.0
02,09,1977,11.0
02,10,1977,11.0
02,11,1977,11.0
02,12,1977,10.0
02,13,1977,13.0
02,14,1977,12.0
02,15,1977,12.0
02,16,1977,13.0
02,17,1977,15.0
02,18,1977,16.0
02,19,1977,15.0
02,20,1977,15.0
02,21,1977,12.0
02,22,1977,12.0
02,23,1977,20.0
02,24,1977,19.0
02,25,1977,18.0
02,26,1977,19.0
02,27,1977,20.0
02,28,1977,13.0
03,01,1977,20.0
03,02,1977,20.0
03,03,1977,21.0
03,04,1977,22.0
03,05,1977,19.0
03,06,1977,19.0
03,07,1977,19.0
03,08,1977,23.0
03,09,1977,23.0
03,10,1977,22.0
03,11,1977,23.0
03,12,1977,24.0
03,13,1977,19.0
03,14,1977,19.0
03,15,1977,19.0
03,16,1977,19.0
03,17,1977,18.0
03,18,1977,20.0
03,19,1977,21.0
03,20,1977,19.0
03,21,1977,19.0
03,22,1977,18.0
03,23,1977,18.0
03,24,1977,19.0
03,25,1977,18.0
03,26,1977,18.0
03,27,1977,18.0
03,28,1977,19.0
03,29,1977,19.0
03,30,1977,18.0
03,31,1977,19.0
04,01,1977,20.0
04,02,1977,21.0
04,03,1977,21.0
04,04,1977,22.0
04,05,1977,16.0
04,06,1977,14.0
04,07,1977,14.0
04,08,1977,15.0
04,09,1977,14.0
04,10,1977,15.0
04,11,1977,16.0
04,12,1977,17.0
04,13,1977,17.0
04,14,1977,17.0
04,15,1977,19.0
04,16,1977,20.0
04,17,1977,22.0
04,18,1977,21.0
04,19,1977,21.0
04,20,1977,20.0
04,21,1977,21.0
04,22,1977,20.0
04,23,1977,17.0
04,24,1977,15.0
04,25,1977,19.0
04,26,1977,15.0
04,27,1977,19.0
04,28,1977,19.0
04,29,1977,19.0
04,30,1977,20.0
05,01,1977,21.0
05,02,1977,22.0
05,03,1977,21.0
05,04,1977,19.0
05,05,1977,19.0
05,06,1977,10.0
05,07,1977,23.0
05,08,1977,21.0
05,09,1977,20.0
05,10,1977,21.0
05,11,1977,21.0
05,12,1977,21.0
05,13,1977,19.0
05,14,1977,21.0
05,15,1977,19.0
05,16,1977,20.0
05,17,1977,21.0
05,18,1977,15.0
05,19,1977,22.0
05,20,1977,20.0
05,21,1977,19.0
05,22,1977,20.0
05,23,1977,16.0
05,24,1977,21.0
05,25,1977,21.0
05,26,1977,19.0
05,27,1977,21.0
05,28,1977,19.0
05,29,1977,21.0
05,30,1977,19.0
05,31,1977,20.0
06,01,1977,21.0
06,02,1977,21.0
06,03,1977,21.0
06,04,1977,21.0
06,05,1977,21.0
06,06,1977,21.0
06,07,1977,22.0
06,08,1977,22.0
06,09,1977,21.0
06,10,1977,22.0
06,11,1977,23.0
06,12,1977,24.0
06,13,1977,23.0
06,14,1977,23.0
06,15,1977,21.0
06,16,1977,22.0
06,17,1977,22.0
06,18,1977,22.0
06,19,1977,22.0
06,20,1977,22.0
06,21,1977,23.0
06,22,1977,22.0
06,23,1977,21.0
06,24,1977,21.0
06,25,1977,23.0
06,26,1977,23.0
06,27,1977,22.0
06,28,1977,23.0
06,29,1977,23.0
06,30,1977,23.0
07,01,1977,19.0
07,02,1977,19.0
07,03,1977,20.0
07,04,1977,21.0
07,05,1977,22.0
07,06,1977,21.0
07,07,1977,22.0
07,08,1977,23.0
07,09,1977,21.0
07,10,1977,22.0
07,11,1977,23.0
07,12,1977,23.0
07,13,1977,23.0
07,14,1977,22.0
07,15,1977,21.0
07,16,1977,22.0
07,17,1977,19.0
07,18,1977,21.0
07,19,1977,22.0
07,20,1977,22.0
07,21,1977,22.0
07,22,1977,22.0
07,23,1977,22.0
07,24,1977,20.0
07,25,1977,20.0
07,26,1977,22.0
07,27,1977,23.0
07,28,1977,23.0
07,29,1977,24.0
07,30,1977,22.0
07,31,1977,21.0
08,01,1977,21.0
08,02,1977,22.0
08,03,1977,21.0
08,04,1977,20.0
08,05,1977,20.0
08,06,1977,19.0
08,07,1977,20.0
08,08,1977,20.0
08,09,1977,21.0
08,10,1977,22.0
08,11,1977,21.0
08,12,1977,21.0
08,13,1977,20.0
08,14,1977,21.0
08,15,1977,22.0
08,16,1977,20.0
08,17,1977,20.0
08,18,1977,21.0
08,19,1977,20.0
08,20,1977,21.0
08,21,1977,21.0
08,22,1977,20.0
08,23,1977,21.0
08,24,1977,22.0
08,25,1977,22.0
08,26,1977,20.0
08,27,1977,20.0
08,28,1977,22.0
08,29,1977,22.0
08,30,1977,20.0
08,31,1977,21.0
09,01,1977,21.0
09,02,1977,22.0
09,03,1977,22.0
09,04,1977,20.0
09,05,1977,20.0
09,06,1977,21.0
09,07,1977,20.0
09,08,1977,21.0
09,09,1977,22.0
09,10,1977,22.0
09,11,1977,22.0
09,12,1977,22.0
09,13,1977,22.0
09,14,1977,22.0
09,15,1977,22.0
09,16,1977,22.0
09,17,1977,22.0
09,18,1977,22.0
09,19,1977,22.0
09,20,1977,20.0
09,21,1977,20.0
09,22,1977,22.0
09,23,1977,22.0
09,24,1977,20.0
09,25,1977,21.0
09,26,1977,23.0
09,27,1977,22.0
09,28,1977,22.0
09,29,1977,22.0
09,30,1977,22.0
10,01,1977,20.0
10,02,1977,20.0
10,03,1977,21.0
10,04,1977,19.0
10,05,1977,18.0
10,06,1977,19.0
10,07,1977,19.0
10,08,1977,19.0
10,09,1977,19.0
10,10,1977,20.0
10,11,1977,21.0
10,12,1977,20.0
10,13,1977,18.0
10,14,1977,17.0
10,15,1977,15.0
10,16,1977,15.0
10,17,1977,17.0
10,18,1977,15.0
10,19,1977,15.0
10,20,1977,16.0
10,21,1977,18.0
10,22,1977,18.0
10,23,1977,18.0
10,24,1977,20.0
10,25,1977,20.0
10,26,1977,20.0
10,27,1977,21.0
10,28,1977,19.0
10,29,1977,19.0
10,30,1977,19.0
10,31,1977,19.0
11,01,1977,20.0
11,02,1977,21.0
11,03,1977,20.0
11,04,1977,20.0
11,05,1977,18.0
11,06,1977,15.0
11,07,1977,15.0
11,08,1977,17.0
11,09,1977,18.0
11,10,1977,18.0
11,11,1977,16.0
11,12,1977,16.0
11,13,1977,16.0
11,14,1977,17.0
11,15,1977,16.0
11,16,1977,16.0
11,17,1977,16.0
11,18,1977,17.0
11,19,1977,16.0
11,20,1977,20.0
11,21,1977,20.0
11,22,1977,21.0
11,23,1977,20.0
11,24,1977,20.0
11,25,1977,22.0
11,26,1977,19.0
11,27,1977,15.0
11,28,1977,16.0
11,29,1977,15.0
11,30,1977,16.0
12,01,1977,20.0
12,02,1977,19.0
12,03,1977,18.0
12,04,1977,10.0
12,05,1977,19.0
12,06,1977,18.0
12,07,1977,17.0
12,08,1977,18.0
12,09,1977,16.0
12,10,1977,17.0
12,11,1977,19.0
12,12,1977,16.0
12,13,1977,18.0
12,14,1977,18.0
12,15,1977,16.0
12,16,1977,15.0
12,17,1977,17.0
12,18,1977,18.0
12,19,1977,18.0
12,20,1977,19.0
12,21,1977,20.0
12,22,1977,22.0
12,23,1977,21.0
12,24,1977,20.0
12,25,1977,19.0
12,26,1977,21.0
12,27,1977,18.0
12,28,1977,19.0
12,29,1977,20.0
12,30,1977,20.0
12,31,1977,19.0
01,01,1978,20.0
01,02,1978,19.0
01,03,1978,20.0
01,04,1978,21.0
01,05,1978,20.0
01,06,1978,18.0
01,07,1978,18.0
01,08,1978,19.0
01,09,1978,17.0
01,10,1978,18.0
01,11,1978,20.0
01,12,1978,20.0
01,13,1978,18.0
01,14,1978,20.0
01,15,1978,18.0
01,16,1978,17.0
01,17,1978,20.0
01,18,1978,16.0
01,19,1978,19.0
01,20,1978,14.0
01,21,1978,13.0
01,22,1978,15.0
01,23,1978,14.0
01,24,1978,16.0
01,25,1978,17.0
01,26,1978,14.0
01,27,1978,13.0
01,28,1978,14.0
01,29,1978,15.0
01,30,1978,15.0
01,31,1978,16.0
02,01,1978,16.0
02,02,1978,16.0
02,03,1978,18.0
02,04,1978,17.0
02,05,1978,17.0
02,06,1978,16.0
02,07,1978,13.0
02,08,1978,13.0
02,09,1978,17.0
02,10,1978,17.0
02,11,1978,15.0
02,12,1978,15.0
02,13,1978,22.0
02,14,1978,20.0
02,15,1978,20.0
02,16,1978,20.0
02,17,1978,19.0
02,18,1978,18.0
02,19,1978,16.0
02,20,1978,16.0
02,21,1978,16.0
02,22,1978,13.0
02,23,1978,13.0
02,24,1978,14.0
02,25,1978,15.0
02,26,1978,20.0
02,27,1978,18.0
02,28,1978,20.0
03,01,1978,23.0
03,02,1978,23.0
03,03,1978,26.0
03,04,1978,21.0
03,05,1978,16.0
03,06,1978,16.0
03,07,1978,16.0
03,08,1978,21.0
03,09,1978,16.0
03,10,1978,13.0
03,11,1978,15.0
03,12,1978,18.0
03,13,1978,19.0
03,14,1978,23.0
03,15,1978,19.0
03,16,1978,21.0
03,17,1978,15.0
03,18,1978,12.0
03,19,1978,12.0
03,20,1978,15.0
03,21,1978,15.0
03,22,1978,17.0
03,23,1978,21.0
03,24,1978,21.0
03,25,1978,23.0
03,26,1978,22.0
03,27,1978,17.0
03,28,1978,17.0
03,29,1978,15.0
03,30,1978,17.0
03,31,1978,18.0
04,01,1978,17.0
04,02,1978,16.0
04,03,1978,18.0
04,04,1978,20.0
04,05,1978,22.0
04,06,1978,20.0
04,07,1978,20.0
04,08,1978,22.0
04,09,1978,21.0
04,10,1978,24.0
04,11,1978,26.0
04,12,1978,21.0
04,13,1978,20.0
04,14,1978,21.0
04,15,1978,21.0
04,16,1978,22.0
04,17,1978,23.0
04,18,1978,26.0
04,19,1978,25.0
04,20,1978,26.0
04,21,1978,24.0
04,22,1978,21.0
04,23,1978,25.0
04,24,1978,24.0
04,25,1978,24.0
04,26,1978,22.0
04,27,1978,21.0
04,28,1978,20.0
04,29,1978,20.0
04,30,1978,26.0
05,01,1978,28.0
05,02,1978,26.0
05,03,1978,26.0
05,04,1978,26.0
05,05,1978,21.0
05,06,1978,21.0
05,07,1978,26.0
05,08,1978,27.0
05,09,1978,25.0
05,10,1978,24.0
05,11,1978,23.0
05,12,1978,24.0
05,13,1978,25.0
05,14,1978,25.0
05,15,1978,24.0
05,16,1978,22.0
05,17,1978,23.0
05,18,1978,26.0
05,19,1978,29.0
05,20,1978,25.0
05,21,1978,24.0
05,22,1978,23.0
05,23,1978,24.0
05,24,1978,23.0
05,25,1978,24.0
05,26,1978,23.0
05,27,1978,24.0
05,28,1978,22.0
05,29,1978,23.0
05,30,1978,21.0
05,31,1978,21.0
06,01,1978,24.0
06,02,1978,23.0
06,03,1978,23.0
06,04,1978,23.0
06,05,1978,22.0
06,06,1978,20.0
06,07,1978,15.0
06,08,1978,23.0
06,09,1978,22.0
06,10,1978,22.0
06,11,1978,22.0
06,12,1978,22.0
06,13,1978,21.0
06,14,1978,22.0
06,15,1978,21.0
06,16,1978,20.0
06,17,1978,21.0
06,18,1978,20.0
06,19,1978,19.0
06,20,1978,21.0
06,21,1978,21.0
06,22,1978,21.0
06,23,1978,20.0
06,24,1978,18.0
06,25,1978,17.0
06,26,1978,18.0
06,27,1978,18.0
06,28,1978,17.0
06,29,1978,17.0
06,30,1978,17.0
07,01,1978,19.0
07,02,1978,18.0
07,03,1978,17.0
07,04,1978,16.0
07,05,1978,18.0
07,06,1978,17.0
07,07,1978,19.0
07,08,1978,20.0
07,09,1978,18.0
07,10,1978,19.0
07,11,1978,17.0
07,12,1978,17.0
07,13,1978,17.0
07,14,1978,17.0
07,15,1978,17.0
07,16,1978,17.0
07,17,1978,18.0
07,18,1978,17.0
07,19,1978,18.0
07,20,1978,17.0
07,21,1978,18.0
07,22,1978,19.0
07,23,1978,18.0
07,24,1978,18.0
07,25,1978,16.0
07,26,1978,17.0
07,27,1978,18.0
07,28,1978,21.0
07,29,1978,21.0
07,30,1978,15.0
07,31,1978,15.0
08,01,1978,19.0
08,02,1978,17.0
08,03,1978,19.0
08,04,1978,20.0
08,05,1978,18.0
08,06,1978,19.0
08,07,1978,20.0
08,08,1978,20.0
08,09,1978,19.0
08,10,1978,19.0
08,11,1978,19.0
08,12,1978,19.0
08,13,1978,20.0
08,14,1978,21.0
08,15,1978,22.0
08,16,1978,21.0
08,17,1978,22.0
08,18,1978,24.0
08,19,1978,23.0
08,20,1978,21.0
08,21,1978,19.0
08,22,1978,18.0
08,23,1978,19.0
08,24,1978,20.0
08,25,1978,20.0
08,26,1978,21.0
08,27,1978,20.0
08,28,1978,19.0
08,29,1978,21.0
08,30,1978,20.0
08,31,1978,19.0
09,01,1978,21.0
09,02,1978,21.0
09,03,1978,21.0
09,04,1978,19.0
09,05,1978,21.0
09,06,1978,21.0
09,07,1978,21.0
09,08,1978,22.0
09,09,1978,23.0
09,10,1978,22.0
09,11,1978,23.0
09,12,1978,24.0
09,13,1978,24.0
09,14,1978,23.0
09,15,1978,20.0
09,16,1978,22.0
09,17,1978,21.0
09,18,1978,23.0
09,19,1978,22.0
09,20,1978,22.0
09,21,1978,22.0
09,22,1978,20.0
09,23,1978,24.0
09,24,1978,21.0
09,25,1978,22.0
09,26,1978,21.0
09,27,1978,22.0
09,28,1978,22.0
09,29,1978,22.0
09,30,1978,22.0
10,01,1978,23.0
10,02,1978,21.0
10,03,1978,22.0
10,04,1978,22.0
10,05,1978,21.0
10,06,1978,22.0
10,07,1978,23.0
10,08,1978,21.0
10,09,1978,22.0
10,10,1978,21.0
10,11,1978,22.0
10,12,1978,21.0
10,13,1978,21.0
10,14,1978,20.0
10,15,1978,19.0
10,16,1978,19.0
10,17,1978,18.0
10,18,1978,18.0
10,19,1978,17.0
10,20,1978,18.0
10,21,1978,19.0
10,22,1978,17.0
10,23,1978,16.0
10,24,1978,18.0
10,25,1978,19.0
10,26,1978,17.0
10,27,1978,20.0
10,28,1978,19.0
10,29,1978,19.0
10,30,1978,21.0
10,31,1978,20.0
11,01,1978,18.0
11,02,1978,19.0
11,03,1978,20.0
11,04,1978,19.0
11,05,1978,18.0
11,06,1978,18.0
11,07,1978,19.0
11,08,1978,17.0
11,09,1978,18.0
11,10,1978,19.0
11,11,1978,21.0
11,12,1978,20.0
11,13,1978,21.0
11,14,1978,22.0
11,15,1978,23.0
11,16,1978,23.0
11,17,1978,22.0
11,18,1978,23.0
11,19,1978,22.0
11,20,1978,21.0
11,21,1978,19.0
11,22,1978,19.0
11,23,1978,20.0
11,24,1978,19.0
11,25,1978,21.0
11,26,1978,22.0
11,27,1978,23.0
11,28,1978,21.0
11,29,1978,19.0
11,30,1978,20.0
12,01,1978,19.0
12,02,1978,20.0
12,03,1978,23.0
12,04,1978,24.0
12,05,1978,20.0
12,06,1978,20.0
12,07,1978,23.0
12,08,1978,20.0
12,09,1978,21.0
12,10,1978,13.0
12,11,1978,14.0
12,12,1978,12.0
12,13,1978,16.0
12,14,1978,17.0
12,15,1978,16.0
12,16,1978,16.0
12,17,1978,17.0
12,18,1978,19.0
12,19,1978,19.0
12,20,1978,17.0
12,21,1978,20.0
12,22,1978,18.0
12,23,1978,17.0
12,24,1978,18.0
12,25,1978,19.0
12,26,1978,17.0
12,27,1978,18.0
12,28,1978,17.0
12,29,1978,19.0
12,30,1978,19.0
12,31,1978,19.0
01,01,1979,19.0
01,02,1979,14.0
01,03,1979,8.0
01,04,1979,9.0
01,05,1979,13.0
01,06,1979,16.0
01,07,1979,17.0
01,08,1979,18.0
01,09,1979,13.0
01,10,1979,15.0
01,11,1979,15.0
01,12,1979,15.0
01,13,1979,15.0
01,14,1979,18.0
01,15,1979,13.0
01,16,1979,15.0
01,17,1979,16.0
01,18,1979,16.0
01,19,1979,18.0
01,20,1979,19.0
01,21,1979,16.0
01,22,1979,14.0
01,23,1979,15.0
01,24,1979,18.0
01,25,1979,15.0
01,26,1979,15.0
01,27,1979,20.0
01,28,1979,18.0
01,29,1979,18.0
01,30,1979,18.0
01,31,1979,19.0
02,01,1979,15.0
02,02,1979,15.0
02,03,1979,18.0
02,04,1979,18.0
02,05,1979,19.0
02,06,1979,19.0
02,07,1979,18.0
02,08,1979,15.0
02,09,1979,15.0
02,10,1979,16.0
02,11,1979,16.0
02,12,1979,16.0
02,13,1979,17.0
02,14,1979,16.0
02,15,1979,16.0
02,16,1979,17.0
02,17,1979,20.0
02,18,1979,17.0
02,19,1979,14.0
02,20,1979,14.0
02,21,1979,15.0
02,22,1979,17.0
02,23,1979,18.0
02,24,1979,18.0
02,25,1979,21.0
02,26,1979,15.0
02,27,1979,12.0
02,28,1979,12.0
03,01,1979,19.0
03,02,1979,20.0
03,03,1979,20.0
03,04,1979,18.0
03,05,1979,19.0
03,06,1979,17.0
03,07,1979,16.0
03,08,1979,16.0
03,09,1979,16.0
03,10,1979,17.0
03,11,1979,19.0
03,12,1979,16.0
03,13,1979,16.0
03,14,1979,18.0
03,15,1979,20.0
03,16,1979,20.0
03,17,1979,20.0
03,18,1979,21.0
03,19,1979,19.0
03,20,1979,18.0
03,21,1979,22.0
03,22,1979,22.0
03,23,1979,24.0
03,24,1979,23.0
03,25,1979,19.0
03,26,1979,18.0
03,27,1979,19.0
03,28,1979,20.0
03,29,1979,22.0
03,30,1979,22.0
03,31,1979,22.0
04,01,1979,23.0
04,02,1979,23.0
04,03,1979,21.0
04,04,1979,20.0
04,05,1979,22.0
04,06,1979,21.0
04,07,1979,21.0
04,08,1979,21.0
04,09,1979,21.0
04,10,1979,26.0
04,11,1979,25.0
04,12,1979,24.0
04,13,1979,25.0
04,14,1979,24.0
04,15,1979,23.0
04,16,1979,23.0
04,17,1979,22.0
04,18,1979,20.0
04,19,1979,22.0
04,20,1979,24.0
04,21,1979,20.0
04,22,1979,20.0
04,23,1979,20.0
04,24,1979,21.0
04,25,1979,20.0
04,26,1979,22.0
04,27,1979,23.0
04,28,1979,23.0
04,29,1979,23.0
04,30,1979,25.0
05,01,1979,23.0
05,02,1979,23.0
05,03,1979,23.0
05,04,1979,22.0
05,05,1979,20.0
05,06,1979,20.0
05,07,1979,20.0
05,08,1979,20.0
05,09,1979,23.0
05,10,1979,25.0
05,11,1979,25.0
05,12,1979,23.0
05,13,1979,22.0
05,14,1979,21.0
05,15,1979,21.0
05,16,1979,22.0
05,17,1979,20.0
05,18,1979,19.0
05,19,1979,18.0
05,20,1979,20.0
05,21,1979,20.0
05,22,1979,21.0
05,23,1979,25.0
05,24,1979,22.0
05,25,1979,22.0
05,26,1979,21.0
05,27,1979,21.0
05,28,1979,22.0
05,29,1979,21.0
05,30,1979,25.0
05,31,1979,23.0
06,01,1979,22.0
06,02,1979,21.0
06,03,1979,21.0
06,04,1979,20.0
06,05,1979,20.0
06,06,1979,24.0
06,07,1979,24.0
06,08,1979,24.0
06,09,1979,22.0
06,10,1979,21.0
06,11,1979,20.0
06,12,1979,20.0
06,13,1979,20.0
06,14,1979,20.0
06,15,1979,20.0
06,16,1979,20.0
06,17,1979,20.0
06,18,1979,21.0
06,19,1979,23.0
06,20,1979,21.0
06,21,1979,23.0
06,22,1979,22.0
06,23,1979,23.0
06,24,1979,22.0
06,25,1979,21.0
06,26,1979,21.0
06,27,1979,20.0
06,28,1979,22.0
06,29,1979,21.0
06,30,1979,22.0
07,01,1979,22.0
07,02,1979,24.0
07,03,1979,20.0
07,04,1979,21.0
07,05,1979,22.0
07,06,1979,24.0
07,07,1979,23.0
07,08,1979,21.0
07,09,1979,21.0
07,10,1979,22.0
07,11,1979,22.0
07,12,1979,23.0
07,13,1979,23.0
07,14,1979,24.0
07,15,1979,24.0
07,16,1979,21.0
07,17,1979,22.0
07,18,1979,22.0
07,19,1979,21.0
07,20,1979,22.0
07,21,1979,21.0
07,22,1979,21.0
07,23,1979,20.0
07,24,1979,22.0
07,25,1979,24.0
07,26,1979,25.0
07,27,1979,24.0
07,28,1979,20.0
07,29,1979,22.0
07,30,1979,21.0
07,31,1979,23.0
08,01,1979,22.0
08,02,1979,22.0
08,03,1979,23.0
08,04,1979,21.0
08,05,1979,21.0
08,06,1979,22.0
08,07,1979,22.0
08,08,1979,23.0
08,09,1979,22.0
08,10,1979,21.0
08,11,1979,22.0
08,12,1979,22.0
08,13,1979,22.0
08,14,1979,21.0
08,15,1979,21.0
08,16,1979,21.0
08,17,1979,20.0
08,18,1979,21.0
08,19,1979,20.0
08,20,1979,22.0
08,21,1979,21.0
08,22,1979,20.0
08,23,1979,21.0
08,24,1979,21.0
08,25,1979,20.0
08,26,1979,19.0
08,27,1979,19.0
08,28,1979,20.0
08,29,1979,22.0
08,30,1979,22.0
08,31,1979,21.0
09,01,1979,21.0
09,02,1979,22.0
09,03,1979,23.0
09,04,1979,22.0
09,05,1979,21.0
09,06,1979,22.0
09,07,1979,23.0
09,08,1979,23.0
09,09,1979,22.0
09,10,1979,24.0
09,11,1979,22.0
09,12,1979,23.0
09,13,1979,23.0
09,14,1979,23.0
09,15,1979,23.0
09,16,1979,23.0
09,17,1979,20.0
09,18,1979,22.0
09,19,1979,23.0
09,20,1979,22.0
09,21,1979,22.0
09,22,1979,19.0
09,23,1979,21.0
09,24,1979,21.0
09,25,1979,20.0
09,26,1979,18.0
09,27,1979,18.0
09,28,1979,18.0
09,29,1979,20.0
09,30,1979,20.0
10,01,1979,20.0
10,02,1979,21.0
10,03,1979,21.0
10,04,1979,22.0
10,05,1979,20.0
10,06,1979,20.0
10,07,1979,20.0
10,08,1979,21.0
10,09,1979,21.0
10,10,1979,20.0
10,11,1979,21.0
10,12,1979,20.0
10,13,1979,21.0
10,14,1979,22.0
10,15,1979,21.0
10,16,1979,21.0
10,17,1979,21.0
10,18,1979,21.0
10,19,1979,20.0
10,20,1979,20.0
10,21,1979,20.0
10,22,1979,23.0
10,23,1979,24.0
10,24,1979,20.0
10,25,1979,19.0
10,26,1979,20.0
10,27,1979,20.0
10,28,1979,20.0
10,29,1979,22.0
10,30,1979,23.0
10,31,1979,25.0
11,01,1979,20.0
11,02,1979,20.0
11,03,1979,19.0
11,04,1979,18.0
11,05,1979,18.0
11,06,1979,18.0
11,07,1979,18.0
11,08,1979,18.0
11,09,1979,17.0
11,10,1979,17.0
11,11,1979,20.0
11,12,1979,20.0
11,13,1979,20.0
11,14,1979,17.0
11,15,1979,16.0
11,16,1979,16.0
11,17,1979,14.0
11,18,1979,16.0
11,19,1979,17.0
11,20,1979,19.0
11,21,1979,20.0
11,22,1979,21.0
11,23,1979,18.0
11,24,1979,15.0
11,25,1979,15.0
11,26,1979,18.0
11,27,1979,18.0
11,28,1979,19.0
11,29,1979,18.0
11,30,1979,14.0
12,01,1979,14.0
12,02,1979,16.0
12,03,1979,16.0
12,04,1979,16.0
12,05,1979,16.0
12,06,1979,16.0
12,07,1979,16.0
12,08,1979,19.0
12,09,1979,19.0
12,10,1979,19.0
12,11,1979,19.0
12,12,1979,20.0
12,13,1979,20.0
12,14,1979,19.0
12,15,1979,17.0
12,16,1979,16.0
12,17,1979,18.0
12,18,1979,14.0
12,19,1979,13.0
12,20,1979,15.0
12,21,1979,14.0
12,22,1979,16.0
12,23,1979,17.0
12,24,1979,18.0
12,25,1979,16.0
12,26,1979,14.0
12,27,1979,14.0
12,28,1979,15.0
12,29,1979,18.0
12,30,1979,16.0
12,31,1979,16.0
01,01,1980,16.0
01,02,1980,16.0
01,03,1980,14.0
01,04,1980,16.0
01,05,1980,15.0
01,06,1980,15.0
01,07,1980,13.0
01,08,1980,16.0
01,09,1980,19.0
01,10,1980,19.0
01,11,1980,19.0
01,12,1980,19.0
01,13,1980,18.0
01,14,1980,18.0
01,15,1980,20.0
01,16,1980,18.0
01,17,1980,20.0
01,18,1980,18.0
01,19,1980,20.0
01,20,1980,21.0
01,21,1980,19.0
01,22,1980,19.0
01,23,1980,16.0
01,24,1980,11.0
01,25,1980,12.0
01,26,1980,21.0
01,27,1980,18.0
01,28,1980,19.0
01,29,1980,20.0
01,30,1980,21.0
01,31,1980,20.0
02,01,1980,15.0
02,02,1980,14.0
02,03,1980,15.0
02,04,1980,14.0
02,05,1980,13.0
02,06,1980,13.0
02,07,1980,16.0
02,08,1980,14.0
02,09,1980,15.0
02,10,1980,14.0
02,11,1980,13.0
02,12,1980,13.0
02,13,1980,16.0
02,14,1980,16.0
02,15,1980,17.0
02,16,1980,17.0
02,17,1980,18.0
02,18,1980,15.0
02,19,1980,15.0
02,20,1980,15.0
02,21,1980,16.0
02,22,1980,18.0
02,23,1980,19.0
02,24,1980,18.0
02,25,1980,20.0
02,26,1980,18.0
02,27,1980,14.0
02,28,1980,15.0
02,29,1980,12.0
03,01,1980,18.0
03,02,1980,12.0
03,03,1980,9.0
03,04,1980,10.0
03,05,1980,16.0
03,06,1980,19.0
03,07,1980,17.0
03,08,1980,19.0
03,09,1980,20.0
03,10,1980,18.0
03,11,1980,19.0
03,12,1980,21.0
03,13,1980,24.0
03,14,1980,22.0
03,15,1980,20.0
03,16,1980,21.0
03,17,1980,21.0
03,18,1980,22.0
03,19,1980,15.0
03,20,1980,16.0
03,21,1980,18.0
03,22,1980,22.0
03,23,1980,20.0
03,24,1980,23.0
03,25,1980,24.0
03,26,1980,17.0
03,27,1980,21.0
03,28,1980,23.0
03,29,1980,22.0
03,30,1980,21.0
03,31,1980,17.0
04,01,1980,19.0
04,02,1980,20.0
04,03,1980,24.0
04,04,1980,20.0
04,05,1980,19.0
04,06,1980,14.0
04,07,1980,16.0
04,08,1980,19.0
04,09,1980,20.0
04,10,1980,20.0
04,11,1980,21.0
04,12,1980,24.0
04,13,1980,23.0
04,14,1980,20.0
04,15,1980,15.0
04,16,1980,18.0
04,17,1980,19.0
04,18,1980,20.0
04,19,1980,22.0
04,20,1980,19.0
04,21,1980,20.0
04,22,1980,16.0
04,23,1980,18.0
04,24,1980,20.0
04,25,1980,25.0
04,26,1980,26.0
04,27,1980,24.0
04,28,1980,19.0
04,29,1980,20.0
04,30,1980,20.0
05,01,1980,25.0
05,02,1980,24.0
05,03,1980,24.0
05,04,1980,25.0
05,05,1980,24.0
05,06,1980,22.0
05,07,1980,24.0
05,08,1980,25.0
05,09,1980,26.0
05,10,1980,24.0
05,11,1980,25.0
05,12,1980,25.0
05,13,1980,24.0
05,14,1980,25.0
05,15,1980,25.0
05,16,1980,26.0
05,17,1980,25.0
05,18,1980,23.0
05,19,1980,24.0
05,20,1980,21.0
05,21,1980,23.0
05,22,1980,20.0
05,23,1980,22.0
05,24,1980,25.0
05,25,1980,25.0
05,26,1980,25.0
05,27,1980,23.0
05,28,1980,24.0
05,29,1980,24.0
05,30,1980,23.0
05,31,1980,24.0
06,01,1980,23.0
06,02,1980,24.0
06,03,1980,23.0
06,04,1980,22.0
06,05,1980,22.0
06,06,1980,23.0
06,07,1980,25.0
06,08,1980,23.0
06,09,1980,22.0
06,10,1980,20.0
06,11,1980,22.0
06,12,1980,23.0
06,13,1980,22.0
06,14,1980,20.0
06,15,1980,22.0
06,16,1980,20.0
06,17,1980,20.0
06,18,1980,22.0
06,19,1980,23.0
06,20,1980,23.0
06,21,1980,23.0
06,22,1980,21.0
06,23,1980,22.0
06,24,1980,21.0
06,25,1980,20.0
06,26,1980,20.0
06,27,1980,22.0
06,28,1980,22.0
06,29,1980,23.0
06,30,1980,23.0
07,01,1980,23.0
07,02,1980,22.0
07,03,1980,20.0
07,04,1980,22.0
07,05,1980,24.0
07,06,1980,20.0
07,07,1980,22.0
07,08,1980,20.0
07,09,1980,20.0
07,10,1980,20.0
07,11,1980,21.0
07,12,1980,24.0
07,13,1980,23.0
07,14,1980,22.0
07,15,1980,20.0
07,16,1980,20.0
07,17,1980,20.0
07,18,1980,23.0
07,19,1980,22.0
07,20,1980,23.0
07,21,1980,23.0
07,22,1980,20.0
07,23,1980,23.0
07,24,1980,22.0
07,25,1980,22.0
07,26,1980,20.0
07,27,1980,23.0
07,28,1980,23.0
07,29,1980,22.0
07,30,1980,22.0
07,31,1980,20.0
08,01,1980,22.0
08,02,1980,20.0
08,03,1980,22.0
08,04,1980,22.0
08,05,1980,22.0
08,06,1980,22.0
08,07,1980,23.0
08,08,1980,23.0
08,09,1980,24.0
08,10,1980,25.0
08,11,1980,23.0
08,12,1980,23.0
08,13,1980,22.0
08,14,1980,23.0
08,15,1980,21.0
08,16,1980,22.0
08,17,1980,23.0
08,18,1980,23.0
08,19,1980,23.0
08,20,1980,24.0
08,21,1980,20.0
08,22,1980,21.0
08,23,1980,22.0
08,24,1980,20.0
08,25,1980,22.0
08,26,1980,22.0
08,27,1980,22.0
08,28,1980,20.0
08,29,1980,20.0
08,30,1980,20.0
08,31,1980,20.0
09,01,1980,20.0
09,02,1980,22.0
09,03,1980,21.0
09,04,1980,20.0
09,05,1980,21.0
09,06,1980,21.0
09,07,1980,20.0
09,08,1980,23.0
09,09,1980,22.0
09,10,1980,22.0
09,11,1980,20.0
09,12,1980,20.0
09,13,1980,23.0
09,14,1980,20.0
09,15,1980,21.0
09,16,1980,22.0
09,17,1980,23.0
09,18,1980,22.0
09,19,1980,22.0
09,20,1980,22.0
09,21,1980,22.0
09,22,1980,23.0
09,23,1980,22.0
09,24,1980,23.0
09,25,1980,23.0
09,26,1980,22.0
09,27,1980,22.0
09,28,1980,23.0
09,29,1980,22.0
09,30,1980,23.0
10,01,1980,23.0
10,02,1980,22.0
10,03,1980,21.0
10,04,1980,20.0
10,05,1980,21.0
10,06,1980,20.0
10,07,1980,20.0
10,08,1980,19.0
10,09,1980,20.0
10,10,1980,20.0
10,11,1980,22.0
10,12,1980,22.0
10,13,1980,20.0
10,14,1980,20.0
10,15,1980,21.0
10,16,1980,20.0
10,17,1980,22.0
10,18,1980,23.0
10,19,1980,23.0
10,20,1980,23.0
10,21,1980,22.0
10,22,1980,22.0
10,23,1980,23.0
10,24,1980,22.0
10,25,1980,22.0
10,26,1980,22.0
10,27,1980,23.0
10,28,1980,24.0
10,29,1980,22.0
10,30,1980,17.0
10,31,1980,18.0
11,01,1980,17.0
11,02,1980,18.0
11,03,1980,20.0
11,04,1980,20.0
11,05,1980,19.0
11,06,1980,18.0
11,07,1980,18.0
11,08,1980,15.0
11,09,1980,15.0
11,10,1980,16.0
11,11,1980,16.0
11,12,1980,20.0
11,13,1980,17.0
11,14,1980,16.0
11,15,1980,17.0
11,16,1980,22.0
11,17,1980,22.0
11,18,1980,16.0
11,19,1980,15.0
11,20,1980,16.0
11,21,1980,18.0
11,22,1980,18.0
11,23,1980,19.0
11,24,1980,20.0
11,25,1980,20.0
11,26,1980,20.0
11,27,1980,14.0
11,28,1980,15.0
11,29,1980,15.0
11,30,1980,16.0
12,01,1980,15.0
12,02,1980,16.0
12,03,1980,19.0
12,04,1980,18.0
12,05,1980,19.0
12,06,1980,20.0
12,07,1980,21.0
12,08,1980,21.0
12,09,1980,20.0
12,10,1980,19.0
12,11,1980,15.0
12,12,1980,15.0
12,13,1980,16.0
12,14,1980,17.0
12,15,1980,15.0
12,16,1980,15.0
12,17,1980,15.0
12,18,1980,13.0
12,19,1980,14.0
12,20,1980,16.0
12,21,1980,15.0
12,22,1980,15.0
12,23,1980,15.0
12,24,1980,17.0
12,25,1980,18.0
12,26,1980,15.0
12,27,1980,15.0
12,28,1980,15.0
12,29,1980,15.0
12,30,1980,15.0
12,31,1980,14.0
01,01,1981,13.0
01,02,1981,15.0
01,03,1981,15.0
01,04,1981,16.0
01,05,1981,17.0
01,06,1981,15.0
01,07,1981,16.0
01,08,1981,17.0
01,09,1981,19.0
01,10,1981,19.0
01,11,1981,18.0
01,12,1981,18.0
01,13,1981,15.0
01,14,1981,14.0
01,15,1981,15.0
01,16,1981,15.0
01,17,1981,15.0
01,18,1981,15.0
01,19,1981,15.0
01,20,1981,16.0
01,21,1981,17.0
01,22,1981,17.0
01,23,1981,15.0
01,24,1981,14.0
01,25,1981,12.0
01,26,1981,13.0
01,27,1981,14.0
01,28,1981,18.0
01,29,1981,15.0
01,30,1981,18.0
01,31,1981,18.0
02,01,1981,18.0
02,02,1981,17.0
02,03,1981,15.0
02,04,1981,15.0
02,05,1981,14.0
02,06,1981,16.0
02,07,1981,18.0
02,08,1981,19.0
02,09,1981,18.0
02,10,1981,15.0
02,11,1981,12.0
02,12,1981,13.0
02,13,1981,14.0
02,14,1981,15.0
02,15,1981,15.0
02,16,1981,16.0
02,17,1981,16.0
02,18,1981,18.0
02,19,1981,19.0
02,20,1981,18.0
02,21,1981,18.0
02,22,1981,19.0
02,23,1981,14.0
02,24,1981,14.0
02,25,1981,15.0
02,26,1981,19.0
02,27,1981,18.0
02,28,1981,19.0
03,01,1981,18.0
03,02,1981,18.0
03,03,1981,20.0
03,04,1981,20.0
03,05,1981,24.0
03,06,1981,20.0
03,07,1981,21.0
03,08,1981,22.0
03,09,1981,18.0
03,10,1981,19.0
03,11,1981,19.0
03,12,1981,20.0
03,13,1981,20.0
03,14,1981,20.0
03,15,1981,20.0
03,16,1981,21.0
03,17,1981,19.0
03,18,1981,19.0
03,19,1981,20.0
03,20,1981,15.0
03,21,1981,18.0
03,22,1981,22.0
03,23,1981,19.0
03,24,1981,15.0
03,25,1981,16.0
03,26,1981,18.0
03,27,1981,17.0
03,28,1981,19.0
03,29,1981,18.0
03,30,1981,25.0
03,31,1981,20.0
04,01,1981,20.0
04,02,1981,22.0
04,03,1981,20.0
04,04,1981,22.0
04,05,1981,22.0
04,06,1981,19.0
04,07,1981,19.0
04,08,1981,20.0
04,09,1981,20.0
04,10,1981,22.0
04,11,1981,20.0
04,12,1981,21.0
04,13,1981,23.0
04,14,1981,22.0
04,15,1981,19.0
04,16,1981,20.0
04,17,1981,20.0
04,18,1981,20.0
04,19,1981,20.0
04,20,1981,22.0
04,21,1981,20.0
04,22,1981,22.0
04,23,1981,24.0
04,24,1981,24.0
04,25,1981,23.0
04,26,1981,20.0
04,27,1981,23.0
04,28,1981,23.0
04,29,1981,23.0
04,30,1981,23.0
05,01,1981,23.0
05,02,1981,24.0
05,03,1981,23.0
05,04,1981,24.0
05,05,1981,24.0
05,06,1981,23.0
05,07,1981,23.0
05,08,1981,22.0
05,09,1981,23.0
05,10,1981,23.0
05,11,1981,21.0
05,12,1981,22.0
05,13,1981,24.0
05,14,1981,23.0
05,15,1981,23.0
05,16,1981,24.0
05,17,1981,24.0
05,18,1981,25.0
05,19,1981,25.0
05,20,1981,25.0
05,21,1981,25.0
05,22,1981,23.0
05,23,1981,24.0
05,24,1981,23.0
05,25,1981,23.0
05,26,1981,23.0
05,27,1981,25.0
05,28,1981,23.0
05,29,1981,25.0
05,30,1981,25.0
05,31,1981,24.0
06,01,1981,23.0
06,02,1981,22.0
06,03,1981,23.0
06,04,1981,23.0
06,05,1981,25.0
06,06,1981,23.0
06,07,1981,23.0
06,08,1981,23.0
06,09,1981,23.0
06,10,1981,25.0
06,11,1981,25.0
06,12,1981,25.0
06,13,1981,24.0
06,14,1981,24.0
06,15,1981,22.0
06,16,1981,23.0
06,17,1981,23.0
06,18,1981,23.0
06,19,1981,23.0
06,20,1981,23.0
06,21,1981,22.0
06,22,1981,24.0
06,23,1981,24.0
06,24,1981,24.0
06,25,1981,22.0
06,26,1981,23.0
06,27,1981,20.0
06,28,1981,22.0
06,29,1981,22.0
06,30,1981,23.0
07,01,1981,22.0
07,02,1981,22.0
07,03,1981,23.0
07,04,1981,23.0
07,05,1981,23.0
07,06,1981,25.0
07,07,1981,25.0
07,08,1981,22.0
07,09,1981,20.0
07,10,1981,20.0
07,11,1981,20.0
07,12,1981,22.0
07,13,1981,22.0
07,14,1981,21.0
07,15,1981,21.0
07,16,1981,20.0
07,17,1981,23.0
07,18,1981,23.0
07,19,1981,23.0
07,20,1981,22.0
07,21,1981,23.0
07,22,1981,22.0
07,23,1981,23.0
07,24,1981,23.0
07,25,1981,22.0
07,26,1981,23.0
07,27,1981,22.0
07,28,1981,22.0
07,29,1981,24.0
07,30,1981,23.0
07,31,1981,22.0
08,01,1981,19.5
08,02,1981,22.0
08,03,1981,23.0
08,04,1981,21.5
08,05,1981,23.0
08,06,1981,23.0
08,07,1981,23.0
08,08,1981,22.0
08,09,1981,20.5
08,10,1981,21.0
08,11,1981,23.0
08,12,1981,21.5
08,13,1981,22.0
08,14,1981,22.0
08,15,1981,23.0
08,16,1981,23.0
08,17,1981,24.0
08,18,1981,25.0
08,19,1981,21.5
08,20,1981,23.0
08,21,1981,22.0
08,22,1981,22.0
08,23,1981,21.5
08,24,1981,22.0
08,25,1981,21.5
08,26,1981,22.0
08,27,1981,22.5
08,28,1981,23.0
08,29,1981,21.5
08,30,1981,23.0
08,31,1981,24.0
09,01,1981,24.0
09,02,1981,23.5
09,03,1981,23.0
09,04,1981,22.0
09,05,1981,21.5
09,06,1981,21.0
09,07,1981,22.5
09,08,1981,21.5
09,09,1981,19.5
09,10,1981,20.5
09,11,1981,21.5
09,12,1981,23.0
09,13,1981,19.0
09,14,1981,18.5
09,15,1981,21.0
09,16,1981,22.5
09,17,1981,21.0
09,18,1981,22.5
09,19,1981,20.0
09,20,1981,20.0
09,21,1981,22.0
09,22,1981,23.5
09,23,1981,23.5
09,24,1981,21.5
09,25,1981,21.0
09,26,1981,23.0
09,27,1981,23.5
09,28,1981,23.0
09,29,1981,22.0
09,30,1981,22.5
10,01,1981,23.0
10,02,1981,22.5
10,03,1981,21.0
10,04,1981,22.0
10,05,1981,22.0
10,06,1981,23.5
10,07,1981,22.5
10,08,1981,23.0
10,09,1981,23.5
10,10,1981,23.5
10,11,1981,23.0
10,12,1981,22.5
10,13,1981,22.0
10,14,1981,24.5
10,15,1981,23.0
10,16,1981,23.0
10,17,1981,23.5
10,18,1981,23.5
10,19,1981,22.5
10,20,1981,22.5
10,21,1981,22.0
10,22,1981,21.5
10,23,1981,20.5
10,24,1981,19.0
10,25,1981,20.0
10,26,1981,22.5
10,27,1981,22.0
10,28,1981,23.5
10,29,1981,21.0
10,30,1981,22.5
10,31,1981,21.5
11,01,1981,23.0
11,02,1981,18.5
11,03,1981,19.5
11,04,1981,20.0
11,05,1981,20.0
11,06,1981,22.5
11,07,1981,22.0
11,08,1981,21.5
11,09,1981,19.0
11,10,1981,19.5
11,11,1981,19.0
11,12,1981,20.5
11,13,1981,16.0
11,14,1981,18.5
11,15,1981,19.5
11,16,1981,13.5
11,17,1981,18.5
11,18,1981,19.0
11,19,1981,20.0
11,20,1981,20.5
11,21,1981,18.5
11,22,1981,19.5
11,23,1981,20.0
11,24,1981,20.5
11,25,1981,19.0
11,26,1981,19.5
11,27,1981,19.0
11,28,1981,20.0
11,29,1981,21.0
11,30,1981,22.5
12,01,1981,23.0
12,02,1981,20.5
12,03,1981,22.5
12,04,1981,22.0
12,05,1981,21.5
12,06,1981,20.0
12,07,1981,15.0
12,08,1981,15.5
12,09,1981,18.0
12,10,1981,15.0
12,11,1981,16.5
12,12,1981,19.0
12,13,1981,19.0
12,14,1981,19.0
12,15,1981,20.0
12,16,1981,17.0
12,17,1981,20.5
12,18,1981,18.0
12,19,1981,15.5
12,20,1981,17.0
12,21,1981,15.5
12,22,1981,18.5
12,23,1981,20.5
12,24,1981,20.0
12,25,1981,19.5
12,26,1981,17.5
12,27,1981,16.5
12,28,1981,21.0
12,29,1981,18.5
12,30,1981,21.0
12,31,1981,18.5
01,01,1982,20.5
01,02,1982,21.5
01,03,1982,23.0
01,04,1982,22.5
01,05,1982,19.0
01,06,1982,19.5
01,07,1982,19.5
01,08,1982,20.0
01,09,1982,14.0
01,10,1982,15.5
01,11,1982,17.5
01,12,1982,14.5
01,13,1982,15.0
01,14,1982,14.0
01,15,1982,13.0
01,16,1982,14.5
01,17,1982,15.0
01,18,1982,19.0
01,19,1982,20.5
01,20,1982,20.0
01,21,1982,19.5
01,22,1982,19.5
01,23,1982,20.0
01,24,1982,20.5
01,25,1982,19.0
01,26,1982,20.5
01,27,1982,17.5
01,28,1982,19.5
01,29,1982,21.5
01,30,1982,19.5
01,31,1982,22.0
