Id:,20278
Estación:,TAMAZULAPAM DEL PROGRESO-OAX
Posición:,17.6666666667N -97.5761111111W
Variable:,Temp Mínima (oC)
Fecha Inicial:,05/01/1976
Fecha Final:,05/01/1991
No Dato:,nan
Mes,Día,Anio,Datos
05,01,1976,13.0
05,02,1976,11.0
05,03,1976,12.0
05,04,1976,10.5
05,05,1976,9.5
05,06,1976,14.0
05,07,1976,14.0
05,08,1976,14.0
05,09,1976,11.0
05,10,1976,10.0
05,11,1976,10.0
05,12,1976,10.5
05,13,1976,14.5
05,14,1976,14.0
05,15,1976,14.5
05,16,1976,14.5
05,17,1976,12.0
05,18,1976,12.0
05,19,1976,11.0
05,20,1976,11.0
05,21,1976,13.0
05,22,1976,13.0
05,23,1976,12.0
05,24,1976,12.0
05,25,1976,16.0
05,26,1976,16.0
05,27,1976,15.0
05,28,1976,14.0
05,29,1976,13.0
05,30,1976,15.0
05,31,1976,15.0
06,01,1976,14.5
06,02,1976,14.0
06,03,1976,11.0
06,04,1976,11.0
06,05,1976,10.0
06,06,1976,11.0
06,07,1976,11.0
06,08,1976,12.0
06,09,1976,13.0
06,10,1976,13.0
06,11,1976,13.0
06,12,1976,12.5
06,13,1976,12.0
06,14,1976,12.5
06,15,1976,13.0
06,16,1976,14.0
06,17,1976,13.0
06,18,1976,13.5
06,19,1976,13.5
06,20,1976,12.0
06,21,1976,12.0
06,22,1976,12.0
06,23,1976,12.5
06,24,1976,14.0
06,25,1976,14.0
06,26,1976,13.0
06,27,1976,13.0
06,28,1976,13.0
06,29,1976,13.0
06,30,1976,13.5
07,01,1976,13.5
07,02,1976,13.0
07,03,1976,13.5
07,04,1976,12.5
07,05,1976,12.0
07,06,1976,14.0
07,07,1976,13.0
07,08,1976,12.0
07,09,1976,13.5
07,10,1976,13.5
07,11,1976,13.0
07,12,1976,14.0
07,13,1976,13.5
07,14,1976,12.5
07,15,1976,12.5
07,16,1976,13.0
07,17,1976,12.5
07,18,1976,12.0
07,19,1976,12.0
07,20,1976,13.0
07,21,1976,12.0
07,22,1976,11.0
07,23,1976,11.0
07,24,1976,10.5
07,25,1976,11.0
07,26,1976,12.0
07,27,1976,11.0
07,28,1976,9.0
07,29,1976,10.0
07,30,1976,11.0
07,31,1976,11.5
08,01,1976,10.5
08,02,1976,10.0
08,03,1976,12.0
08,04,1976,11.0
08,05,1976,11.0
08,06,1976,10.5
08,07,1976,11.0
08,08,1976,12.0
08,09,1976,10.5
08,10,1976,11.5
08,11,1976,12.0
08,12,1976,12.0
08,13,1976,11.5
08,14,1976,12.0
08,15,1976,13.0
08,16,1976,13.5
08,17,1976,13.0
08,18,1976,13.0
08,19,1976,13.5
08,20,1976,14.0
08,21,1976,12.5
08,22,1976,12.0
08,23,1976,13.0
08,24,1976,12.5
08,25,1976,10.0
08,26,1976,11.5
08,27,1976,11.0
08,28,1976,11.0
08,29,1976,12.5
08,30,1976,12.5
08,31,1976,12.5
09,01,1976,11.0
09,02,1976,10.5
09,03,1976,13.5
09,04,1976,13.5
09,05,1976,13.0
09,06,1976,12.5
09,07,1976,12.0
09,08,1976,12.5
09,09,1976,13.0
09,10,1976,12.0
09,11,1976,13.0
09,12,1976,13.5
09,13,1976,12.5
09,14,1976,13.5
09,15,1976,13.5
09,16,1976,13.0
09,17,1976,12.0
09,18,1976,13.0
09,19,1976,12.0
09,20,1976,13.0
09,21,1976,13.0
09,22,1976,11.5
09,23,1976,13.0
09,24,1976,12.5
09,25,1976,12.0
09,26,1976,11.5
09,27,1976,13.0
09,28,1976,13.0
09,29,1976,12.5
09,30,1976,12.0
10,01,1976,13.0
10,02,1976,12.0
10,03,1976,12.5
10,04,1976,13.5
10,05,1976,12.5
10,06,1976,13.5
10,07,1976,11.5
10,08,1976,13.5
10,09,1976,9.5
10,10,1976,9.0
10,11,1976,10.0
10,12,1976,10.0
10,13,1976,10.5
10,14,1976,8.5
10,15,1976,10.0
10,16,1976,13.0
10,17,1976,12.5
10,18,1976,10.0
10,19,1976,10.0
10,20,1976,11.0
10,21,1976,9.5
10,22,1976,8.0
10,23,1976,8.0
10,24,1976,12.0
10,25,1976,11.5
10,26,1976,11.0
10,27,1976,13.0
10,28,1976,13.5
10,29,1976,13.0
10,30,1976,12.5
10,31,1976,12.5
11,01,1976,10.0
11,02,1976,9.5
11,03,1976,9.0
11,04,1976,5.0
11,05,1976,6.0
11,06,1976,6.0
11,07,1976,7.0
11,08,1976,7.0
11,09,1976,8.0
11,10,1976,8.5
11,11,1976,11.5
11,12,1976,12.0
11,13,1976,11.0
11,14,1976,11.0
11,15,1976,12.0
11,16,1976,14.0
11,17,1976,13.0
11,18,1976,10.0
11,19,1976,12.0
11,20,1976,13.0
11,21,1976,9.0
11,22,1976,5.0
11,23,1976,6.0
11,24,1976,6.0
11,25,1976,6.0
11,26,1976,8.0
11,27,1976,14.0
11,28,1976,14.0
11,29,1976,7.0
11,30,1976,4.5
12,01,1976,5.5
12,02,1976,9.0
12,03,1976,6.0
12,04,1976,6.0
12,05,1976,9.0
12,06,1976,9.0
12,07,1976,11.0
12,08,1976,7.0
12,09,1976,6.0
12,10,1976,6.5
12,11,1976,9.5
12,12,1976,11.0
12,13,1976,11.0
12,14,1976,9.5
12,15,1976,7.5
12,16,1976,8.5
12,17,1976,6.0
12,18,1976,6.5
12,19,1976,7.0
12,20,1976,8.0
12,21,1976,7.0
12,22,1976,6.0
12,23,1976,7.0
12,24,1976,8.0
12,25,1976,8.0
12,26,1976,9.0
12,27,1976,5.0
12,28,1976,6.0
12,29,1976,6.0
12,30,1976,7.0
12,31,1976,7.0
01,01,1977,10.0
01,02,1977,11.0
01,03,1977,8.0
01,04,1977,6.0
01,05,1977,10.0
01,06,1977,9.0
01,07,1977,7.0
01,08,1977,7.0
01,09,1977,13.0
01,10,1977,9.0
01,11,1977,4.0
01,12,1977,5.0
01,13,1977,5.0
01,14,1977,5.0
01,15,1977,9.5
01,16,1977,9.0
01,17,1977,7.5
01,18,1977,7.0
01,19,1977,2.0
01,20,1977,2.0
01,21,1977,2.5
01,22,1977,4.0
01,23,1977,4.5
01,24,1977,10.0
01,25,1977,8.0
01,26,1977,6.0
01,27,1977,7.5
01,28,1977,11.0
01,29,1977,10.0
01,30,1977,8.0
01,31,1977,12.5
02,01,1977,7.5
02,02,1977,7.0
02,03,1977,8.5
02,04,1977,9.5
02,05,1977,8.5
02,06,1977,7.5
02,07,1977,9.0
02,08,1977,8.0
02,09,1977,9.0
02,10,1977,7.5
02,11,1977,8.5
02,12,1977,11.0
02,13,1977,9.5
02,14,1977,6.0
02,15,1977,8.0
02,16,1977,7.0
02,17,1977,5.0
02,18,1977,5.0
02,19,1977,8.0
02,20,1977,6.0
02,21,1977,5.0
02,22,1977,10.0
02,23,1977,11.0
02,24,1977,11.0
02,25,1977,8.0
02,26,1977,13.0
02,27,1977,6.0
02,28,1977,5.0
03,01,1977,5.0
03,02,1977,6.0
03,03,1977,12.0
03,04,1977,12.0
03,05,1977,10.0
03,06,1977,9.0
03,07,1977,6.5
03,08,1977,4.0
03,09,1977,5.0
03,10,1977,8.0
03,11,1977,14.0
03,12,1977,12.5
03,13,1977,12.5
03,14,1977,15.5
03,15,1977,14.0
03,16,1977,11.0
03,17,1977,8.0
03,18,1977,11.5
03,19,1977,11.5
03,20,1977,12.0
03,21,1977,11.5
03,22,1977,12.0
03,23,1977,9.0
03,24,1977,10.0
03,25,1977,12.0
03,26,1977,12.0
03,27,1977,12.0
03,28,1977,12.5
03,29,1977,13.5
03,30,1977,15.0
03,31,1977,11.5
04,01,1977,11.0
04,02,1977,12.5
04,03,1977,13.5
04,04,1977,13.0
04,05,1977,5.0
04,06,1977,4.5
04,07,1977,3.0
04,08,1977,6.5
04,09,1977,6.5
04,10,1977,7.0
04,11,1977,9.0
04,12,1977,8.0
04,13,1977,10.0
04,14,1977,9.5
04,15,1977,12.5
04,16,1977,13.0
04,17,1977,11.0
04,18,1977,12.0
04,19,1977,13.0
04,20,1977,12.0
04,21,1977,12.5
04,22,1977,11.5
04,23,1977,9.0
04,24,1977,8.0
04,25,1977,7.0
04,26,1977,10.0
04,27,1977,9.0
04,28,1977,10.0
04,29,1977,9.0
04,30,1977,10.5
05,01,1977,11.0
05,02,1977,10.0
05,03,1977,10.0
05,04,1977,8.0
05,05,1977,10.0
05,06,1977,12.5
05,07,1977,12.0
05,08,1977,13.0
05,09,1977,11.0
05,10,1977,12.0
05,11,1977,14.0
05,12,1977,12.0
05,13,1977,13.0
05,14,1977,11.0
05,15,1977,12.0
05,16,1977,12.0
05,17,1977,11.0
05,18,1977,12.5
05,19,1977,11.5
05,20,1977,11.5
05,21,1977,14.0
05,22,1977,13.0
05,23,1977,12.0
05,24,1977,11.5
05,25,1977,12.0
05,26,1977,13.0
05,27,1977,13.0
05,28,1977,12.0
05,29,1977,12.0
05,30,1977,11.5
05,31,1977,11.5
06,01,1977,10.0
06,02,1977,9.0
06,03,1977,9.0
06,04,1977,10.0
06,05,1977,10.0
06,06,1977,9.0
06,07,1977,11.5
06,08,1977,8.5
06,09,1977,12.0
06,10,1977,11.0
06,11,1977,13.5
06,12,1977,13.5
06,13,1977,13.0
06,14,1977,12.5
06,15,1977,12.5
06,16,1977,11.5
06,17,1977,11.5
06,18,1977,12.0
06,19,1977,12.5
06,20,1977,13.0
06,21,1977,13.0
06,22,1977,13.0
06,23,1977,13.5
06,24,1977,11.0
06,25,1977,9.0
06,26,1977,9.0
06,27,1977,11.0
06,28,1977,12.0
06,29,1977,13.0
06,30,1977,13.0
07,01,1977,12.0
07,02,1977,11.5
07,03,1977,11.5
07,04,1977,11.0
07,05,1977,11.0
07,06,1977,11.0
07,07,1977,11.0
07,08,1977,10.0
07,09,1977,11.0
07,10,1977,10.0
07,11,1977,11.5
07,12,1977,11.0
07,13,1977,12.0
07,14,1977,11.0
07,15,1977,10.5
07,16,1977,10.5
07,17,1977,11.0
07,18,1977,11.0
07,19,1977,12.0
07,20,1977,11.5
07,21,1977,12.5
07,22,1977,11.5
07,23,1977,11.0
07,24,1977,12.0
07,25,1977,12.0
07,26,1977,10.5
07,27,1977,10.0
07,28,1977,11.5
07,29,1977,10.5
07,30,1977,12.0
07,31,1977,12.5
08,01,1977,13.0
08,02,1977,10.5
08,03,1977,10.0
08,04,1977,11.0
08,05,1977,11.5
08,06,1977,12.5
08,07,1977,12.0
08,08,1977,11.5
08,09,1977,11.5
08,10,1977,12.0
08,11,1977,11.0
08,12,1977,12.0
08,13,1977,11.0
08,14,1977,12.0
08,15,1977,13.5
08,16,1977,12.0
08,17,1977,12.5
08,18,1977,11.5
08,19,1977,11.0
08,20,1977,11.0
08,21,1977,13.5
08,22,1977,13.0
08,23,1977,13.0
08,24,1977,12.5
08,25,1977,11.0
08,26,1977,11.0
08,27,1977,11.0
08,28,1977,14.0
08,29,1977,13.5
08,30,1977,12.0
08,31,1977,11.0
09,01,1977,12.5
09,02,1977,13.0
09,03,1977,13.0
09,04,1977,13.0
09,05,1977,12.0
09,06,1977,10.5
09,07,1977,13.0
09,08,1977,11.0
09,09,1977,10.0
09,10,1977,11.5
09,11,1977,11.0
09,12,1977,10.0
09,13,1977,10.5
09,14,1977,10.5
09,15,1977,12.0
09,16,1977,12.5
09,17,1977,12.0
09,18,1977,12.5
09,19,1977,11.0
09,20,1977,11.5
09,21,1977,11.5
09,22,1977,12.0
09,23,1977,12.0
09,24,1977,11.5
09,25,1977,12.0
09,26,1977,13.0
09,27,1977,11.0
09,28,1977,10.0
09,29,1977,12.0
09,30,1977,12.0
10,01,1977,14.0
10,02,1977,14.5
10,03,1977,13.0
10,04,1977,11.5
10,05,1977,11.0
10,06,1977,11.5
10,07,1977,10.0
10,08,1977,10.5
10,09,1977,12.0
10,10,1977,11.5
10,11,1977,12.5
10,12,1977,12.0
10,13,1977,8.5
10,14,1977,7.5
10,15,1977,8.0
10,16,1977,9.0
10,17,1977,9.0
10,18,1977,5.5
10,19,1977,8.0
10,20,1977,11.0
10,21,1977,11.0
10,22,1977,11.0
10,23,1977,11.5
10,24,1977,12.5
10,25,1977,11.0
10,26,1977,12.0
10,27,1977,11.5
10,28,1977,10.0
10,29,1977,12.0
10,30,1977,10.5
10,31,1977,11.0
11,01,1977,10.5
11,02,1977,14.5
11,03,1977,12.0
11,04,1977,10.5
11,05,1977,10.0
11,06,1977,8.5
11,07,1977,11.5
11,08,1977,12.5
11,09,1977,13.0
11,10,1977,9.0
11,11,1977,7.5
11,12,1977,7.5
11,13,1977,5.0
11,14,1977,5.0
11,15,1977,5.0
11,16,1977,10.0
11,17,1977,11.5
11,18,1977,10.5
11,19,1977,11.5
11,20,1977,9.5
11,21,1977,11.0
11,22,1977,11.0
11,23,1977,12.0
11,24,1977,9.5
11,25,1977,9.5
11,26,1977,9.0
11,27,1977,6.0
11,28,1977,9.5
11,29,1977,11.0
11,30,1977,10.0
12,01,1977,13.5
12,02,1977,11.0
12,03,1977,10.0
12,04,1977,9.5
12,05,1977,12.0
12,06,1977,11.5
12,07,1977,9.5
12,08,1977,9.0
12,09,1977,11.0
12,10,1977,11.0
12,11,1977,9.5
12,12,1977,9.5
12,13,1977,9.5
12,14,1977,10.0
12,15,1977,8.5
12,16,1977,9.0
12,17,1977,11.0
12,18,1977,6.0
12,19,1977,7.5
12,20,1977,9.0
12,21,1977,6.0
12,22,1977,1.5
12,23,1977,7.0
12,24,1977,9.0
12,25,1977,10.0
12,26,1977,5.5
12,27,1977,6.0
12,28,1977,8.0
12,29,1977,8.5
12,30,1977,10.5
12,31,1977,10.0
01,01,1978,10.0
01,02,1978,7.5
01,03,1978,6.0
01,04,1978,6.0
01,05,1978,6.0
01,06,1978,7.0
01,07,1978,6.0
01,08,1978,9.0
01,09,1978,2.5
01,10,1978,3.5
01,11,1978,5.5
01,12,1978,6.0
01,13,1978,8.5
01,14,1978,6.0
01,15,1978,5.0
01,16,1978,5.0
01,17,1978,10.0
01,18,1978,8.0
01,19,1978,6.5
01,20,1978,7.0
01,21,1978,7.5
01,22,1978,6.5
01,23,1978,6.5
01,24,1978,7.5
01,25,1978,10.5
01,26,1978,4.5
01,27,1978,4.0
01,28,1978,9.0
01,29,1978,7.0
01,30,1978,5.0
01,31,1978,5.5
02,01,1978,4.5
02,02,1978,5.0
02,03,1978,6.0
02,04,1978,7.0
02,05,1978,6.0
02,06,1978,5.0
02,07,1978,5.5
02,08,1978,8.0
02,09,1978,7.0
02,10,1978,4.0
02,11,1978,6.0
02,12,1978,7.0
02,13,1978,11.0
02,14,1978,8.0
02,15,1978,9.0
02,16,1978,8.5
02,17,1978,10.0
02,18,1978,9.0
02,19,1978,8.0
02,20,1978,7.0
02,21,1978,5.5
02,22,1978,1.5
02,23,1978,3.0
02,24,1978,5.0
02,25,1978,6.0
02,26,1978,8.0
02,27,1978,10.0
02,28,1978,12.0
03,01,1978,11.5
03,02,1978,14.0
03,03,1978,13.0
03,04,1978,11.0
03,05,1978,10.0
03,06,1978,7.0
03,07,1978,9.5
03,08,1978,9.0
03,09,1978,6.0
03,10,1978,5.0
03,11,1978,9.0
03,12,1978,10.0
03,13,1978,10.0
03,14,1978,13.0
03,15,1978,11.0
03,16,1978,8.0
03,17,1978,5.0
03,18,1978,4.0
03,19,1978,4.0
03,20,1978,4.0
03,21,1978,7.0
03,22,1978,8.0
03,23,1978,10.0
03,24,1978,14.0
03,25,1978,9.0
03,26,1978,9.0
03,27,1978,6.0
03,28,1978,6.0
03,29,1978,6.0
03,30,1978,9.0
03,31,1978,6.0
04,01,1978,11.5
04,02,1978,10.5
04,03,1978,10.5
04,04,1978,7.0
04,05,1978,6.5
04,06,1978,8.0
04,07,1978,9.0
04,08,1978,11.0
04,09,1978,9.0
04,10,1978,12.5
04,11,1978,9.5
04,12,1978,11.0
04,13,1978,9.5
04,14,1978,9.0
04,15,1978,11.0
04,16,1978,12.5
04,17,1978,11.5
04,18,1978,13.0
04,19,1978,13.5
04,20,1978,14.0
04,21,1978,15.0
04,22,1978,14.5
04,23,1978,15.0
04,24,1978,12.5
04,25,1978,10.5
04,26,1978,10.0
04,27,1978,7.0
04,28,1978,9.0
04,29,1978,13.0
04,30,1978,10.0
05,01,1978,13.0
05,02,1978,14.5
05,03,1978,15.0
05,04,1978,12.5
05,05,1978,13.0
05,06,1978,15.0
05,07,1978,13.0
05,08,1978,14.5
05,09,1978,13.5
05,10,1978,14.0
05,11,1978,11.5
05,12,1978,11.0
05,13,1978,13.0
05,14,1978,12.5
05,15,1978,15.0
05,16,1978,5.0
05,17,1978,14.5
05,18,1978,10.0
05,19,1978,11.0
05,20,1978,11.5
05,21,1978,12.0
05,22,1978,11.0
05,23,1978,12.0
05,24,1978,11.0
05,25,1978,12.0
05,26,1978,12.5
05,27,1978,11.5
05,28,1978,12.0
05,29,1978,11.0
05,30,1978,11.5
05,31,1978,11.5
06,01,1978,11.0
06,02,1978,13.0
06,03,1978,12.0
06,04,1978,11.5
06,05,1978,11.0
06,06,1978,12.0
06,07,1978,13.0
06,08,1978,12.0
06,09,1978,11.0
06,10,1978,10.0
06,11,1978,13.0
06,12,1978,11.5
06,13,1978,10.5
06,14,1978,10.5
06,15,1978,9.5
06,16,1978,10.5
06,17,1978,10.5
06,18,1978,11.0
06,19,1978,10.5
06,20,1978,11.0
06,21,1978,10.5
06,22,1978,10.5
06,23,1978,10.0
06,24,1978,11.5
06,25,1978,10.5
06,26,1978,10.0
06,27,1978,11.0
06,28,1978,11.5
06,29,1978,10.0
06,30,1978,10.0
07,01,1978,11.5
07,02,1978,10.0
07,03,1978,11.5
07,04,1978,11.0
07,05,1978,10.0
07,06,1978,10.5
07,07,1978,10.5
07,08,1978,9.0
07,09,1978,10.0
07,10,1978,10.5
07,11,1978,10.5
07,12,1978,10.0
07,13,1978,10.0
07,14,1978,10.0
07,15,1978,10.0
07,16,1978,10.5
07,17,1978,11.5
07,18,1978,11.0
07,19,1978,11.5
07,20,1978,11.0
07,21,1978,10.0
07,22,1978,11.0
07,23,1978,11.5
07,24,1978,11.0
07,25,1978,11.0
07,26,1978,10.5
07,27,1978,13.0
07,28,1978,12.0
07,29,1978,11.0
07,30,1978,11.5
07,31,1978,11.0
08,01,1978,11.5
08,02,1978,11.0
08,03,1978,10.0
08,04,1978,9.5
08,05,1978,9.5
08,06,1978,11.0
08,07,1978,11.0
08,08,1978,12.0
08,09,1978,11.5
08,10,1978,12.5
08,11,1978,12.5
08,12,1978,10.5
08,13,1978,11.0
08,14,1978,11.0
08,15,1978,11.5
08,16,1978,11.5
08,17,1978,10.5
08,18,1978,11.5
08,19,1978,11.5
08,20,1978,10.5
08,21,1978,10.5
08,22,1978,10.5
08,23,1978,11.0
08,24,1978,12.0
08,25,1978,11.5
08,26,1978,11.0
08,27,1978,10.5
08,28,1978,12.0
08,29,1978,12.0
08,30,1978,12.0
08,31,1978,10.5
09,01,1978,10.5
09,02,1978,10.5
09,03,1978,10.5
09,04,1978,11.0
09,05,1978,10.0
09,06,1978,10.0
09,07,1978,12.0
09,08,1978,12.0
09,09,1978,12.5
09,10,1978,12.0
09,11,1978,10.0
09,12,1978,11.0
09,13,1978,11.0
09,14,1978,13.0
09,15,1978,11.5
09,16,1978,10.5
09,17,1978,10.0
09,18,1978,9.0
09,19,1978,11.0
09,20,1978,11.0
09,21,1978,11.5
09,22,1978,11.0
09,23,1978,11.0
09,24,1978,11.0
09,25,1978,10.5
09,26,1978,10.5
09,27,1978,12.0
09,28,1978,11.5
09,29,1978,10.0
09,30,1978,11.5
10,01,1978,11.5
10,02,1978,10.5
10,03,1978,10.0
10,04,1978,12.0
10,05,1978,11.5
10,06,1978,11.5
10,07,1978,11.5
10,08,1978,12.5
10,09,1978,11.0
10,10,1978,11.0
10,11,1978,11.0
10,12,1978,12.5
10,13,1978,9.5
10,14,1978,8.0
10,15,1978,6.0
10,16,1978,6.5
10,17,1978,6.5
10,18,1978,7.0
10,19,1978,8.0
10,20,1978,7.5
10,21,1978,7.5
10,22,1978,9.5
10,23,1978,6.0
10,24,1978,6.5
10,25,1978,6.5
10,26,1978,10.0
10,27,1978,9.0
10,28,1978,7.5
10,29,1978,9.5
10,30,1978,9.0
10,31,1978,9.0
11,01,1978,8.0
11,02,1978,9.0
11,03,1978,9.0
11,04,1978,7.5
11,05,1978,7.0
11,06,1978,11.0
11,07,1978,9.5
11,08,1978,6.5
11,09,1978,6.5
11,10,1978,11.0
11,11,1978,10.0
11,12,1978,7.5
11,13,1978,9.5
11,14,1978,10.0
11,15,1978,8.5
11,16,1978,9.0
11,17,1978,10.5
11,18,1978,11.5
11,19,1978,null
11,20,1978,10.0
11,21,1978,8.0
11,22,1978,10.0
11,23,1978,9.5
11,24,1978,10.0
11,25,1978,11.5
11,26,1978,11.5
11,27,1978,12.0
11,28,1978,12.0
11,29,1978,10.0
11,30,1978,11.0
12,01,1978,9.5
12,02,1978,11.5
12,03,1978,12.0
12,04,1978,13.0
12,05,1978,11.0
12,06,1978,11.5
12,07,1978,12.0
12,08,1978,12.5
12,09,1978,8.0
12,10,1978,3.5
12,11,1978,2.0
12,12,1978,7.0
12,13,1978,7.5
12,14,1978,6.5
12,15,1978,5.5
12,16,1978,6.5
12,17,1978,8.5
12,18,1978,7.5
12,19,1978,6.5
12,20,1978,9.5
12,21,1978,10.0
12,22,1978,7.5
12,23,1978,9.0
12,24,1978,10.0
12,25,1978,8.0
12,26,1978,9.5
12,27,1978,8.0
12,28,1978,7.0
12,29,1978,9.0
12,30,1978,6.5
12,31,1978,6.5
01,01,1979,9.0
01,02,1979,5.5
01,03,1979,1.0
01,04,1979,2.0
01,05,1979,5.5
01,06,1979,6.0
01,07,1979,9.0
01,08,1979,8.0
01,09,1979,4.5
01,10,1979,4.0
01,11,1979,4.0
01,12,1979,7.5
01,13,1979,9.0
01,14,1979,9.0
01,15,1979,9.0
01,16,1979,5.0
01,17,1979,6.5
01,18,1979,7.0
01,19,1979,7.5
01,20,1979,7.5
01,21,1979,5.0
01,22,1979,3.0
01,23,1979,10.0
01,24,1979,8.0
01,25,1979,7.0
01,26,1979,10.0
01,27,1979,12.0
01,28,1979,11.0
01,29,1979,11.0
01,30,1979,12.0
01,31,1979,10.0
02,01,1979,6.5
02,02,1979,7.0
02,03,1979,11.0
02,04,1979,10.5
02,05,1979,10.0
02,06,1979,10.0
02,07,1979,7.5
02,08,1979,6.0
02,09,1979,7.0
02,10,1979,4.0
02,11,1979,5.0
02,12,1979,6.0
02,13,1979,6.5
02,14,1979,5.0
02,15,1979,6.0
02,16,1979,10.0
02,17,1979,8.0
02,18,1979,6.5
02,19,1979,6.0
02,20,1979,7.0
02,21,1979,8.5
02,22,1979,10.0
02,23,1979,11.5
02,24,1979,12.0
02,25,1979,10.0
02,26,1979,2.0
02,27,1979,4.0
02,28,1979,11.0
03,01,1979,10.5
03,02,1979,11.5
03,03,1979,12.0
03,04,1979,9.0
03,05,1979,8.0
03,06,1979,7.5
03,07,1979,6.5
03,08,1979,7.5
03,09,1979,7.5
03,10,1979,11.0
03,11,1979,9.0
03,12,1979,7.0
03,13,1979,8.0
03,14,1979,7.0
03,15,1979,8.5
03,16,1979,8.5
03,17,1979,8.5
03,18,1979,9.0
03,19,1979,10.0
03,20,1979,11.5
03,21,1979,11.0
03,22,1979,13.5
03,23,1979,13.5
03,24,1979,12.0
03,25,1979,10.0
03,26,1979,10.0
03,27,1979,10.0
03,28,1979,9.0
03,29,1979,10.0
03,30,1979,13.0
03,31,1979,11.0
04,01,1979,13.0
04,02,1979,14.0
04,03,1979,16.0
04,04,1979,13.0
04,05,1979,12.0
04,06,1979,12.0
04,07,1979,13.0
04,08,1979,8.0
04,09,1979,12.0
04,10,1979,12.0
04,11,1979,14.0
04,12,1979,14.0
04,13,1979,14.0
04,14,1979,12.0
04,15,1979,12.0
04,16,1979,11.0
04,17,1979,11.0
04,18,1979,11.0
04,19,1979,11.0
04,20,1979,12.0
04,21,1979,12.5
04,22,1979,13.0
04,23,1979,11.0
04,24,1979,9.0
04,25,1979,11.0
04,26,1979,12.0
04,27,1979,14.0
04,28,1979,15.0
04,29,1979,13.0
04,30,1979,14.0
05,01,1979,12.0
05,02,1979,14.0
05,03,1979,14.0
05,04,1979,15.0
05,05,1979,13.0
05,06,1979,10.5
05,07,1979,13.0
05,08,1979,12.5
05,09,1979,12.0
05,10,1979,16.0
05,11,1979,16.0
05,12,1979,14.0
05,13,1979,12.5
05,14,1979,11.5
05,15,1979,12.0
05,16,1979,11.0
05,17,1979,11.0
05,18,1979,9.0
05,19,1979,11.0
05,20,1979,13.0
05,21,1979,13.0
05,22,1979,13.0
05,23,1979,15.0
05,24,1979,12.0
05,25,1979,13.0
05,26,1979,14.0
05,27,1979,13.0
05,28,1979,12.0
05,29,1979,13.0
05,30,1979,13.5
05,31,1979,13.0
06,01,1979,12.0
06,02,1979,11.0
06,03,1979,10.0
06,04,1979,10.0
06,05,1979,13.0
06,06,1979,15.0
06,07,1979,14.0
06,08,1979,14.0
06,09,1979,13.0
06,10,1979,12.0
06,11,1979,12.0
06,12,1979,10.0
06,13,1979,10.0
06,14,1979,10.0
06,15,1979,11.0
06,16,1979,10.0
06,17,1979,12.0
06,18,1979,13.0
06,19,1979,14.0
06,20,1979,11.0
06,21,1979,10.0
06,22,1979,10.0
06,23,1979,10.0
06,24,1979,12.0
06,25,1979,13.0
06,26,1979,12.0
06,27,1979,12.0
06,28,1979,12.0
06,29,1979,12.0
06,30,1979,11.0
07,01,1979,11.0
07,02,1979,10.0
07,03,1979,12.0
07,04,1979,13.0
07,05,1979,13.0
07,06,1979,12.0
07,07,1979,11.0
07,08,1979,11.0
07,09,1979,11.0
07,10,1979,11.0
07,11,1979,11.0
07,12,1979,12.0
07,13,1979,11.0
07,14,1979,14.0
07,15,1979,12.0
07,16,1979,10.0
07,17,1979,9.0
07,18,1979,10.0
07,19,1979,9.0
07,20,1979,12.5
07,21,1979,11.0
07,22,1979,11.0
07,23,1979,10.0
07,24,1979,12.0
07,25,1979,12.0
07,26,1979,13.0
07,27,1979,12.0
07,28,1979,10.0
07,29,1979,12.0
07,30,1979,12.0
07,31,1979,10.5
08,01,1979,10.5
08,02,1979,9.5
08,03,1979,12.5
08,04,1979,10.5
08,05,1979,11.5
08,06,1979,12.0
08,07,1979,11.5
08,08,1979,11.5
08,09,1979,12.0
08,10,1979,11.5
08,11,1979,11.0
08,12,1979,9.0
08,13,1979,12.0
08,14,1979,13.0
08,15,1979,14.0
08,16,1979,10.0
08,17,1979,10.0
08,18,1979,11.0
08,19,1979,11.0
08,20,1979,10.5
08,21,1979,9.0
08,22,1979,12.0
08,23,1979,11.0
08,24,1979,9.0
08,25,1979,12.0
08,26,1979,11.0
08,27,1979,10.0
08,28,1979,16.0
08,29,1979,12.0
08,30,1979,11.0
08,31,1979,12.0
09,01,1979,10.0
09,02,1979,11.0
09,03,1979,12.0
09,04,1979,11.5
09,05,1979,11.0
09,06,1979,13.0
09,07,1979,13.0
09,08,1979,13.0
09,09,1979,12.0
09,10,1979,11.0
09,11,1979,13.0
09,12,1979,13.0
09,13,1979,12.5
09,14,1979,11.0
09,15,1979,11.0
09,16,1979,11.0
09,17,1979,11.5
09,18,1979,12.5
09,19,1979,12.0
09,20,1979,13.0
09,21,1979,12.0
09,22,1979,9.0
09,23,1979,10.0
09,24,1979,9.5
09,25,1979,7.5
09,26,1979,7.0
09,27,1979,8.0
09,28,1979,7.0
09,29,1979,6.0
09,30,1979,6.0
10,01,1979,7.5
10,02,1979,7.0
10,03,1979,9.0
10,04,1979,9.0
10,05,1979,9.5
10,06,1979,8.0
10,07,1979,7.0
10,08,1979,8.0
10,09,1979,8.0
10,10,1979,10.0
10,11,1979,8.0
10,12,1979,11.5
10,13,1979,9.0
10,14,1979,8.0
10,15,1979,10.0
10,16,1979,9.0
10,17,1979,12.0
10,18,1979,6.0
10,19,1979,10.0
10,20,1979,11.0
10,21,1979,12.0
10,22,1979,11.0
10,23,1979,11.0
10,24,1979,9.0
10,25,1979,9.0
10,26,1979,9.0
10,27,1979,9.0
10,28,1979,11.5
10,29,1979,13.0
10,30,1979,13.5
10,31,1979,13.5
11,01,1979,8.0
11,02,1979,8.0
11,03,1979,8.0
11,04,1979,8.0
11,05,1979,8.0
11,06,1979,9.0
11,07,1979,7.0
11,08,1979,5.0
11,09,1979,9.5
11,10,1979,11.0
11,11,1979,10.0
11,12,1979,10.0
11,13,1979,10.0
11,14,1979,6.0
11,15,1979,6.0
11,16,1979,6.0
11,17,1979,6.0
11,18,1979,7.0
11,19,1979,8.0
11,20,1979,6.0
11,21,1979,8.0
11,22,1979,8.0
11,23,1979,10.0
11,24,1979,7.5
11,25,1979,11.0
11,26,1979,8.0
11,27,1979,8.0
11,28,1979,10.0
11,29,1979,8.0
11,30,1979,7.0
12,01,1979,5.0
12,02,1979,7.0
12,03,1979,8.5
12,04,1979,9.0
12,05,1979,9.0
12,06,1979,9.0
12,07,1979,10.0
12,08,1979,10.0
12,09,1979,9.0
12,10,1979,9.0
12,11,1979,8.0
12,12,1979,7.5
12,13,1979,9.0
12,14,1979,9.5
12,15,1979,8.5
12,16,1979,8.0
12,17,1979,8.0
12,18,1979,5.0
12,19,1979,4.0
12,20,1979,4.0
12,21,1979,6.0
12,22,1979,7.0
12,23,1979,11.5
12,24,1979,5.0
12,25,1979,4.0
12,26,1979,5.0
12,27,1979,8.0
12,28,1979,5.0
12,29,1979,6.0
12,30,1979,4.0
12,31,1979,4.0
01,01,1980,12.0
01,02,1980,4.0
01,03,1980,9.0
01,04,1980,6.0
01,05,1980,6.0
01,06,1980,4.0
01,07,1980,4.0
01,08,1980,10.0
01,09,1980,9.0
01,10,1980,6.0
01,11,1980,9.5
01,12,1980,6.0
01,13,1980,5.0
01,14,1980,10.0
01,15,1980,8.0
01,16,1980,11.0
01,17,1980,null
01,18,1980,null
01,19,1980,null
01,20,1980,9.0
01,21,1980,9.0
01,22,1980,10.0
01,23,1980,10.0
01,24,1980,3.0
01,25,1980,4.0
01,26,1980,9.0
01,27,1980,10.0
01,28,1980,7.0
01,29,1980,null
01,30,1980,null
01,31,1980,8.0
02,01,1980,6.0
02,02,1980,5.0
02,03,1980,6.0
02,04,1980,3.0
02,05,1980,2.0
02,06,1980,3.5
02,07,1980,2.5
02,08,1980,3.5
02,09,1980,10.0
02,10,1980,7.0
02,11,1980,5.0
02,12,1980,9.0
02,13,1980,null
02,14,1980,null
02,15,1980,9.0
02,16,1980,9.0
02,17,1980,8.0
02,18,1980,9.0
02,19,1980,10.0
02,20,1980,11.0
02,21,1980,11.0
02,22,1980,null
02,23,1980,null
02,24,1980,null
02,25,1980,null
02,26,1980,5.0
02,27,1980,6.0
02,28,1980,6.0
02,29,1980,null
03,01,1980,null
03,02,1980,null
03,03,1980,null
03,04,1980,3.0
03,05,1980,12.0
03,06,1980,11.0
03,07,1980,10.0
03,08,1980,11.5
03,09,1980,11.5
03,10,1980,8.0
03,11,1980,9.0
03,12,1980,11.0
03,13,1980,13.0
03,14,1980,9.0
03,15,1980,10.0
03,16,1980,6.5
03,17,1980,12.0
03,18,1980,11.0
03,19,1980,7.0
03,20,1980,11.0
03,21,1980,12.0
03,22,1980,8.5
03,23,1980,6.5
03,24,1980,13.0
03,25,1980,10.0
03,26,1980,12.0
03,27,1980,11.5
03,28,1980,14.0
03,29,1980,13.5
03,30,1980,14.0
03,31,1980,13.0
04,01,1980,null
04,02,1980,null
04,03,1980,null
04,04,1980,null
04,05,1980,null
04,06,1980,null
04,07,1980,null
04,08,1980,null
04,09,1980,null
04,10,1980,null
04,11,1980,null
04,12,1980,null
04,13,1980,null
04,14,1980,null
04,15,1980,null
04,16,1980,null
04,17,1980,null
04,18,1980,null
04,19,1980,null
04,20,1980,null
04,21,1980,null
04,22,1980,null
04,23,1980,null
04,24,1980,null
04,25,1980,null
04,26,1980,null
04,27,1980,null
04,28,1980,null
04,29,1980,null
04,30,1980,null
05,01,1980,2.0
05,02,1980,2.0
05,03,1980,4.0
05,04,1980,2.0
05,05,1980,2.0
05,06,1980,3.0
05,07,1980,4.0
05,08,1980,3.0
05,09,1980,4.0
05,10,1980,1.0
05,11,1980,2.0
05,12,1980,2.0
05,13,1980,4.0
05,14,1980,5.0
05,15,1980,2.0
05,16,1980,3.0
05,17,1980,5.0
05,18,1980,2.0
05,19,1980,2.0
05,20,1980,3.0
05,21,1980,1.0
05,22,1980,3.0
05,23,1980,3.0
05,24,1980,3.0
05,25,1980,2.0
05,26,1980,4.0
05,27,1980,5.0
05,28,1980,3.0
05,29,1980,5.0
05,30,1980,4.0
05,31,1980,3.0
06,01,1980,5.0
06,02,1980,5.0
06,03,1980,4.0
06,04,1980,4.0
06,05,1980,3.0
06,06,1980,4.0
06,07,1980,5.0
06,08,1980,5.0
06,09,1980,5.0
06,10,1980,6.0
06,11,1980,5.0
06,12,1980,6.0
06,13,1980,6.0
06,14,1980,8.0
06,15,1980,8.0
06,16,1980,7.0
06,17,1980,10.0
06,18,1980,10.0
06,19,1980,12.0
06,20,1980,12.0
06,21,1980,13.0
06,22,1980,12.0
06,23,1980,13.0
06,24,1980,12.0
06,25,1980,11.0
06,26,1980,12.0
06,27,1980,11.0
06,28,1980,13.0
06,29,1980,11.0
06,30,1980,13.0
07,01,1980,12.0
07,02,1980,10.0
07,03,1980,8.0
07,04,1980,10.0
07,05,1980,12.0
07,06,1980,12.0
07,07,1980,10.0
07,08,1980,14.0
07,09,1980,14.0
07,10,1980,12.5
07,11,1980,11.0
07,12,1980,10.0
07,13,1980,11.0
07,14,1980,12.0
07,15,1980,13.0
07,16,1980,11.0
07,17,1980,13.0
07,18,1980,11.0
07,19,1980,12.0
07,20,1980,10.0
07,21,1980,11.0
07,22,1980,12.0
07,23,1980,11.0
07,24,1980,13.0
07,25,1980,10.0
07,26,1980,11.0
07,27,1980,12.0
07,28,1980,11.0
07,29,1980,11.0
07,30,1980,14.0
07,31,1980,12.0
08,01,1980,12.5
08,02,1980,13.5
08,03,1980,13.5
08,04,1980,13.0
08,05,1980,14.0
08,06,1980,13.0
08,07,1980,13.0
08,08,1980,11.0
08,09,1980,14.0
08,10,1980,15.0
08,11,1980,13.5
08,12,1980,12.5
08,13,1980,13.0
08,14,1980,12.0
08,15,1980,13.0
08,16,1980,12.0
08,17,1980,12.0
08,18,1980,12.0
08,19,1980,10.0
08,20,1980,9.0
08,21,1980,11.5
08,22,1980,12.0
08,23,1980,13.0
08,24,1980,13.5
08,25,1980,13.0
08,26,1980,11.0
08,27,1980,13.0
08,28,1980,11.0
08,29,1980,11.0
08,30,1980,13.0
08,31,1980,12.0
09,01,1980,14.0
09,02,1980,13.0
09,03,1980,12.0
09,04,1980,11.0
09,05,1980,13.0
09,06,1980,11.0
09,07,1980,11.0
09,08,1980,13.0
09,09,1980,13.0
09,10,1980,11.0
09,11,1980,10.0
09,12,1980,11.0
09,13,1980,11.5
09,14,1980,13.0
09,15,1980,12.0
09,16,1980,12.5
09,17,1980,12.0
09,18,1980,13.0
09,19,1980,12.0
09,20,1980,13.0
09,21,1980,11.0
09,22,1980,9.5
09,23,1980,11.0
09,24,1980,13.0
09,25,1980,10.0
09,26,1980,12.0
09,27,1980,9.0
09,28,1980,9.0
09,29,1980,14.0
09,30,1980,12.0
10,01,1980,11.0
10,02,1980,10.0
10,03,1980,9.0
10,04,1980,8.0
10,05,1980,8.0
10,06,1980,8.0
10,07,1980,7.0
10,08,1980,7.0
10,09,1980,6.0
10,10,1980,7.0
10,11,1980,10.0
10,12,1980,10.0
10,13,1980,8.0
10,14,1980,10.0
10,15,1980,11.0
10,16,1980,11.0
10,17,1980,12.0
10,18,1980,11.0
10,19,1980,12.0
10,20,1980,11.0
10,21,1980,7.0
10,22,1980,11.0
10,23,1980,12.0
10,24,1980,9.0
10,25,1980,12.0
10,26,1980,11.0
10,27,1980,9.0
10,28,1980,10.0
10,29,1980,11.0
10,30,1980,8.0
10,31,1980,10.0
11,01,1980,11.0
11,02,1980,7.0
11,03,1980,11.0
11,04,1980,10.0
11,05,1980,10.0
11,06,1980,9.0
11,07,1980,9.0
11,08,1980,7.0
11,09,1980,8.0
11,10,1980,6.0
11,11,1980,4.0
11,12,1980,3.0
11,13,1980,2.0
11,14,1980,1.0
11,15,1980,1.0
11,16,1980,2.0
11,17,1980,2.0
11,18,1980,1.0
11,19,1980,1.0
11,20,1980,1.0
11,21,1980,2.0
11,22,1980,1.0
11,23,1980,1.0
11,24,1980,1.0
11,25,1980,2.0
11,26,1980,1.5
11,27,1980,2.0
11,28,1980,1.0
11,29,1980,1.5
11,30,1980,1.0
12,01,1980,1.0
12,02,1980,1.0
12,03,1980,1.5
12,04,1980,1.0
12,05,1980,1.0
12,06,1980,1.5
12,07,1980,1.5
12,08,1980,2.5
12,09,1980,7.5
12,10,1980,7.0
12,11,1980,7.0
12,12,1980,6.5
12,13,1980,5.0
12,14,1980,5.0
12,15,1980,2.0
12,16,1980,4.0
12,17,1980,4.0
12,18,1980,-2.0
12,19,1980,-3.0
12,20,1980,0.0
12,21,1980,4.0
12,22,1980,5.0
12,23,1980,-2.0
12,24,1980,1.0
12,25,1980,0.0
12,26,1980,3.0
12,27,1980,1.0
12,28,1980,-1.0
12,29,1980,0.0
12,30,1980,1.0
12,31,1980,1.5
01,01,1981,1.0
01,02,1981,1.0
01,03,1981,0.0
01,04,1981,1.0
01,05,1981,4.5
01,06,1981,3.0
01,07,1981,3.0
01,08,1981,4.0
01,09,1981,3.0
01,10,1981,6.0
01,11,1981,8.0
01,12,1981,7.0
01,13,1981,3.5
01,14,1981,2.0
01,15,1981,2.5
01,16,1981,2.5
01,17,1981,4.0
01,18,1981,3.0
01,19,1981,4.0
01,20,1981,4.0
01,21,1981,3.0
01,22,1981,2.0
01,23,1981,2.0
01,24,1981,3.0
01,25,1981,4.0
01,26,1981,0.0
01,27,1981,2.0
01,28,1981,3.0
01,29,1981,5.0
01,30,1981,5.0
01,31,1981,3.0
02,01,1981,5.0
02,02,1981,7.0
02,03,1981,4.0
02,04,1981,2.5
02,05,1981,4.0
02,06,1981,7.0
02,07,1981,7.0
02,08,1981,4.0
02,09,1981,6.0
02,10,1981,6.0
02,11,1981,5.0
02,12,1981,0.0
02,13,1981,1.0
02,14,1981,3.0
02,15,1981,2.0
02,16,1981,4.0
02,17,1981,5.5
02,18,1981,5.0
02,19,1981,7.0
02,20,1981,7.0
02,21,1981,8.0
02,22,1981,9.0
02,23,1981,8.0
02,24,1981,9.0
02,25,1981,5.0
02,26,1981,6.0
02,27,1981,6.0
02,28,1981,5.0
03,01,1981,7.0
03,02,1981,8.0
03,03,1981,10.0
03,04,1981,7.5
03,05,1981,9.0
03,06,1981,10.5
03,07,1981,10.0
03,08,1981,9.0
03,09,1981,10.0
03,10,1981,9.0
03,11,1981,11.0
03,12,1981,12.0
03,13,1981,11.0
03,14,1981,10.0
03,15,1981,9.0
03,16,1981,8.0
03,17,1981,8.5
03,18,1981,10.0
03,19,1981,9.0
03,20,1981,9.0
03,21,1981,7.5
03,22,1981,10.0
03,23,1981,8.5
03,24,1981,8.5
03,25,1981,10.0
03,26,1981,10.0
03,27,1981,8.0
03,28,1981,10.5
03,29,1981,10.0
03,30,1981,11.0
03,31,1981,11.0
04,01,1981,9.0
04,02,1981,10.0
04,03,1981,10.0
04,04,1981,8.0
04,05,1981,8.0
04,06,1981,8.0
04,07,1981,9.0
04,08,1981,8.5
04,09,1981,9.0
04,10,1981,7.0
04,11,1981,10.0
04,12,1981,11.0
04,13,1981,11.0
04,14,1981,10.0
04,15,1981,11.0
04,16,1981,12.0
04,17,1981,10.0
04,18,1981,11.5
04,19,1981,12.0
04,20,1981,10.5
04,21,1981,9.0
04,22,1981,10.0
04,23,1981,10.0
04,24,1981,10.0
04,25,1981,11.5
04,26,1981,12.0
04,27,1981,12.0
04,28,1981,11.0
04,29,1981,13.5
04,30,1981,10.0
05,01,1981,10.0
05,02,1981,13.0
05,03,1981,12.0
05,04,1981,9.0
05,05,1981,9.5
05,06,1981,12.5
05,07,1981,12.0
05,08,1981,11.0
05,09,1981,10.0
05,10,1981,11.0
05,11,1981,11.0
05,12,1981,11.0
05,13,1981,10.5
05,14,1981,11.0
05,15,1981,11.5
05,16,1981,11.0
05,17,1981,10.0
05,18,1981,9.5
05,19,1981,11.0
05,20,1981,10.0
05,21,1981,10.0
05,22,1981,11.0
05,23,1981,11.0
05,24,1981,10.5
05,25,1981,11.0
05,26,1981,12.0
05,27,1981,12.0
05,28,1981,10.0
05,29,1981,12.0
05,30,1981,13.0
05,31,1981,13.5
06,01,1981,12.0
06,02,1981,14.0
06,03,1981,14.5
06,04,1981,13.0
06,05,1981,14.0
06,06,1981,13.5
06,07,1981,14.0
06,08,1981,14.0
06,09,1981,13.0
06,10,1981,12.0
06,11,1981,14.0
06,12,1981,14.0
06,13,1981,14.0
06,14,1981,15.5
06,15,1981,15.0
06,16,1981,15.0
06,17,1981,14.0
06,18,1981,13.0
06,19,1981,14.0
06,20,1981,13.0
06,21,1981,13.0
06,22,1981,13.5
06,23,1981,13.0
06,24,1981,11.0
06,25,1981,15.0
06,26,1981,14.0
06,27,1981,13.0
06,28,1981,12.5
06,29,1981,12.0
06,30,1981,13.0
07,01,1981,null
07,02,1981,null
07,03,1981,null
07,04,1981,null
07,05,1981,null
07,06,1981,null
07,07,1981,null
07,08,1981,null
07,09,1981,null
07,10,1981,null
07,11,1981,null
07,12,1981,null
07,13,1981,null
07,14,1981,null
07,15,1981,null
07,16,1981,null
07,17,1981,null
07,18,1981,null
07,19,1981,null
07,20,1981,null
07,21,1981,null
07,22,1981,null
07,23,1981,10.5
07,24,1981,10.5
07,25,1981,13.0
07,26,1981,12.5
07,27,1981,12.5
07,28,1981,11.0
07,29,1981,12.0
07,30,1981,11.5
07,31,1981,12.0
08,01,1981,11.5
08,02,1981,11.5
08,03,1981,11.0
08,04,1981,12.0
08,05,1981,12.5
08,06,1981,10.5
08,07,1981,11.0
08,08,1981,12.0
08,09,1981,13.0
08,10,1981,11.5
08,11,1981,10.0
08,12,1981,9.0
08,13,1981,10.5
08,14,1981,10.5
08,15,1981,14.0
08,16,1981,11.5
08,17,1981,11.5
08,18,1981,12.0
08,19,1981,13.0
08,20,1981,14.5
08,21,1981,13.0
08,22,1981,13.0
08,23,1981,12.0
08,24,1981,13.0
08,25,1981,14.0
08,26,1981,13.5
08,27,1981,14.5
08,28,1981,12.5
08,29,1981,13.5
08,30,1981,13.5
08,31,1981,12.0
09,01,1981,null
09,02,1981,null
09,03,1981,null
09,04,1981,null
09,05,1981,null
09,06,1981,null
09,07,1981,null
09,08,1981,null
09,09,1981,null
09,10,1981,null
09,11,1981,null
09,12,1981,null
09,13,1981,null
09,14,1981,null
09,15,1981,null
09,16,1981,null
09,17,1981,null
09,18,1981,null
09,19,1981,null
09,20,1981,null
09,21,1981,null
09,22,1981,null
09,23,1981,null
09,24,1981,null
09,25,1981,null
09,26,1981,null
09,27,1981,null
09,28,1981,null
09,29,1981,null
09,30,1981,null
10,01,1981,null
10,02,1981,null
10,03,1981,null
10,04,1981,null
10,05,1981,null
10,06,1981,null
10,07,1981,null
10,08,1981,null
10,09,1981,null
10,10,1981,null
10,11,1981,null
10,12,1981,null
10,13,1981,null
10,14,1981,null
10,15,1981,null
10,16,1981,null
10,17,1981,null
10,18,1981,null
10,19,1981,null
10,20,1981,null
10,21,1981,null
10,22,1981,null
10,23,1981,null
10,24,1981,null
10,25,1981,null
10,26,1981,null
10,27,1981,null
10,28,1981,null
10,29,1981,null
10,30,1981,null
10,31,1981,null
11,01,1981,null
11,02,1981,null
11,03,1981,null
11,04,1981,null
11,05,1981,null
11,06,1981,null
11,07,1981,null
11,08,1981,null
11,09,1981,null
11,10,1981,null
11,11,1981,null
11,12,1981,null
11,13,1981,null
11,14,1981,null
11,15,1981,null
11,16,1981,null
11,17,1981,null
11,18,1981,null
11,19,1981,null
11,20,1981,null
11,21,1981,null
11,22,1981,null
11,23,1981,null
11,24,1981,null
11,25,1981,null
11,26,1981,null
11,27,1981,null
11,28,1981,null
11,29,1981,null
11,30,1981,null
12,01,1981,null
12,02,1981,null
12,03,1981,null
12,04,1981,null
12,05,1981,null
12,06,1981,null
12,07,1981,null
12,08,1981,null
12,09,1981,null
12,10,1981,null
12,11,1981,null
12,12,1981,null
12,13,1981,null
12,14,1981,null
12,15,1981,null
12,16,1981,null
12,17,1981,null
12,18,1981,null
12,19,1981,null
12,20,1981,null
12,21,1981,null
12,22,1981,null
12,23,1981,null
12,24,1981,null
12,25,1981,null
12,26,1981,null
12,27,1981,null
12,28,1981,null
12,29,1981,null
12,30,1981,null
12,31,1981,null
01,01,1982,null
01,02,1982,null
01,03,1982,null
01,04,1982,null
01,05,1982,null
01,06,1982,null
01,07,1982,null
01,08,1982,null
01,09,1982,null
01,10,1982,null
01,11,1982,null
01,12,1982,5.5
01,13,1982,4.5
01,14,1982,5.0
01,15,1982,5.5
01,16,1982,6.5
01,17,1982,7.0
01,18,1982,6.5
01,19,1982,6.0
01,20,1982,5.0
01,21,1982,6.5
01,22,1982,6.5
01,23,1982,6.0
01,24,1982,6.5
01,25,1982,6.5
01,26,1982,7.0
01,27,1982,7.5
01,28,1982,7.0
01,29,1982,6.5
01,30,1982,5.5
01,31,1982,6.0
02,01,1982,8.5
02,02,1982,5.5
02,03,1982,8.0
02,04,1982,9.0
02,05,1982,7.5
02,06,1982,7.0
02,07,1982,8.5
02,08,1982,8.5
02,09,1982,8.0
02,10,1982,7.5
02,11,1982,6.0
02,12,1982,3.0
02,13,1982,5.0
02,14,1982,5.5
02,15,1982,4.5
02,16,1982,6.5
02,17,1982,6.0
02,18,1982,5.0
02,19,1982,4.0
02,20,1982,3.5
02,21,1982,4.5
02,22,1982,6.5
02,23,1982,5.5
02,24,1982,8.5
02,25,1982,6.0
02,26,1982,5.5
02,27,1982,6.5
02,28,1982,6.5
03,01,1982,7.0
03,02,1982,9.5
03,03,1982,6.5
03,04,1982,8.0
03,05,1982,7.0
03,06,1982,7.0
03,07,1982,5.5
03,08,1982,6.0
03,09,1982,8.5
03,10,1982,7.5
03,11,1982,8.5
03,12,1982,9.0
03,13,1982,8.5
03,14,1982,10.5
03,15,1982,6.5
03,16,1982,9.0
03,17,1982,6.0
03,18,1982,7.5
03,19,1982,8.5
03,20,1982,8.0
03,21,1982,9.5
03,22,1982,6.5
03,23,1982,6.5
03,24,1982,5.5
03,25,1982,6.0
03,26,1982,7.5
03,27,1982,8.5
03,28,1982,7.0
03,29,1982,6.5
03,30,1982,7.5
03,31,1982,10.0
04,01,1982,6.5
04,02,1982,6.0
04,03,1982,5.0
04,04,1982,5.0
04,05,1982,7.5
04,06,1982,7.0
04,07,1982,7.0
04,08,1982,6.0
04,09,1982,6.5
04,10,1982,5.5
04,11,1982,5.5
04,12,1982,5.0
04,13,1982,7.0
04,14,1982,8.5
04,15,1982,6.0
04,16,1982,6.0
04,17,1982,7.5
04,18,1982,6.5
04,19,1982,5.0
04,20,1982,4.5
04,21,1982,6.5
04,22,1982,5.0
04,23,1982,6.5
04,24,1982,7.5
04,25,1982,6.0
04,26,1982,5.5
04,27,1982,5.0
04,28,1982,8.0
04,29,1982,7.0
04,30,1982,6.0
05,01,1982,6.5
05,02,1982,7.5
05,03,1982,null
05,04,1982,null
05,05,1982,null
05,06,1982,null
05,07,1982,null
05,08,1982,null
05,09,1982,null
05,10,1982,null
05,11,1982,null
05,12,1982,null
05,13,1982,null
05,14,1982,null
05,15,1982,null
05,16,1982,null
05,17,1982,null
05,18,1982,null
05,19,1982,12.5
05,20,1982,11.5
05,21,1982,10.5
05,22,1982,13.0
05,23,1982,14.5
05,24,1982,14.5
05,25,1982,13.5
05,26,1982,13.5
05,27,1982,12.0
05,28,1982,14.5
05,29,1982,14.0
05,30,1982,13.5
05,31,1982,9.5
06,01,1982,10.0
06,02,1982,7.0
06,03,1982,9.0
06,04,1982,11.0
06,05,1982,12.5
06,06,1982,11.5
06,07,1982,10.5
06,08,1982,8.5
06,09,1982,10.5
06,10,1982,10.0
06,11,1982,11.5
06,12,1982,9.5
06,13,1982,11.0
06,14,1982,13.5
06,15,1982,12.0
06,16,1982,13.0
06,17,1982,12.5
06,18,1982,10.5
06,19,1982,9.0
06,20,1982,13.0
06,21,1982,12.0
06,22,1982,13.0
06,23,1982,13.0
06,24,1982,11.0
06,25,1982,12.0
06,26,1982,12.0
06,27,1982,12.0
06,28,1982,14.0
06,29,1982,13.0
06,30,1982,13.0
07,01,1982,12.0
07,02,1982,12.0
07,03,1982,12.0
07,04,1982,10.0
07,05,1982,10.0
07,06,1982,10.0
07,07,1982,12.0
07,08,1982,12.0
07,09,1982,11.0
07,10,1982,10.5
07,11,1982,11.5
07,12,1982,14.0
07,13,1982,13.0
07,14,1982,11.0
07,15,1982,13.0
07,16,1982,14.0
07,17,1982,14.5
07,18,1982,14.0
07,19,1982,13.0
07,20,1982,10.0
07,21,1982,12.0
07,22,1982,12.0
07,23,1982,12.0
07,24,1982,13.0
07,25,1982,11.0
07,26,1982,13.0
07,27,1982,12.0
07,28,1982,8.0
07,29,1982,9.0
07,30,1982,14.0
07,31,1982,12.0
08,01,1982,11.0
08,02,1982,12.0
08,03,1982,12.0
08,04,1982,9.0
08,05,1982,12.0
08,06,1982,13.0
08,07,1982,11.0
08,08,1982,8.0
08,09,1982,10.0
08,10,1982,11.0
08,11,1982,11.0
08,12,1982,11.0
08,13,1982,9.0
08,14,1982,10.0
08,15,1982,12.0
08,16,1982,8.0
08,17,1982,10.0
08,18,1982,10.0
08,19,1982,12.0
08,20,1982,12.0
08,21,1982,13.0
08,22,1982,12.0
08,23,1982,13.0
08,24,1982,8.0
08,25,1982,11.0
08,26,1982,9.0
08,27,1982,10.0
08,28,1982,7.0
08,29,1982,9.0
08,30,1982,10.0
08,31,1982,11.0
09,01,1982,10.0
09,02,1982,11.0
09,03,1982,10.0
09,04,1982,12.0
09,05,1982,9.5
09,06,1982,9.5
09,07,1982,10.0
09,08,1982,11.0
09,09,1982,12.0
09,10,1982,10.0
09,11,1982,11.0
09,12,1982,10.0
09,13,1982,11.5
09,14,1982,11.5
09,15,1982,11.5
09,16,1982,13.0
09,17,1982,11.0
09,18,1982,12.0
09,19,1982,11.0
09,20,1982,12.0
09,21,1982,14.5
09,22,1982,13.5
09,23,1982,13.0
09,24,1982,12.0
09,25,1982,13.0
09,26,1982,12.0
09,27,1982,10.0
09,28,1982,13.0
09,29,1982,12.0
09,30,1982,11.0
10,01,1982,10.0
10,02,1982,11.0
10,03,1982,11.0
10,04,1982,11.0
10,05,1982,10.0
10,06,1982,10.0
10,07,1982,10.0
10,08,1982,11.5
10,09,1982,10.0
10,10,1982,12.0
10,11,1982,13.0
10,12,1982,10.5
10,13,1982,10.0
10,14,1982,10.0
10,15,1982,10.0
10,16,1982,10.0
10,17,1982,10.5
10,18,1982,10.0
10,19,1982,9.0
10,20,1982,9.5
10,21,1982,7.0
10,22,1982,8.0
10,23,1982,10.0
10,24,1982,10.0
10,25,1982,7.0
10,26,1982,9.5
10,27,1982,7.5
10,28,1982,6.0
10,29,1982,6.5
10,30,1982,6.0
10,31,1982,7.5
11,01,1982,7.0
11,02,1982,10.0
11,03,1982,7.5
11,04,1982,7.0
11,05,1982,7.5
11,06,1982,7.0
11,07,1982,3.0
11,08,1982,1.5
11,09,1982,1.5
11,10,1982,1.5
11,11,1982,4.5
11,12,1982,6.0
11,13,1982,5.0
11,14,1982,10.0
11,15,1982,7.0
11,16,1982,5.0
11,17,1982,8.0
11,18,1982,8.0
11,19,1982,4.0
11,20,1982,6.5
11,21,1982,7.0
11,22,1982,5.5
11,23,1982,6.0
11,24,1982,5.0
11,25,1982,8.0
11,26,1982,7.0
11,27,1982,8.0
11,28,1982,7.0
11,29,1982,6.0
11,30,1982,7.0
12,01,1982,10.0
12,02,1982,9.0
12,03,1982,9.5
12,04,1982,5.0
12,05,1982,3.0
12,06,1982,9.0
12,07,1982,5.5
12,08,1982,9.5
12,09,1982,10.5
12,10,1982,8.0
12,11,1982,8.0
12,12,1982,4.5
12,13,1982,3.5
12,14,1982,5.5
12,15,1982,5.0
12,16,1982,4.5
12,17,1982,5.5
12,18,1982,3.0
12,19,1982,-0.5
12,20,1982,-0.5
12,21,1982,1.0
12,22,1982,2.0
12,23,1982,3.0
12,24,1982,1.5
12,25,1982,3.0
12,26,1982,5.0
12,27,1982,4.0
12,28,1982,5.5
12,29,1982,5.5
12,30,1982,6.0
12,31,1982,7.0
01,01,1983,7.0
01,02,1983,6.0
01,03,1983,7.0
01,04,1983,8.0
01,05,1983,5.0
01,06,1983,6.0
01,07,1983,9.0
01,08,1983,7.0
01,09,1983,6.0
01,10,1983,7.5
01,11,1983,6.0
01,12,1983,6.0
01,13,1983,3.0
01,14,1983,7.0
01,15,1983,5.0
01,16,1983,1.0
01,17,1983,3.0
01,18,1983,7.0
01,19,1983,9.0
01,20,1983,4.0
01,21,1983,-0.5
01,22,1983,-5.0
01,23,1983,-3.0
01,24,1983,1.0
01,25,1983,-5.0
01,26,1983,3.0
01,27,1983,1.0
01,28,1983,0.0
01,29,1983,1.0
01,30,1983,2.0
01,31,1983,5.0
02,01,1983,2.0
02,02,1983,2.0
02,03,1983,7.0
02,04,1983,5.0
02,05,1983,7.0
02,06,1983,5.0
02,07,1983,6.0
02,08,1983,3.0
02,09,1983,5.0
02,10,1983,4.5
02,11,1983,3.0
02,12,1983,5.0
02,13,1983,2.5
02,14,1983,5.0
02,15,1983,2.0
02,16,1983,5.0
02,17,1983,6.0
02,18,1983,3.0
02,19,1983,6.0
02,20,1983,5.0
02,21,1983,4.0
02,22,1983,4.0
02,23,1983,5.0
02,24,1983,7.0
02,25,1983,7.0
02,26,1983,5.0
02,27,1983,2.0
02,28,1983,7.0
03,01,1983,4.0
03,02,1983,5.0
03,03,1983,2.5
03,04,1983,2.5
03,05,1983,7.0
03,06,1983,2.5
03,07,1983,5.0
03,08,1983,4.0
03,09,1983,2.0
03,10,1983,5.0
03,11,1983,3.0
03,12,1983,5.0
03,13,1983,6.5
03,14,1983,6.0
03,15,1983,5.0
03,16,1983,6.0
03,17,1983,4.5
03,18,1983,3.0
03,19,1983,4.0
03,20,1983,5.0
03,21,1983,3.0
03,22,1983,1.5
03,23,1983,2.5
03,24,1983,4.0
03,25,1983,7.0
03,26,1983,4.0
03,27,1983,7.0
03,28,1983,7.0
03,29,1983,8.5
03,30,1983,9.0
03,31,1983,7.0
04,01,1983,8.0
04,02,1983,8.5
04,03,1983,7.0
04,04,1983,5.0
04,05,1983,3.5
04,06,1983,5.0
04,07,1983,6.0
04,08,1983,4.5
04,09,1983,3.0
04,10,1983,3.5
04,11,1983,4.5
04,12,1983,5.0
04,13,1983,4.0
04,14,1983,6.0
04,15,1983,5.0
04,16,1983,5.5
04,17,1983,8.0
04,18,1983,9.5
04,19,1983,7.0
04,20,1983,5.5
04,21,1983,7.5
04,22,1983,8.0
04,23,1983,7.0
04,24,1983,6.5
04,25,1983,7.0
04,26,1983,8.0
04,27,1983,7.0
04,28,1983,10.0
04,29,1983,8.0
04,30,1983,7.0
05,01,1983,7.0
05,02,1983,9.0
05,03,1983,11.0
05,04,1983,9.0
05,05,1983,10.0
05,06,1983,7.0
05,07,1983,8.0
05,08,1983,6.0
05,09,1983,7.0
05,10,1983,10.0
05,11,1983,11.0
05,12,1983,10.5
05,13,1983,13.0
05,14,1983,9.0
05,15,1983,10.0
05,16,1983,8.0
05,17,1983,9.0
05,18,1983,7.0
05,19,1983,10.0
05,20,1983,10.0
05,21,1983,7.5
05,22,1983,7.5
05,23,1983,10.5
05,24,1983,8.5
05,25,1983,13.0
05,26,1983,13.5
05,27,1983,12.0
05,28,1983,10.0
05,29,1983,7.0
05,30,1983,7.5
05,31,1983,9.5
06,01,1983,15.5
06,02,1983,13.0
06,03,1983,15.0
06,04,1983,12.0
06,05,1983,13.0
06,06,1983,17.0
06,07,1983,16.0
06,08,1983,11.0
06,09,1983,12.0
06,10,1983,13.0
06,11,1983,14.0
06,12,1983,10.0
06,13,1983,11.0
06,14,1983,13.0
06,15,1983,10.5
06,16,1983,13.0
06,17,1983,9.0
06,18,1983,8.5
06,19,1983,7.5
06,20,1983,10.5
06,21,1983,9.5
06,22,1983,14.0
06,23,1983,10.5
06,24,1983,12.0
06,25,1983,15.5
06,26,1983,15.0
06,27,1983,17.0
06,28,1983,15.0
06,29,1983,13.0
06,30,1983,10.5
07,01,1983,13.0
07,02,1983,14.0
07,03,1983,12.0
07,04,1983,13.0
07,05,1983,12.0
07,06,1983,13.0
07,07,1983,12.0
07,08,1983,14.0
07,09,1983,15.0
07,10,1983,14.0
07,11,1983,15.0
07,12,1983,14.5
07,13,1983,13.0
07,14,1983,9.0
07,15,1983,11.0
07,16,1983,11.0
07,17,1983,12.5
07,18,1983,13.0
07,19,1983,11.0
07,20,1983,12.0
07,21,1983,12.5
07,22,1983,13.0
07,23,1983,13.0
07,24,1983,12.0
07,25,1983,11.0
07,26,1983,10.0
07,27,1983,10.0
07,28,1983,11.0
07,29,1983,9.0
07,30,1983,7.0
07,31,1983,8.0
08,01,1983,11.0
08,02,1983,12.0
08,03,1983,12.0
08,04,1983,9.5
08,05,1983,10.0
08,06,1983,12.5
08,07,1983,11.0
08,08,1983,9.0
08,09,1983,7.5
08,10,1983,8.5
08,11,1983,7.5
08,12,1983,9.0
08,13,1983,11.0
08,14,1983,12.0
08,15,1983,11.0
08,16,1983,6.5
08,17,1983,9.0
08,18,1983,10.0
08,19,1983,11.0
08,20,1983,9.0
08,21,1983,13.5
08,22,1983,13.5
08,23,1983,11.5
08,24,1983,12.0
08,25,1983,13.5
08,26,1983,13.5
08,27,1983,14.5
08,28,1983,15.5
08,29,1983,14.5
08,30,1983,15.5
08,31,1983,12.5
09,01,1983,14.0
09,02,1983,14.5
09,03,1983,13.0
09,04,1983,12.0
09,05,1983,10.5
09,06,1983,12.0
09,07,1983,10.0
09,08,1983,11.5
09,09,1983,12.0
09,10,1983,10.5
09,11,1983,11.0
09,12,1983,10.5
09,13,1983,9.0
09,14,1983,10.0
09,15,1983,9.0
09,16,1983,11.0
09,17,1983,11.0
09,18,1983,9.0
09,19,1983,10.0
09,20,1983,10.5
09,21,1983,7.0
09,22,1983,9.5
09,23,1983,8.0
09,24,1983,6.5
09,25,1983,8.0
09,26,1983,10.5
09,27,1983,12.0
09,28,1983,13.0
09,29,1983,11.5
09,30,1983,10.0
10,01,1983,9.0
10,02,1983,10.0
10,03,1983,8.0
10,04,1983,11.0
10,05,1983,7.0
10,06,1983,9.0
10,07,1983,10.0
10,08,1983,10.0
10,09,1983,8.0
10,10,1983,6.0
10,11,1983,7.0
10,12,1983,8.0
10,13,1983,9.0
10,14,1983,12.0
10,15,1983,11.0
10,16,1983,7.0
10,17,1983,9.0
10,18,1983,8.0
10,19,1983,11.0
10,20,1983,11.0
10,21,1983,9.0
10,22,1983,7.5
10,23,1983,9.0
10,24,1983,9.0
10,25,1983,8.5
10,26,1983,8.0
10,27,1983,10.5
10,28,1983,12.5
10,29,1983,12.0
10,30,1983,11.5
10,31,1983,9.0
11,01,1983,5.0
11,02,1983,8.0
11,03,1983,10.0
11,04,1983,7.0
11,05,1983,5.0
11,06,1983,8.0
11,07,1983,7.5
11,08,1983,4.5
11,09,1983,8.0
11,10,1983,9.5
11,11,1983,3.0
11,12,1983,7.0
11,13,1983,4.0
11,14,1983,7.0
11,15,1983,10.0
11,16,1983,11.0
11,17,1983,7.5
11,18,1983,8.5
11,19,1983,10.0
11,20,1983,9.0
11,21,1983,8.0
11,22,1983,5.0
11,23,1983,2.0
11,24,1983,3.0
11,25,1983,4.0
11,26,1983,4.0
11,27,1983,3.0
11,28,1983,3.0
11,29,1983,3.0
11,30,1983,2.0
12,01,1983,8.0
12,02,1983,11.0
12,03,1983,10.5
12,04,1983,5.5
12,05,1983,12.0
12,06,1983,9.5
12,07,1983,7.5
12,08,1983,4.5
12,09,1983,7.0
12,10,1983,5.5
12,11,1983,2.5
12,12,1983,4.0
12,13,1983,5.0
12,14,1983,6.0
12,15,1983,5.0
12,16,1983,6.0
12,17,1983,4.5
12,18,1983,7.0
12,19,1983,4.0
12,20,1983,7.0
12,21,1983,5.5
12,22,1983,7.0
12,23,1983,3.5
12,24,1983,4.5
12,25,1983,8.5
12,26,1983,7.0
12,27,1983,9.0
12,28,1983,7.0
12,29,1983,4.0
12,30,1983,4.0
12,31,1983,3.5
01,01,1984,7.5
01,02,1984,7.0
01,03,1984,6.5
01,04,1984,8.0
01,05,1984,9.0
01,06,1984,6.0
01,07,1984,7.0
01,08,1984,9.5
01,09,1984,7.5
01,10,1984,8.0
01,11,1984,6.0
01,12,1984,7.0
01,13,1984,9.0
01,14,1984,8.0
01,15,1984,9.5
01,16,1984,10.0
01,17,1984,10.0
01,18,1984,7.0
01,19,1984,8.0
01,20,1984,9.5
01,21,1984,11.0
01,22,1984,10.0
01,23,1984,10.5
01,24,1984,9.0
01,25,1984,11.0
01,26,1984,10.0
01,27,1984,6.0
01,28,1984,5.0
01,29,1984,6.0
01,30,1984,8.0
01,31,1984,9.0
02,01,1984,15.0
02,02,1984,10.0
02,03,1984,11.0
02,04,1984,12.0
02,05,1984,11.0
02,06,1984,13.5
02,07,1984,12.0
02,08,1984,11.0
02,09,1984,10.0
02,10,1984,12.5
02,11,1984,13.5
02,12,1984,12.0
02,13,1984,12.0
02,14,1984,11.0
02,15,1984,11.5
02,16,1984,12.0
02,17,1984,10.5
02,18,1984,11.0
02,19,1984,10.0
02,20,1984,11.0
02,21,1984,8.0
02,22,1984,10.0
02,23,1984,9.5
02,24,1984,9.0
02,25,1984,10.0
02,26,1984,11.5
02,27,1984,7.0
02,28,1984,9.5
02,29,1984,9.5
03,01,1984,10.5
03,02,1984,11.0
03,03,1984,8.0
03,04,1984,11.0
03,05,1984,12.0
03,06,1984,11.5
03,07,1984,11.0
03,08,1984,12.0
03,09,1984,12.0
03,10,1984,10.0
03,11,1984,9.5
03,12,1984,12.0
03,13,1984,10.0
03,14,1984,7.5
03,15,1984,8.0
03,16,1984,7.0
03,17,1984,9.5
03,18,1984,10.0
03,19,1984,11.0
03,20,1984,10.5
03,21,1984,9.5
03,22,1984,11.0
03,23,1984,10.0
03,24,1984,11.0
03,25,1984,11.0
03,26,1984,11.5
03,27,1984,8.0
03,28,1984,10.0
03,29,1984,11.0
03,30,1984,10.0
03,31,1984,12.0
04,01,1984,11.5
04,02,1984,12.0
04,03,1984,13.0
04,04,1984,12.0
04,05,1984,11.5
04,06,1984,10.0
04,07,1984,11.0
04,08,1984,11.0
04,09,1984,11.5
04,10,1984,11.0
04,11,1984,12.0
04,12,1984,13.0
04,13,1984,10.0
04,14,1984,12.5
04,15,1984,10.5
04,16,1984,10.0
04,17,1984,11.0
04,18,1984,12.0
04,19,1984,11.0
04,20,1984,12.5
04,21,1984,12.0
04,22,1984,12.5
04,23,1984,13.0
04,24,1984,11.0
04,25,1984,12.0
04,26,1984,12.0
04,27,1984,13.0
04,28,1984,10.0
04,29,1984,13.0
04,30,1984,11.5
05,01,1984,11.0
05,02,1984,12.0
05,03,1984,13.0
05,04,1984,11.0
05,05,1984,10.5
05,06,1984,10.5
05,07,1984,11.5
05,08,1984,13.0
05,09,1984,12.5
05,10,1984,11.5
05,11,1984,11.5
05,12,1984,12.5
05,13,1984,10.5
05,14,1984,11.0
05,15,1984,10.0
05,16,1984,11.0
05,17,1984,10.0
05,18,1984,11.0
05,19,1984,10.5
05,20,1984,11.0
05,21,1984,10.0
05,22,1984,11.0
05,23,1984,10.5
05,24,1984,9.5
05,25,1984,10.0
05,26,1984,11.0
05,27,1984,12.5
05,28,1984,11.0
05,29,1984,10.0
05,30,1984,11.0
05,31,1984,12.0
06,01,1984,10.0
06,02,1984,11.0
06,03,1984,10.0
06,04,1984,10.0
06,05,1984,9.5
06,06,1984,9.0
06,07,1984,10.0
06,08,1984,10.0
06,09,1984,11.0
06,10,1984,10.0
06,11,1984,12.5
06,12,1984,10.0
06,13,1984,10.5
06,14,1984,11.5
06,15,1984,11.5
06,16,1984,12.0
06,17,1984,10.5
06,18,1984,12.0
06,19,1984,12.0
06,20,1984,11.0
06,21,1984,14.0
06,22,1984,13.5
06,23,1984,13.5
06,24,1984,12.0
06,25,1984,12.0
06,26,1984,12.0
06,27,1984,10.0
06,28,1984,11.0
06,29,1984,10.5
06,30,1984,11.0
07,01,1984,11.5
07,02,1984,13.0
07,03,1984,11.0
07,04,1984,10.5
07,05,1984,12.0
07,06,1984,10.0
07,07,1984,12.0
07,08,1984,11.0
07,09,1984,12.0
07,10,1984,12.0
07,11,1984,13.5
07,12,1984,12.0
07,13,1984,11.0
07,14,1984,13.5
07,15,1984,12.0
07,16,1984,11.5
07,17,1984,10.0
07,18,1984,12.0
07,19,1984,11.0
07,20,1984,10.5
07,21,1984,11.0
07,22,1984,9.5
07,23,1984,10.5
07,24,1984,6.5
07,25,1984,9.5
07,26,1984,10.5
07,27,1984,11.0
07,28,1984,11.5
07,29,1984,12.5
07,30,1984,11.5
07,31,1984,12.5
08,01,1984,12.0
08,02,1984,14.0
08,03,1984,13.5
08,04,1984,11.5
08,05,1984,13.5
08,06,1984,12.0
08,07,1984,10.5
08,08,1984,11.0
08,09,1984,12.0
08,10,1984,10.5
08,11,1984,9.5
08,12,1984,7.5
08,13,1984,10.5
08,14,1984,11.0
08,15,1984,12.0
08,16,1984,10.5
08,17,1984,11.5
08,18,1984,9.5
08,19,1984,12.0
08,20,1984,9.5
08,21,1984,11.0
08,22,1984,12.5
08,23,1984,13.5
08,24,1984,14.0
08,25,1984,10.0
08,26,1984,11.0
08,27,1984,9.5
08,28,1984,12.0
08,29,1984,11.5
08,30,1984,10.0
08,31,1984,9.5
09,01,1984,11.0
09,02,1984,10.0
09,03,1984,14.5
09,04,1984,13.5
09,05,1984,11.5
09,06,1984,12.5
09,07,1984,13.0
09,08,1984,11.5
09,09,1984,9.0
09,10,1984,10.0
09,11,1984,11.5
09,12,1984,12.5
09,13,1984,11.5
09,14,1984,12.5
09,15,1984,10.0
09,16,1984,11.0
09,17,1984,13.0
09,18,1984,12.5
09,19,1984,13.0
09,20,1984,12.5
09,21,1984,11.5
09,22,1984,10.5
09,23,1984,12.0
09,24,1984,11.0
09,25,1984,13.0
09,26,1984,12.0
09,27,1984,9.5
09,28,1984,10.0
09,29,1984,10.0
09,30,1984,11.0
10,01,1984,12.0
10,02,1984,9.5
10,03,1984,7.0
10,04,1984,7.0
10,05,1984,8.0
10,06,1984,7.5
10,07,1984,8.5
10,08,1984,9.5
10,09,1984,7.5
10,10,1984,5.0
10,11,1984,6.0
10,12,1984,7.5
10,13,1984,6.5
10,14,1984,9.0
10,15,1984,7.0
10,16,1984,8.0
10,17,1984,8.0
10,18,1984,7.0
10,19,1984,8.5
10,20,1984,9.0
10,21,1984,11.0
10,22,1984,10.0
10,23,1984,7.5
10,24,1984,9.5
10,25,1984,6.5
10,26,1984,8.5
10,27,1984,9.0
10,28,1984,7.5
10,29,1984,9.0
10,30,1984,11.0
10,31,1984,11.5
11,01,1984,11.5
11,02,1984,6.5
11,03,1984,7.5
11,04,1984,11.5
11,05,1984,8.0
11,06,1984,8.5
11,07,1984,10.5
11,08,1984,4.5
11,09,1984,1.5
11,10,1984,1.0
11,11,1984,7.5
11,12,1984,4.5
11,13,1984,8.0
11,14,1984,4.0
11,15,1984,1.0
11,16,1984,1.0
11,17,1984,1.5
11,18,1984,2.5
11,19,1984,1.5
11,20,1984,5.0
11,21,1984,8.0
11,22,1984,7.0
11,23,1984,9.0
11,24,1984,2.0
11,25,1984,5.0
11,26,1984,4.0
11,27,1984,6.0
11,28,1984,7.0
11,29,1984,5.0
11,30,1984,7.0
12,01,1984,2.5
12,02,1984,5.0
12,03,1984,8.0
12,04,1984,5.0
12,05,1984,3.5
12,06,1984,4.0
12,07,1984,8.0
12,08,1984,5.0
12,09,1984,0.0
12,10,1984,2.5
12,11,1984,1.5
12,12,1984,3.0
12,13,1984,7.5
12,14,1984,4.0
12,15,1984,3.0
12,16,1984,4.0
12,17,1984,5.0
12,18,1984,8.0
12,19,1984,4.0
12,20,1984,1.5
12,21,1984,1.0
12,22,1984,2.5
12,23,1984,6.0
12,24,1984,3.0
12,25,1984,6.0
12,26,1984,9.0
12,27,1984,10.0
12,28,1984,10.0
12,29,1984,7.0
12,30,1984,5.0
12,31,1984,6.0
01,01,1985,5.0
01,02,1985,5.0
01,03,1985,5.5
01,04,1985,3.0
01,05,1985,5.0
01,06,1985,2.5
01,07,1985,3.0
01,08,1985,3.5
01,09,1985,3.0
01,10,1985,4.0
01,11,1985,4.0
01,12,1985,7.0
01,13,1985,4.0
01,14,1985,4.0
01,15,1985,6.0
01,16,1985,6.5
01,17,1985,4.0
01,18,1985,7.0
01,19,1985,4.0
01,20,1985,4.5
01,21,1985,5.0
01,22,1985,5.0
01,23,1985,2.0
01,24,1985,4.0
01,25,1985,6.0
01,26,1985,5.0
01,27,1985,5.0
01,28,1985,3.0
01,29,1985,4.0
01,30,1985,3.0
01,31,1985,5.0
02,01,1985,5.5
02,02,1985,3.0
02,03,1985,6.5
02,04,1985,3.0
02,05,1985,5.5
02,06,1985,3.0
02,07,1985,4.0
02,08,1985,5.0
02,09,1985,3.0
02,10,1985,4.0
02,11,1985,5.0
02,12,1985,5.5
02,13,1985,3.0
02,14,1985,3.0
02,15,1985,4.0
02,16,1985,5.0
02,17,1985,6.0
02,18,1985,5.0
02,19,1985,7.0
02,20,1985,6.0
02,21,1985,7.5
02,22,1985,8.0
02,23,1985,7.0
02,24,1985,7.5
02,25,1985,8.0
02,26,1985,6.0
02,27,1985,8.0
02,28,1985,9.0
03,01,1985,8.0
03,02,1985,7.0
03,03,1985,6.5
03,04,1985,6.0
03,05,1985,7.0
03,06,1985,9.0
03,07,1985,10.0
03,08,1985,8.0
03,09,1985,9.0
03,10,1985,10.0
03,11,1985,9.0
03,12,1985,7.0
03,13,1985,7.5
03,14,1985,7.0
03,15,1985,9.0
03,16,1985,8.5
03,17,1985,10.0
03,18,1985,9.0
03,19,1985,10.0
03,20,1985,9.5
03,21,1985,8.0
03,22,1985,9.0
03,23,1985,11.0
03,24,1985,10.0
03,25,1985,7.0
03,26,1985,9.0
03,27,1985,9.5
03,28,1985,8.0
03,29,1985,9.0
03,30,1985,9.0
03,31,1985,8.0
04,01,1985,null
04,02,1985,null
04,03,1985,null
04,04,1985,null
04,05,1985,null
04,06,1985,null
04,07,1985,null
04,08,1985,null
04,09,1985,null
04,10,1985,null
04,11,1985,null
04,12,1985,null
04,13,1985,null
04,14,1985,null
04,15,1985,null
04,16,1985,null
04,17,1985,null
04,18,1985,null
04,19,1985,null
04,20,1985,null
04,21,1985,null
04,22,1985,null
04,23,1985,null
04,24,1985,null
04,25,1985,null
04,26,1985,null
04,27,1985,null
04,28,1985,null
04,29,1985,null
04,30,1985,null
05,01,1985,6.0
05,02,1985,8.5
05,03,1985,10.0
05,04,1985,10.0
05,05,1985,10.5
05,06,1985,8.0
05,07,1985,10.0
05,08,1985,10.0
05,09,1985,9.0
05,10,1985,9.0
05,11,1985,10.0
05,12,1985,11.5
05,13,1985,11.0
05,14,1985,11.5
05,15,1985,12.0
05,16,1985,11.0
05,17,1985,9.0
05,18,1985,11.0
05,19,1985,12.0
05,20,1985,11.0
05,21,1985,10.5
05,22,1985,11.0
05,23,1985,11.0
05,24,1985,11.5
05,25,1985,9.5
05,26,1985,9.0
05,27,1985,11.5
05,28,1985,13.5
05,29,1985,15.0
05,30,1985,11.5
05,31,1985,12.0
06,01,1985,12.0
06,02,1985,14.0
06,03,1985,14.0
06,04,1985,13.0
06,05,1985,12.0
06,06,1985,11.5
06,07,1985,10.5
06,08,1985,12.0
06,09,1985,11.0
06,10,1985,12.0
06,11,1985,13.5
06,12,1985,12.0
06,13,1985,12.5
06,14,1985,14.0
06,15,1985,13.0
06,16,1985,14.0
06,17,1985,12.0
06,18,1985,13.0
06,19,1985,11.5
06,20,1985,12.0
06,21,1985,10.5
06,22,1985,10.0
06,23,1985,12.5
06,24,1985,11.0
06,25,1985,10.0
06,26,1985,10.5
06,27,1985,12.0
06,28,1985,11.5
06,29,1985,12.0
06,30,1985,13.0
07,01,1985,13.0
07,02,1985,12.5
07,03,1985,11.0
07,04,1985,12.0
07,05,1985,14.0
07,06,1985,12.5
07,07,1985,12.0
07,08,1985,13.0
07,09,1985,12.5
07,10,1985,11.0
07,11,1985,10.5
07,12,1985,13.5
07,13,1985,12.0
07,14,1985,13.0
07,15,1985,12.5
07,16,1985,13.0
07,17,1985,12.0
07,18,1985,14.0
07,19,1985,12.0
07,20,1985,11.5
07,21,1985,12.0
07,22,1985,10.5
07,23,1985,11.0
07,24,1985,11.5
07,25,1985,14.0
07,26,1985,13.0
07,27,1985,14.0
07,28,1985,15.0
07,29,1985,14.0
07,30,1985,13.0
07,31,1985,11.5
08,01,1985,12.0
08,02,1985,13.0
08,03,1985,14.0
08,04,1985,13.0
08,05,1985,10.5
08,06,1985,11.0
08,07,1985,12.0
08,08,1985,10.0
08,09,1985,11.5
08,10,1985,12.0
08,11,1985,12.0
08,12,1985,14.0
08,13,1985,13.0
08,14,1985,13.0
08,15,1985,15.0
08,16,1985,12.0
08,17,1985,13.5
08,18,1985,15.0
08,19,1985,12.0
08,20,1985,11.5
08,21,1985,11.0
08,22,1985,13.0
08,23,1985,12.0
08,24,1985,11.5
08,25,1985,12.0
08,26,1985,13.0
08,27,1985,12.0
08,28,1985,14.5
08,29,1985,13.0
08,30,1985,15.0
08,31,1985,14.0
09,01,1985,12.5
09,02,1985,10.0
09,03,1985,9.0
09,04,1985,8.5
09,05,1985,10.0
09,06,1985,11.0
09,07,1985,10.5
09,08,1985,9.0
09,09,1985,9.0
09,10,1985,8.5
09,11,1985,11.0
09,12,1985,10.0
09,13,1985,12.0
09,14,1985,8.0
09,15,1985,11.0
09,16,1985,10.0
09,17,1985,11.5
09,18,1985,10.5
09,19,1985,11.0
09,20,1985,10.5
09,21,1985,11.0
09,22,1985,10.0
09,23,1985,10.5
09,24,1985,10.0
09,25,1985,12.0
09,26,1985,14.0
09,27,1985,15.0
09,28,1985,13.0
09,29,1985,11.5
09,30,1985,12.0
10,01,1985,null
10,02,1985,null
10,03,1985,null
10,04,1985,null
10,05,1985,null
10,06,1985,null
10,07,1985,null
10,08,1985,null
10,09,1985,null
10,10,1985,null
10,11,1985,null
10,12,1985,null
10,13,1985,null
10,14,1985,null
10,15,1985,null
10,16,1985,null
10,17,1985,null
10,18,1985,null
10,19,1985,null
10,20,1985,null
10,21,1985,null
10,22,1985,null
10,23,1985,null
10,24,1985,null
10,25,1985,null
10,26,1985,null
10,27,1985,null
10,28,1985,null
10,29,1985,null
10,30,1985,null
10,31,1985,null
11,01,1985,null
11,02,1985,null
11,03,1985,null
11,04,1985,null
11,05,1985,null
11,06,1985,null
11,07,1985,null
11,08,1985,null
11,09,1985,null
11,10,1985,null
11,11,1985,null
11,12,1985,null
11,13,1985,null
11,14,1985,null
11,15,1985,null
11,16,1985,null
11,17,1985,null
11,18,1985,null
11,19,1985,null
11,20,1985,null
11,21,1985,null
11,22,1985,null
11,23,1985,null
11,24,1985,null
11,25,1985,null
11,26,1985,null
11,27,1985,null
11,28,1985,null
11,29,1985,null
11,30,1985,null
12,01,1985,null
12,02,1985,null
12,03,1985,null
12,04,1985,null
12,05,1985,null
12,06,1985,null
12,07,1985,null
12,08,1985,null
12,09,1985,null
12,10,1985,null
12,11,1985,null
12,12,1985,null
12,13,1985,null
12,14,1985,null
12,15,1985,null
12,16,1985,null
12,17,1985,null
12,18,1985,null
12,19,1985,null
12,20,1985,null
12,21,1985,null
12,22,1985,null
12,23,1985,null
12,24,1985,null
12,25,1985,null
12,26,1985,null
12,27,1985,null
12,28,1985,null
12,29,1985,null
12,30,1985,null
12,31,1985,null
01,01,1986,null
01,02,1986,null
01,03,1986,null
01,04,1986,null
01,05,1986,null
01,06,1986,null
01,07,1986,null
01,08,1986,null
01,09,1986,null
01,10,1986,null
01,11,1986,null
01,12,1986,null
01,13,1986,null
01,14,1986,null
01,15,1986,null
01,16,1986,null
01,17,1986,null
01,18,1986,null
01,19,1986,null
01,20,1986,null
01,21,1986,null
01,22,1986,null
01,23,1986,null
01,24,1986,null
01,25,1986,null
01,26,1986,null
01,27,1986,null
01,28,1986,null
01,29,1986,null
01,30,1986,null
01,31,1986,null
02,01,1986,null
02,02,1986,null
02,03,1986,null
02,04,1986,null
02,05,1986,null
02,06,1986,null
02,07,1986,null
02,08,1986,null
02,09,1986,null
02,10,1986,null
02,11,1986,null
02,12,1986,null
02,13,1986,null
02,14,1986,null
02,15,1986,null
02,16,1986,null
02,17,1986,null
02,18,1986,null
02,19,1986,null
02,20,1986,null
02,21,1986,null
02,22,1986,null
02,23,1986,null
02,24,1986,null
02,25,1986,null
02,26,1986,null
02,27,1986,null
02,28,1986,null
03,01,1986,null
03,02,1986,null
03,03,1986,null
03,04,1986,null
03,05,1986,null
03,06,1986,null
03,07,1986,null
03,08,1986,null
03,09,1986,null
03,10,1986,null
03,11,1986,null
03,12,1986,null
03,13,1986,null
03,14,1986,null
03,15,1986,null
03,16,1986,null
03,17,1986,null
03,18,1986,null
03,19,1986,null
03,20,1986,null
03,21,1986,null
03,22,1986,null
03,23,1986,null
03,24,1986,null
03,25,1986,null
03,26,1986,null
03,27,1986,null
03,28,1986,null
03,29,1986,null
03,30,1986,null
03,31,1986,null
04,01,1986,null
04,02,1986,null
04,03,1986,null
04,04,1986,null
04,05,1986,null
04,06,1986,null
04,07,1986,null
04,08,1986,null
04,09,1986,null
04,10,1986,null
04,11,1986,null
04,12,1986,null
04,13,1986,null
04,14,1986,null
04,15,1986,null
04,16,1986,null
04,17,1986,null
04,18,1986,null
04,19,1986,null
04,20,1986,null
04,21,1986,null
04,22,1986,null
04,23,1986,null
04,24,1986,null
04,25,1986,null
04,26,1986,null
04,27,1986,null
04,28,1986,null
04,29,1986,null
04,30,1986,null
05,01,1986,null
05,02,1986,null
05,03,1986,null
05,04,1986,null
05,05,1986,null
05,06,1986,null
05,07,1986,null
05,08,1986,null
05,09,1986,null
05,10,1986,null
05,11,1986,null
05,12,1986,null
05,13,1986,null
05,14,1986,null
05,15,1986,null
05,16,1986,null
05,17,1986,null
05,18,1986,null
05,19,1986,null
05,20,1986,null
05,21,1986,null
05,22,1986,null
05,23,1986,null
05,24,1986,null
05,25,1986,null
05,26,1986,null
05,27,1986,null
05,28,1986,null
05,29,1986,null
05,30,1986,null
05,31,1986,null
06,01,1986,null
06,02,1986,null
06,03,1986,null
06,04,1986,null
06,05,1986,null
06,06,1986,null
06,07,1986,null
06,08,1986,null
06,09,1986,null
06,10,1986,null
06,11,1986,null
06,12,1986,null
06,13,1986,null
06,14,1986,null
06,15,1986,null
06,16,1986,null
06,17,1986,null
06,18,1986,null
06,19,1986,null
06,20,1986,null
06,21,1986,null
06,22,1986,null
06,23,1986,null
06,24,1986,null
06,25,1986,null
06,26,1986,null
06,27,1986,null
06,28,1986,null
06,29,1986,null
06,30,1986,null
07,01,1986,null
07,02,1986,null
07,03,1986,null
07,04,1986,null
07,05,1986,null
07,06,1986,null
07,07,1986,null
07,08,1986,null
07,09,1986,null
07,10,1986,null
07,11,1986,null
07,12,1986,null
07,13,1986,null
07,14,1986,null
07,15,1986,null
07,16,1986,null
07,17,1986,null
07,18,1986,null
07,19,1986,null
07,20,1986,null
07,21,1986,null
07,22,1986,null
07,23,1986,null
07,24,1986,null
07,25,1986,null
07,26,1986,null
07,27,1986,null
07,28,1986,null
07,29,1986,null
07,30,1986,null
07,31,1986,null
08,01,1986,null
08,02,1986,null
08,03,1986,null
08,04,1986,null
08,05,1986,null
08,06,1986,null
08,07,1986,null
08,08,1986,null
08,09,1986,null
08,10,1986,null
08,11,1986,null
08,12,1986,null
08,13,1986,null
08,14,1986,null
08,15,1986,null
08,16,1986,null
08,17,1986,null
08,18,1986,null
08,19,1986,null
08,20,1986,null
08,21,1986,null
08,22,1986,null
08,23,1986,null
08,24,1986,null
08,25,1986,null
08,26,1986,null
08,27,1986,null
08,28,1986,null
08,29,1986,null
08,30,1986,null
08,31,1986,null
09,01,1986,9.5
09,02,1986,8.0
09,03,1986,9.0
09,04,1986,8.5
09,05,1986,8.0
09,06,1986,9.0
09,07,1986,9.5
09,08,1986,8.5
09,09,1986,8.0
09,10,1986,7.5
09,11,1986,7.0
09,12,1986,8.0
09,13,1986,7.5
09,14,1986,7.0
09,15,1986,8.0
09,16,1986,7.5
09,17,1986,8.5
09,18,1986,7.0
09,19,1986,8.0
09,20,1986,7.0
09,21,1986,8.0
09,22,1986,7.5
09,23,1986,8.0
09,24,1986,7.0
09,25,1986,7.5
09,26,1986,8.0
09,27,1986,7.5
09,28,1986,8.0
09,29,1986,9.0
09,30,1986,7.5
10,01,1986,8.0
10,02,1986,8.5
10,03,1986,7.5
10,04,1986,8.0
10,05,1986,9.0
10,06,1986,9.5
10,07,1986,10.0
10,08,1986,9.0
10,09,1986,8.5
10,10,1986,8.0
10,11,1986,7.5
10,12,1986,7.0
10,13,1986,9.0
10,14,1986,8.0
10,15,1986,8.5
10,16,1986,8.0
10,17,1986,7.5
10,18,1986,7.0
10,19,1986,8.5
10,20,1986,9.0
10,21,1986,8.5
10,22,1986,8.0
10,23,1986,7.5
10,24,1986,9.0
10,25,1986,8.5
10,26,1986,8.0
10,27,1986,9.0
10,28,1986,8.0
10,29,1986,8.5
10,30,1986,9.5
10,31,1986,8.0
11,01,1986,11.0
11,02,1986,8.5
11,03,1986,8.0
11,04,1986,8.5
11,05,1986,9.0
11,06,1986,8.0
11,07,1986,9.5
11,08,1986,9.0
11,09,1986,8.0
11,10,1986,8.5
11,11,1986,9.5
11,12,1986,10.0
11,13,1986,9.0
11,14,1986,10.0
11,15,1986,10.5
11,16,1986,9.0
11,17,1986,8.0
11,18,1986,10.0
11,19,1986,10.5
11,20,1986,10.0
11,21,1986,9.0
11,22,1986,9.5
11,23,1986,8.0
11,24,1986,9.0
11,25,1986,8.5
11,26,1986,9.5
11,27,1986,10.0
11,28,1986,9.0
11,29,1986,9.5
11,30,1986,10.0
12,01,1986,10.0
12,02,1986,7.0
12,03,1986,6.0
12,04,1986,8.5
12,05,1986,7.0
12,06,1986,8.0
12,07,1986,6.5
12,08,1986,7.0
12,09,1986,8.0
12,10,1986,6.5
12,11,1986,8.0
12,12,1986,6.0
12,13,1986,6.5
12,14,1986,7.0
12,15,1986,6.0
12,16,1986,8.5
12,17,1986,9.0
12,18,1986,10.0
12,19,1986,2.0
12,20,1986,0.0
12,21,1986,3.0
12,22,1986,5.0
12,23,1986,5.5
12,24,1986,6.0
12,25,1986,7.0
12,26,1986,8.0
12,27,1986,9.0
12,28,1986,10.0
12,29,1986,7.0
12,30,1986,8.0
12,31,1986,7.0
01,01,1987,7.0
01,02,1987,8.0
01,03,1987,6.0
01,04,1987,7.0
01,05,1987,8.0
01,06,1987,7.0
01,07,1987,6.0
01,08,1987,9.0
01,09,1987,6.0
01,10,1987,7.0
01,11,1987,6.5
01,12,1987,7.5
01,13,1987,8.0
01,14,1987,7.5
01,15,1987,8.0
01,16,1987,6.0
01,17,1987,7.0
01,18,1987,7.5
01,19,1987,6.5
01,20,1987,7.0
01,21,1987,8.0
01,22,1987,7.0
01,23,1987,6.0
01,24,1987,7.0
01,25,1987,6.5
01,26,1987,7.0
01,27,1987,8.0
01,28,1987,6.0
01,29,1987,7.5
01,30,1987,8.0
01,31,1987,7.0
02,01,1987,6.0
02,02,1987,7.0
02,03,1987,6.5
02,04,1987,8.0
02,05,1987,7.5
02,06,1987,8.0
02,07,1987,8.5
02,08,1987,6.0
02,09,1987,7.0
02,10,1987,8.0
02,11,1987,7.5
02,12,1987,10.0
02,13,1987,4.0
02,14,1987,6.0
02,15,1987,6.5
02,16,1987,7.5
02,17,1987,8.0
02,18,1987,9.0
02,19,1987,8.5
02,20,1987,2.0
02,21,1987,7.0
02,22,1987,8.0
02,23,1987,9.5
02,24,1987,6.0
02,25,1987,8.5
02,26,1987,7.5
02,27,1987,8.0
02,28,1987,6.5
03,01,1987,6.0
03,02,1987,9.0
03,03,1987,7.0
03,04,1987,6.0
03,05,1987,9.0
03,06,1987,8.0
03,07,1987,7.0
03,08,1987,8.0
03,09,1987,9.0
03,10,1987,6.0
03,11,1987,8.0
03,12,1987,7.0
03,13,1987,8.0
03,14,1987,7.0
03,15,1987,6.0
03,16,1987,6.5
03,17,1987,7.0
03,18,1987,8.0
03,19,1987,6.0
03,20,1987,6.5
03,21,1987,9.0
03,22,1987,6.0
03,23,1987,7.5
03,24,1987,7.0
03,25,1987,8.0
03,26,1987,6.0
03,27,1987,9.0
03,28,1987,6.0
03,29,1987,7.0
03,30,1987,6.0
03,31,1987,7.0
04,01,1987,8.0
04,02,1987,7.5
04,03,1987,6.0
04,04,1987,8.0
04,05,1987,6.0
04,06,1987,8.0
04,07,1987,7.0
04,08,1987,6.0
04,09,1987,8.0
04,10,1987,7.0
04,11,1987,8.5
04,12,1987,7.0
04,13,1987,6.0
04,14,1987,5.5
04,15,1987,6.0
04,16,1987,7.5
04,17,1987,9.0
04,18,1987,6.5
04,19,1987,7.0
04,20,1987,7.5
04,21,1987,8.0
04,22,1987,6.0
04,23,1987,7.0
04,24,1987,8.0
04,25,1987,6.0
04,26,1987,8.0
04,27,1987,7.5
04,28,1987,8.0
04,29,1987,6.0
04,30,1987,8.0
05,01,1987,7.0
05,02,1987,8.0
05,03,1987,7.5
05,04,1987,7.0
05,05,1987,8.0
05,06,1987,7.5
05,07,1987,7.0
05,08,1987,7.5
05,09,1987,7.0
05,10,1987,8.5
05,11,1987,8.0
05,12,1987,7.0
05,13,1987,8.5
05,14,1987,7.5
05,15,1987,7.0
05,16,1987,9.3
05,17,1987,7.5
05,18,1987,8.0
05,19,1987,7.5
05,20,1987,8.5
05,21,1987,8.0
05,22,1987,7.5
05,23,1987,8.0
05,24,1987,7.5
05,25,1987,8.0
05,26,1987,8.5
05,27,1987,9.0
05,28,1987,7.5
05,29,1987,8.0
05,30,1987,6.0
05,31,1987,8.0
06,01,1987,null
06,02,1987,null
06,03,1987,null
06,04,1987,null
06,05,1987,null
06,06,1987,null
06,07,1987,null
06,08,1987,null
06,09,1987,null
06,10,1987,null
06,11,1987,null
06,12,1987,null
06,13,1987,null
06,14,1987,null
06,15,1987,null
06,16,1987,null
06,17,1987,null
06,18,1987,null
06,19,1987,null
06,20,1987,null
06,21,1987,null
06,22,1987,null
06,23,1987,null
06,24,1987,null
06,25,1987,null
06,26,1987,13.0
06,27,1987,13.5
06,28,1987,12.0
06,29,1987,12.5
06,30,1987,12.0
07,01,1987,14.0
07,02,1987,13.0
07,03,1987,15.0
07,04,1987,13.0
07,05,1987,13.5
07,06,1987,14.0
07,07,1987,14.5
07,08,1987,12.0
07,09,1987,14.0
07,10,1987,14.5
07,11,1987,12.0
07,12,1987,11.0
07,13,1987,12.0
07,14,1987,13.0
07,15,1987,14.0
07,16,1987,12.0
07,17,1987,11.0
07,18,1987,13.0
07,19,1987,10.0
07,20,1987,12.0
07,21,1987,13.0
07,22,1987,11.5
07,23,1987,12.0
07,24,1987,12.5
07,25,1987,13.0
07,26,1987,10.0
07,27,1987,12.0
07,28,1987,14.0
07,29,1987,12.5
07,30,1987,12.0
07,31,1987,12.5
08,01,1987,12.0
08,02,1987,11.0
08,03,1987,10.0
08,04,1987,12.0
08,05,1987,12.5
08,06,1987,13.5
08,07,1987,11.0
08,08,1987,12.0
08,09,1987,11.0
08,10,1987,13.0
08,11,1987,13.5
08,12,1987,14.0
08,13,1987,15.0
08,14,1987,15.5
08,15,1987,14.0
08,16,1987,12.0
08,17,1987,13.0
08,18,1987,13.5
08,19,1987,12.0
08,20,1987,13.0
08,21,1987,11.5
08,22,1987,13.0
08,23,1987,12.0
08,24,1987,12.5
08,25,1987,11.0
08,26,1987,12.0
08,27,1987,13.0
08,28,1987,14.0
08,29,1987,11.5
08,30,1987,13.0
08,31,1987,14.0
09,01,1987,8.0
09,02,1987,8.5
09,03,1987,7.0
09,04,1987,8.0
09,05,1987,7.5
09,06,1987,6.0
09,07,1987,9.0
09,08,1987,9.5
09,09,1987,8.0
09,10,1987,9.0
09,11,1987,9.5
09,12,1987,10.0
09,13,1987,10.5
09,14,1987,9.0
09,15,1987,8.0
09,16,1987,8.5
09,17,1987,10.0
09,18,1987,11.5
09,19,1987,9.0
09,20,1987,8.0
09,21,1987,7.0
09,22,1987,8.5
09,23,1987,9.0
09,24,1987,10.5
09,25,1987,7.5
09,26,1987,9.0
09,27,1987,9.5
09,28,1987,7.0
09,29,1987,6.5
09,30,1987,8.0
10,01,1987,8.0
10,02,1987,7.0
10,03,1987,7.5
10,04,1987,7.0
10,05,1987,6.5
10,06,1987,7.0
10,07,1987,7.5
10,08,1987,9.0
10,09,1987,6.5
10,10,1987,7.0
10,11,1987,8.0
10,12,1987,8.5
10,13,1987,9.0
10,14,1987,6.0
10,15,1987,7.0
10,16,1987,9.0
10,17,1987,8.0
10,18,1987,8.5
10,19,1987,9.5
10,20,1987,8.5
10,21,1987,8.0
10,22,1987,8.5
10,23,1987,7.0
10,24,1987,9.0
10,25,1987,8.0
10,26,1987,9.5
10,27,1987,9.0
10,28,1987,8.0
10,29,1987,7.5
10,30,1987,8.0
10,31,1987,9.0
11,01,1987,9.0
11,02,1987,8.0
11,03,1987,9.0
11,04,1987,8.0
11,05,1987,8.5
11,06,1987,7.0
11,07,1987,8.0
11,08,1987,7.0
11,09,1987,8.0
11,10,1987,9.0
11,11,1987,8.0
11,12,1987,9.0
11,13,1987,8.0
11,14,1987,9.5
11,15,1987,9.0
11,16,1987,8.0
11,17,1987,9.0
11,18,1987,8.5
11,19,1987,9.0
11,20,1987,8.0
11,21,1987,7.5
11,22,1987,7.0
11,23,1987,9.0
11,24,1987,8.5
11,25,1987,7.0
11,26,1987,9.0
11,27,1987,8.0
11,28,1987,9.0
11,29,1987,7.0
11,30,1987,8.5
12,01,1987,7.5
12,02,1987,7.0
12,03,1987,8.0
12,04,1987,8.5
12,05,1987,7.5
12,06,1987,8.5
12,07,1987,10.0
12,08,1987,3.0
12,09,1987,10.0
12,10,1987,9.0
12,11,1987,8.5
12,12,1987,10.0
12,13,1987,7.0
12,14,1987,9.0
12,15,1987,15.0
12,16,1987,9.5
12,17,1987,11.0
12,18,1987,8.0
12,19,1987,7.0
12,20,1987,11.0
12,21,1987,11.5
12,22,1987,11.0
12,23,1987,12.5
12,24,1987,9.0
12,25,1987,10.0
12,26,1987,8.0
12,27,1987,6.0
12,28,1987,8.5
12,29,1987,6.5
12,30,1987,8.0
12,31,1987,7.0
01,01,1988,8.5
01,02,1988,9.0
01,03,1988,8.0
01,04,1988,8.0
01,05,1988,7.0
01,06,1988,6.5
01,07,1988,10.0
01,08,1988,10.5
01,09,1988,11.0
01,10,1988,10.0
01,11,1988,11.0
01,12,1988,9.0
01,13,1988,11.0
01,14,1988,9.5
01,15,1988,9.0
01,16,1988,8.5
01,17,1988,6.0
01,18,1988,7.0
01,19,1988,6.5
01,20,1988,6.0
01,21,1988,7.0
01,22,1988,6.0
01,23,1988,7.0
01,24,1988,13.0
01,25,1988,13.0
01,26,1988,7.0
01,27,1988,9.0
01,28,1988,11.0
01,29,1988,9.5
01,30,1988,7.0
01,31,1988,9.0
02,01,1988,9.0
02,02,1988,7.5
02,03,1988,7.0
02,04,1988,11.0
02,05,1988,7.0
02,06,1988,7.5
02,07,1988,9.0
02,08,1988,8.5
02,09,1988,10.0
02,10,1988,7.0
02,11,1988,11.0
02,12,1988,9.0
02,13,1988,10.0
02,14,1988,9.5
02,15,1988,11.0
02,16,1988,10.0
02,17,1988,9.0
02,18,1988,7.0
02,19,1988,8.5
02,20,1988,11.0
02,21,1988,9.0
02,22,1988,7.5
02,23,1988,10.0
02,24,1988,9.0
02,25,1988,10.5
02,26,1988,11.0
02,27,1988,9.0
02,28,1988,8.0
02,29,1988,7.5
03,01,1988,8.0
03,02,1988,7.0
03,03,1988,9.0
03,04,1988,8.0
03,05,1988,7.0
03,06,1988,7.5
03,07,1988,7.0
03,08,1988,13.0
03,09,1988,11.0
03,10,1988,13.0
03,11,1988,9.0
03,12,1988,7.0
03,13,1988,6.5
03,14,1988,9.0
03,15,1988,7.5
03,16,1988,11.0
03,17,1988,8.0
03,18,1988,7.5
03,19,1988,6.5
03,20,1988,7.0
03,21,1988,7.5
03,22,1988,8.0
03,23,1988,7.5
03,24,1988,8.0
03,25,1988,11.0
03,26,1988,9.0
03,27,1988,8.5
03,28,1988,7.5
03,29,1988,9.0
03,30,1988,8.5
03,31,1988,7.0
04,01,1988,8.0
04,02,1988,9.0
04,03,1988,8.0
04,04,1988,8.5
04,05,1988,7.0
04,06,1988,6.5
04,07,1988,7.0
04,08,1988,8.0
04,09,1988,9.0
04,10,1988,7.0
04,11,1988,8.0
04,12,1988,7.0
04,13,1988,8.0
04,14,1988,9.0
04,15,1988,10.0
04,16,1988,9.5
04,17,1988,8.0
04,18,1988,7.0
04,19,1988,8.5
04,20,1988,9.0
04,21,1988,8.0
04,22,1988,7.0
04,23,1988,8.0
04,24,1988,7.0
04,25,1988,9.5
04,26,1988,7.0
04,27,1988,8.0
04,28,1988,9.0
04,29,1988,10.0
04,30,1988,8.0
05,01,1988,9.0
05,02,1988,10.0
05,03,1988,11.0
05,04,1988,13.0
05,05,1988,11.0
05,06,1988,10.0
05,07,1988,11.0
05,08,1988,8.0
05,09,1988,9.0
05,10,1988,8.0
05,11,1988,10.0
05,12,1988,11.0
05,13,1988,12.0
05,14,1988,11.0
05,15,1988,11.5
05,16,1988,8.0
05,17,1988,10.0
05,18,1988,9.0
05,19,1988,10.0
05,20,1988,11.0
05,21,1988,10.0
05,22,1988,12.0
05,23,1988,9.0
05,24,1988,8.0
05,25,1988,9.0
05,26,1988,10.0
05,27,1988,8.0
05,28,1988,11.5
05,29,1988,6.5
05,30,1988,10.0
05,31,1988,9.0
06,01,1988,11.0
06,02,1988,9.0
06,03,1988,7.0
06,04,1988,9.0
06,05,1988,10.0
06,06,1988,11.0
06,07,1988,13.0
06,08,1988,9.0
06,09,1988,11.0
06,10,1988,13.0
06,11,1988,10.0
06,12,1988,12.0
06,13,1988,11.0
06,14,1988,9.0
06,15,1988,9.5
06,16,1988,10.0
06,17,1988,13.0
06,18,1988,11.0
06,19,1988,14.0
06,20,1988,12.0
06,21,1988,8.0
06,22,1988,7.5
06,23,1988,9.0
06,24,1988,7.0
06,25,1988,10.0
06,26,1988,13.0
06,27,1988,10.0
06,28,1988,11.0
06,29,1988,9.0
06,30,1988,8.0
07,01,1988,9.0
07,02,1988,8.0
07,03,1988,10.0
07,04,1988,10.5
07,05,1988,9.0
07,06,1988,11.0
07,07,1988,8.0
07,08,1988,11.0
07,09,1988,10.0
07,10,1988,11.0
07,11,1988,10.0
07,12,1988,12.0
07,13,1988,11.0
07,14,1988,15.0
07,15,1988,14.0
07,16,1988,13.0
07,17,1988,14.0
07,18,1988,13.0
07,19,1988,11.0
07,20,1988,10.0
07,21,1988,12.5
07,22,1988,10.0
07,23,1988,11.0
07,24,1988,12.0
07,25,1988,10.0
07,26,1988,11.0
07,27,1988,12.0
07,28,1988,10.5
07,29,1988,13.0
07,30,1988,10.5
07,31,1988,12.0
08,01,1988,13.0
08,02,1988,12.0
08,03,1988,13.0
08,04,1988,10.0
08,05,1988,13.0
08,06,1988,11.0
08,07,1988,10.0
08,08,1988,11.0
08,09,1988,11.5
08,10,1988,13.5
08,11,1988,10.0
08,12,1988,8.0
08,13,1988,9.0
08,14,1988,11.0
08,15,1988,14.0
08,16,1988,10.0
08,17,1988,12.0
08,18,1988,9.5
08,19,1988,12.0
08,20,1988,13.0
08,21,1988,12.5
08,22,1988,11.0
08,23,1988,10.5
08,24,1988,12.0
08,25,1988,10.0
08,26,1988,9.5
08,27,1988,10.5
08,28,1988,9.5
08,29,1988,11.0
08,30,1988,8.5
08,31,1988,10.0
09,01,1988,10.0
09,02,1988,12.0
09,03,1988,11.0
09,04,1988,9.0
09,05,1988,13.0
09,06,1988,12.0
09,07,1988,10.0
09,08,1988,9.0
09,09,1988,11.0
09,10,1988,14.0
09,11,1988,13.0
09,12,1988,10.0
09,13,1988,9.0
09,14,1988,8.5
09,15,1988,9.0
09,16,1988,11.0
09,17,1988,13.0
09,18,1988,9.0
09,19,1988,10.0
09,20,1988,12.0
09,21,1988,9.5
09,22,1988,11.0
09,23,1988,13.0
09,24,1988,10.0
09,25,1988,9.0
09,26,1988,12.0
09,27,1988,11.0
09,28,1988,10.0
09,29,1988,12.0
09,30,1988,8.5
10,01,1988,12.0
10,02,1988,13.0
10,03,1988,10.0
10,04,1988,9.5
10,05,1988,12.0
10,06,1988,11.0
10,07,1988,9.5
10,08,1988,10.0
10,09,1988,13.0
10,10,1988,11.0
10,11,1988,10.0
10,12,1988,10.5
10,13,1988,9.5
10,14,1988,11.0
10,15,1988,12.0
10,16,1988,14.0
10,17,1988,12.0
10,18,1988,11.5
10,19,1988,9.5
10,20,1988,11.0
10,21,1988,13.5
10,22,1988,10.5
10,23,1988,11.0
10,24,1988,12.0
10,25,1988,10.5
10,26,1988,14.0
10,27,1988,11.5
10,28,1988,10.5
10,29,1988,14.0
10,30,1988,12.0
10,31,1988,10.0
11,01,1988,13.0
11,02,1988,7.5
11,03,1988,8.0
11,04,1988,7.5
11,05,1988,8.5
11,06,1988,7.5
11,07,1988,8.5
11,08,1988,7.5
11,09,1988,7.5
11,10,1988,8.0
11,11,1988,9.5
11,12,1988,7.5
11,13,1988,7.0
11,14,1988,9.0
11,15,1988,8.5
11,16,1988,7.5
11,17,1988,8.0
11,18,1988,7.5
11,19,1988,7.5
11,20,1988,7.0
11,21,1988,8.5
11,22,1988,9.0
11,23,1988,10.0
11,24,1988,8.0
11,25,1988,10.0
11,26,1988,7.5
11,27,1988,7.0
11,28,1988,10.0
11,29,1988,10.5
11,30,1988,11.0
12,01,1988,9.0
12,02,1988,7.5
12,03,1988,10.0
12,04,1988,8.0
12,05,1988,6.0
12,06,1988,7.0
12,07,1988,9.0
12,08,1988,7.0
12,09,1988,6.0
12,10,1988,5.5
12,11,1988,6.5
12,12,1988,6.5
12,13,1988,5.0
12,14,1988,10.0
12,15,1988,7.0
12,16,1988,9.5
12,17,1988,8.0
12,18,1988,7.0
12,19,1988,8.5
12,20,1988,6.0
12,21,1988,8.0
12,22,1988,7.0
12,23,1988,8.0
12,24,1988,6.0
12,25,1988,7.0
12,26,1988,8.5
12,27,1988,7.5
12,28,1988,10.0
12,29,1988,9.5
12,30,1988,5.5
12,31,1988,10.0
01,01,1989,null
01,02,1989,null
01,03,1989,null
01,04,1989,null
01,05,1989,null
01,06,1989,null
01,07,1989,null
01,08,1989,null
01,09,1989,null
01,10,1989,null
01,11,1989,null
01,12,1989,null
01,13,1989,null
01,14,1989,null
01,15,1989,null
01,16,1989,null
01,17,1989,null
01,18,1989,null
01,19,1989,null
01,20,1989,null
01,21,1989,null
01,22,1989,null
01,23,1989,null
01,24,1989,null
01,25,1989,null
01,26,1989,null
01,27,1989,null
01,28,1989,null
01,29,1989,null
01,30,1989,null
01,31,1989,null
02,01,1989,null
02,02,1989,null
02,03,1989,null
02,04,1989,null
02,05,1989,null
02,06,1989,null
02,07,1989,null
02,08,1989,null
02,09,1989,null
02,10,1989,null
02,11,1989,null
02,12,1989,null
02,13,1989,null
02,14,1989,null
02,15,1989,null
02,16,1989,null
02,17,1989,null
02,18,1989,null
02,19,1989,null
02,20,1989,null
02,21,1989,null
02,22,1989,null
02,23,1989,null
02,24,1989,null
02,25,1989,null
02,26,1989,null
02,27,1989,null
02,28,1989,null
03,01,1989,null
03,02,1989,null
03,03,1989,null
03,04,1989,null
03,05,1989,null
03,06,1989,null
03,07,1989,null
03,08,1989,null
03,09,1989,null
03,10,1989,null
03,11,1989,null
03,12,1989,null
03,13,1989,null
03,14,1989,null
03,15,1989,null
03,16,1989,null
03,17,1989,null
03,18,1989,null
03,19,1989,null
03,20,1989,null
03,21,1989,null
03,22,1989,null
03,23,1989,null
03,24,1989,null
03,25,1989,null
03,26,1989,null
03,27,1989,null
03,28,1989,null
03,29,1989,null
03,30,1989,null
03,31,1989,null
04,01,1989,null
04,02,1989,null
04,03,1989,null
04,04,1989,null
04,05,1989,null
04,06,1989,null
04,07,1989,null
04,08,1989,null
04,09,1989,null
04,10,1989,null
04,11,1989,null
04,12,1989,null
04,13,1989,null
04,14,1989,null
04,15,1989,null
04,16,1989,null
04,17,1989,null
04,18,1989,null
04,19,1989,null
04,20,1989,null
04,21,1989,null
04,22,1989,null
04,23,1989,null
04,24,1989,null
04,25,1989,null
04,26,1989,null
04,27,1989,null
04,28,1989,null
04,29,1989,null
04,30,1989,null
05,01,1989,null
05,02,1989,null
05,03,1989,null
05,04,1989,null
05,05,1989,null
05,06,1989,null
05,07,1989,null
05,08,1989,null
05,09,1989,null
05,10,1989,null
05,11,1989,null
05,12,1989,null
05,13,1989,null
05,14,1989,null
05,15,1989,null
05,16,1989,null
05,17,1989,null
05,18,1989,null
05,19,1989,null
05,20,1989,null
05,21,1989,null
05,22,1989,null
05,23,1989,null
05,24,1989,null
05,25,1989,null
05,26,1989,null
05,27,1989,null
05,28,1989,null
05,29,1989,null
05,30,1989,null
05,31,1989,null
06,01,1989,null
06,02,1989,null
06,03,1989,null
06,04,1989,null
06,05,1989,null
06,06,1989,null
06,07,1989,null
06,08,1989,null
06,09,1989,null
06,10,1989,null
06,11,1989,null
06,12,1989,null
06,13,1989,null
06,14,1989,null
06,15,1989,null
06,16,1989,null
06,17,1989,null
06,18,1989,null
06,19,1989,null
06,20,1989,null
06,21,1989,null
06,22,1989,null
06,23,1989,null
06,24,1989,null
06,25,1989,null
06,26,1989,null
06,27,1989,null
06,28,1989,null
06,29,1989,null
06,30,1989,null
07,01,1989,null
07,02,1989,null
07,03,1989,null
07,04,1989,null
07,05,1989,null
07,06,1989,null
07,07,1989,null
07,08,1989,null
07,09,1989,null
07,10,1989,null
07,11,1989,null
07,12,1989,null
07,13,1989,null
07,14,1989,null
07,15,1989,null
07,16,1989,null
07,17,1989,null
07,18,1989,null
07,19,1989,null
07,20,1989,null
07,21,1989,null
07,22,1989,null
07,23,1989,null
07,24,1989,null
07,25,1989,null
07,26,1989,null
07,27,1989,null
07,28,1989,null
07,29,1989,null
07,30,1989,null
07,31,1989,null
08,01,1989,null
08,02,1989,null
08,03,1989,null
08,04,1989,null
08,05,1989,null
08,06,1989,null
08,07,1989,null
08,08,1989,null
08,09,1989,null
08,10,1989,null
08,11,1989,null
08,12,1989,null
08,13,1989,null
08,14,1989,null
08,15,1989,null
08,16,1989,null
08,17,1989,null
08,18,1989,null
08,19,1989,null
08,20,1989,null
08,21,1989,null
08,22,1989,null
08,23,1989,null
08,24,1989,null
08,25,1989,null
08,26,1989,null
08,27,1989,null
08,28,1989,null
08,29,1989,null
08,30,1989,null
08,31,1989,null
09,01,1989,null
09,02,1989,null
09,03,1989,null
09,04,1989,null
09,05,1989,null
09,06,1989,null
09,07,1989,null
09,08,1989,null
09,09,1989,null
09,10,1989,null
09,11,1989,null
09,12,1989,null
09,13,1989,null
09,14,1989,null
09,15,1989,null
09,16,1989,null
09,17,1989,null
09,18,1989,null
09,19,1989,null
09,20,1989,null
09,21,1989,null
09,22,1989,null
09,23,1989,null
09,24,1989,null
09,25,1989,null
09,26,1989,null
09,27,1989,null
09,28,1989,null
09,29,1989,null
09,30,1989,null
10,01,1989,null
10,02,1989,null
10,03,1989,null
10,04,1989,null
10,05,1989,null
10,06,1989,null
10,07,1989,null
10,08,1989,null
10,09,1989,null
10,10,1989,null
10,11,1989,null
10,12,1989,null
10,13,1989,null
10,14,1989,null
10,15,1989,null
10,16,1989,null
10,17,1989,null
10,18,1989,null
10,19,1989,null
10,20,1989,null
10,21,1989,null
10,22,1989,null
10,23,1989,null
10,24,1989,null
10,25,1989,null
10,26,1989,null
10,27,1989,null
10,28,1989,null
10,29,1989,null
10,30,1989,null
10,31,1989,null
11,01,1989,null
11,02,1989,null
11,03,1989,null
11,04,1989,null
11,05,1989,null
11,06,1989,null
11,07,1989,null
11,08,1989,null
11,09,1989,null
11,10,1989,null
11,11,1989,null
11,12,1989,null
11,13,1989,null
11,14,1989,null
11,15,1989,null
11,16,1989,null
11,17,1989,null
11,18,1989,null
11,19,1989,null
11,20,1989,null
11,21,1989,null
11,22,1989,null
11,23,1989,null
11,24,1989,null
11,25,1989,null
11,26,1989,null
11,27,1989,null
11,28,1989,null
11,29,1989,null
11,30,1989,null
12,01,1989,null
12,02,1989,null
12,03,1989,null
12,04,1989,null
12,05,1989,null
12,06,1989,null
12,07,1989,null
12,08,1989,null
12,09,1989,null
12,10,1989,null
12,11,1989,null
12,12,1989,null
12,13,1989,null
12,14,1989,null
12,15,1989,null
12,16,1989,null
12,17,1989,null
12,18,1989,null
12,19,1989,null
12,20,1989,null
12,21,1989,null
12,22,1989,null
12,23,1989,null
12,24,1989,null
12,25,1989,null
12,26,1989,null
12,27,1989,null
12,28,1989,null
12,29,1989,null
12,30,1989,null
12,31,1989,null
01,01,1990,null
01,02,1990,null
01,03,1990,null
01,04,1990,null
01,05,1990,null
01,06,1990,null
01,07,1990,null
01,08,1990,null
01,09,1990,null
01,10,1990,null
01,11,1990,null
01,12,1990,null
01,13,1990,null
01,14,1990,null
01,15,1990,null
01,16,1990,null
01,17,1990,null
01,18,1990,null
01,19,1990,null
01,20,1990,null
01,21,1990,null
01,22,1990,null
01,23,1990,null
01,24,1990,null
01,25,1990,null
01,26,1990,null
01,27,1990,null
01,28,1990,null
01,29,1990,null
01,30,1990,null
01,31,1990,null
02,01,1990,null
02,02,1990,null
02,03,1990,null
02,04,1990,null
02,05,1990,null
02,06,1990,null
02,07,1990,null
02,08,1990,null
02,09,1990,null
02,10,1990,null
02,11,1990,null
02,12,1990,null
02,13,1990,null
02,14,1990,null
02,15,1990,null
02,16,1990,null
02,17,1990,null
02,18,1990,null
02,19,1990,null
02,20,1990,null
02,21,1990,null
02,22,1990,null
02,23,1990,null
02,24,1990,null
02,25,1990,null
02,26,1990,null
02,27,1990,null
02,28,1990,null
03,01,1990,null
03,02,1990,null
03,03,1990,null
03,04,1990,null
03,05,1990,null
03,06,1990,null
03,07,1990,null
03,08,1990,null
03,09,1990,null
03,10,1990,null
03,11,1990,null
03,12,1990,null
03,13,1990,null
03,14,1990,null
03,15,1990,null
03,16,1990,null
03,17,1990,null
03,18,1990,null
03,19,1990,null
03,20,1990,null
03,21,1990,null
03,22,1990,null
03,23,1990,null
03,24,1990,null
03,25,1990,null
03,26,1990,null
03,27,1990,null
03,28,1990,null
03,29,1990,null
03,30,1990,null
03,31,1990,null
04,01,1990,null
04,02,1990,null
04,03,1990,null
04,04,1990,null
04,05,1990,null
04,06,1990,null
04,07,1990,null
04,08,1990,null
04,09,1990,null
04,10,1990,null
04,11,1990,null
04,12,1990,null
04,13,1990,null
04,14,1990,null
04,15,1990,null
04,16,1990,null
04,17,1990,null
04,18,1990,null
04,19,1990,null
04,20,1990,null
04,21,1990,null
04,22,1990,null
04,23,1990,null
04,24,1990,null
04,25,1990,null
04,26,1990,null
04,27,1990,null
04,28,1990,null
04,29,1990,null
04,30,1990,null
05,01,1990,null
05,02,1990,null
05,03,1990,null
05,04,1990,null
05,05,1990,null
05,06,1990,null
05,07,1990,null
05,08,1990,null
05,09,1990,null
05,10,1990,null
05,11,1990,null
05,12,1990,null
05,13,1990,null
05,14,1990,null
05,15,1990,null
05,16,1990,null
05,17,1990,null
05,18,1990,null
05,19,1990,null
05,20,1990,null
05,21,1990,null
05,22,1990,null
05,23,1990,null
05,24,1990,null
05,25,1990,null
05,26,1990,null
05,27,1990,null
05,28,1990,null
05,29,1990,null
05,30,1990,null
05,31,1990,null
06,01,1990,null
06,02,1990,null
06,03,1990,null
06,04,1990,null
06,05,1990,null
06,06,1990,null
06,07,1990,null
06,08,1990,null
06,09,1990,null
06,10,1990,null
06,11,1990,null
06,12,1990,null
06,13,1990,null
06,14,1990,null
06,15,1990,null
06,16,1990,null
06,17,1990,null
06,18,1990,null
06,19,1990,null
06,20,1990,null
06,21,1990,null
06,22,1990,null
06,23,1990,null
06,24,1990,null
06,25,1990,null
06,26,1990,null
06,27,1990,null
06,28,1990,null
06,29,1990,null
06,30,1990,null
07,01,1990,null
07,02,1990,null
07,03,1990,null
07,04,1990,null
07,05,1990,null
07,06,1990,null
07,07,1990,null
07,08,1990,null
07,09,1990,null
07,10,1990,null
07,11,1990,null
07,12,1990,null
07,13,1990,null
07,14,1990,null
07,15,1990,null
07,16,1990,null
07,17,1990,null
07,18,1990,null
07,19,1990,null
07,20,1990,null
07,21,1990,null
07,22,1990,null
07,23,1990,null
07,24,1990,null
07,25,1990,null
07,26,1990,null
07,27,1990,null
07,28,1990,null
07,29,1990,null
07,30,1990,null
07,31,1990,null
08,01,1990,null
08,02,1990,null
08,03,1990,null
08,04,1990,null
08,05,1990,null
08,06,1990,null
08,07,1990,null
08,08,1990,null
08,09,1990,null
08,10,1990,null
08,11,1990,null
08,12,1990,null
08,13,1990,null
08,14,1990,null
08,15,1990,null
08,16,1990,null
08,17,1990,null
08,18,1990,null
08,19,1990,null
08,20,1990,null
08,21,1990,null
08,22,1990,null
08,23,1990,null
08,24,1990,null
08,25,1990,null
08,26,1990,null
08,27,1990,null
08,28,1990,null
08,29,1990,null
08,30,1990,null
08,31,1990,null
09,01,1990,null
09,02,1990,null
09,03,1990,null
09,04,1990,null
09,05,1990,null
09,06,1990,null
09,07,1990,null
09,08,1990,null
09,09,1990,null
09,10,1990,null
09,11,1990,null
09,12,1990,null
09,13,1990,null
09,14,1990,null
09,15,1990,null
09,16,1990,null
09,17,1990,null
09,18,1990,null
09,19,1990,null
09,20,1990,null
09,21,1990,null
09,22,1990,null
09,23,1990,null
09,24,1990,null
09,25,1990,null
09,26,1990,null
09,27,1990,null
09,28,1990,null
09,29,1990,null
09,30,1990,null
10,01,1990,null
10,02,1990,null
10,03,1990,null
10,04,1990,null
10,05,1990,null
10,06,1990,null
10,07,1990,null
10,08,1990,null
10,09,1990,null
10,10,1990,null
10,11,1990,null
10,12,1990,null
10,13,1990,null
10,14,1990,null
10,15,1990,null
10,16,1990,null
10,17,1990,null
10,18,1990,null
10,19,1990,null
10,20,1990,null
10,21,1990,null
10,22,1990,null
10,23,1990,null
10,24,1990,null
10,25,1990,null
10,26,1990,null
10,27,1990,null
10,28,1990,null
10,29,1990,null
10,30,1990,null
10,31,1990,null
11,01,1990,null
11,02,1990,null
11,03,1990,null
11,04,1990,null
11,05,1990,null
11,06,1990,null
11,07,1990,null
11,08,1990,null
11,09,1990,null
11,10,1990,null
11,11,1990,null
11,12,1990,null
11,13,1990,null
11,14,1990,null
11,15,1990,null
11,16,1990,null
11,17,1990,null
11,18,1990,null
11,19,1990,null
11,20,1990,null
11,21,1990,null
11,22,1990,null
11,23,1990,null
11,24,1990,null
11,25,1990,null
11,26,1990,null
11,27,1990,null
11,28,1990,null
11,29,1990,null
11,30,1990,null
12,01,1990,null
12,02,1990,null
12,03,1990,null
12,04,1990,null
12,05,1990,null
12,06,1990,null
12,07,1990,null
12,08,1990,null
12,09,1990,null
12,10,1990,null
12,11,1990,null
12,12,1990,null
12,13,1990,null
12,14,1990,null
12,15,1990,null
12,16,1990,null
12,17,1990,null
12,18,1990,null
12,19,1990,null
12,20,1990,null
12,21,1990,null
12,22,1990,null
12,23,1990,null
12,24,1990,null
12,25,1990,null
12,26,1990,null
12,27,1990,null
12,28,1990,null
12,29,1990,null
12,30,1990,null
12,31,1990,null
01,01,1991,7.0
01,02,1991,8.0
01,03,1991,8.5
01,04,1991,8.0
01,05,1991,9.0
01,06,1991,8.0
01,07,1991,8.5
01,08,1991,8.0
01,09,1991,8.0
01,10,1991,8.5
01,11,1991,9.0
01,12,1991,8.0
01,13,1991,7.5
01,14,1991,8.0
01,15,1991,7.5
01,16,1991,8.5
01,17,1991,8.0
01,18,1991,8.5
01,19,1991,8.0
01,20,1991,7.5
01,21,1991,7.0
01,22,1991,7.5
01,23,1991,8.0
01,24,1991,8.5
01,25,1991,7.0
01,26,1991,8.0
01,27,1991,9.0
01,28,1991,8.5
01,29,1991,8.0
01,30,1991,7.5
01,31,1991,7.0
02,01,1991,8.0
02,02,1991,7.0
02,03,1991,6.5
02,04,1991,6.0
02,05,1991,7.5
02,06,1991,8.0
02,07,1991,7.0
02,08,1991,6.5
02,09,1991,7.0
02,10,1991,7.5
02,11,1991,8.5
02,12,1991,8.0
02,13,1991,8.0
02,14,1991,7.5
02,15,1991,8.0
02,16,1991,7.5
02,17,1991,7.0
02,18,1991,6.5
02,19,1991,6.0
02,20,1991,7.0
02,21,1991,7.0
02,22,1991,6.5
02,23,1991,7.0
02,24,1991,7.5
02,25,1991,6.0
02,26,1991,7.5
02,27,1991,7.5
02,28,1991,7.0
03,01,1991,8.0
03,02,1991,8.5
03,03,1991,9.0
03,04,1991,8.5
03,05,1991,8.0
03,06,1991,7.0
03,07,1991,7.0
03,08,1991,7.5
03,09,1991,8.0
03,10,1991,8.5
03,11,1991,8.0
03,12,1991,8.0
03,13,1991,8.5
03,14,1991,7.5
03,15,1991,8.0
03,16,1991,9.0
03,17,1991,8.5
03,18,1991,8.0
03,19,1991,7.5
03,20,1991,7.0
03,21,1991,7.0
03,22,1991,7.5
03,23,1991,8.0
03,24,1991,8.5
03,25,1991,8.0
03,26,1991,8.0
03,27,1991,8.5
03,28,1991,9.0
03,29,1991,8.5
03,30,1991,8.0
03,31,1991,7.5
04,01,1991,8.5
04,02,1991,8.5
04,03,1991,9.0
04,04,1991,8.5
04,05,1991,8.0
04,06,1991,8.0
04,07,1991,8.5
04,08,1991,9.0
04,09,1991,9.0
04,10,1991,8.5
04,11,1991,7.5
04,12,1991,8.0
04,13,1991,8.5
04,14,1991,7.0
04,15,1991,7.5
04,16,1991,8.0
04,17,1991,9.0
04,18,1991,8.5
04,19,1991,8.0
04,20,1991,8.5
04,21,1991,9.0
04,22,1991,9.0
04,23,1991,8.5
04,24,1991,8.0
04,25,1991,8.5
04,26,1991,8.0
04,27,1991,8.0
04,28,1991,8.5
04,29,1991,9.0
04,30,1991,8.5
