Id:,20058
Estación:,LA POBREZA-OAX
Posición:,16.0266666667N -96.5083333333W
Variable:,Precipitación (mm)
Fecha Inicial:,05/01/1963
Fecha Final:,12/01/1978
No Dato:,nan
Mes,Día,Anio,Datos
05,01,1963,20.0
05,02,1963,0.0
05,03,1963,0.0
05,04,1963,8.0
05,05,1963,12.0
05,06,1963,20.0
05,07,1963,10.0
05,08,1963,12.0
05,09,1963,0.0
05,10,1963,0.0
05,11,1963,0.0
05,12,1963,5.0
05,13,1963,5.0
05,14,1963,0.0
05,15,1963,0.0
05,16,1963,0.0
05,17,1963,7.0
05,18,1963,0.0
05,19,1963,10.0
05,20,1963,3.0
05,21,1963,0.0
05,22,1963,0.0
05,23,1963,0.0
05,24,1963,5.0
05,25,1963,null
05,26,1963,3.0
05,27,1963,0.0
05,28,1963,0.0
05,29,1963,0.0
05,30,1963,0.0
05,31,1963,0.0
06,01,1963,null
06,02,1963,20.0
06,03,1963,10.0
06,04,1963,0.0
06,05,1963,0.0
06,06,1963,7.0
06,07,1963,3.0
06,08,1963,null
06,09,1963,0.0
06,10,1963,0.0
06,11,1963,5.0
06,12,1963,19.5
06,13,1963,20.0
06,14,1963,0.0
06,15,1963,null
06,16,1963,0.0
06,17,1963,0.0
06,18,1963,8.0
06,19,1963,20.0
06,20,1963,18.0
06,21,1963,15.0
06,22,1963,null
06,23,1963,20.0
06,24,1963,0.0
06,25,1963,0.0
06,26,1963,0.0
06,27,1963,0.0
06,28,1963,5.0
06,29,1963,0.0
06,30,1963,null
07,01,1963,25.0
07,02,1963,0.0
07,03,1963,5.0
07,04,1963,0.0
07,05,1963,0.0
07,06,1963,25.0
07,07,1963,20.0
07,08,1963,20.0
07,09,1963,0.0
07,10,1963,5.0
07,11,1963,5.0
07,12,1963,0.0
07,13,1963,0.0
07,14,1963,0.0
07,15,1963,15.0
07,16,1963,10.0
07,17,1963,0.0
07,18,1963,0.0
07,19,1963,5.0
07,20,1963,10.0
07,21,1963,50.0
07,22,1963,10.0
07,23,1963,25.0
07,24,1963,20.0
07,25,1963,20.0
07,26,1963,5.0
07,27,1963,5.0
07,28,1963,10.0
07,29,1963,5.0
07,30,1963,0.0
07,31,1963,0.0
08,01,1963,55.0
08,02,1963,0.0
08,03,1963,0.0
08,04,1963,5.0
08,05,1963,5.0
08,06,1963,0.0
08,07,1963,0.0
08,08,1963,25.0
08,09,1963,20.0
08,10,1963,0.0
08,11,1963,0.0
08,12,1963,0.0
08,13,1963,0.0
08,14,1963,0.0
08,15,1963,0.0
08,16,1963,0.0
08,17,1963,5.0
08,18,1963,5.0
08,19,1963,35.0
08,20,1963,0.0
08,21,1963,0.0
08,22,1963,40.0
08,23,1963,25.0
08,24,1963,0.0
08,25,1963,10.0
08,26,1963,0.0
08,27,1963,0.0
08,28,1963,10.0
08,29,1963,0.0
08,30,1963,0.0
08,31,1963,0.0
09,01,1963,5.0
09,02,1963,10.0
09,03,1963,0.0
09,04,1963,0.0
09,05,1963,0.0
09,06,1963,0.0
09,07,1963,0.0
09,08,1963,0.0
09,09,1963,0.0
09,10,1963,5.0
09,11,1963,0.0
09,12,1963,15.0
09,13,1963,0.0
09,14,1963,1.0
09,15,1963,2.0
09,16,1963,2.5
09,17,1963,4.0
09,18,1963,10.0
09,19,1963,2.0
09,20,1963,0.5
09,21,1963,4.0
09,22,1963,15.0
09,23,1963,19.0
09,24,1963,13.0
09,25,1963,7.0
09,26,1963,20.0
09,27,1963,20.0
09,28,1963,2.0
09,29,1963,20.0
09,30,1963,7.0
10,01,1963,0.0
10,02,1963,0.0
10,03,1963,1.0
10,04,1963,0.0
10,05,1963,0.0
10,06,1963,0.0
10,07,1963,0.0
10,08,1963,20.0
10,09,1963,5.0
10,10,1963,0.0
10,11,1963,0.0
10,12,1963,0.0
10,13,1963,0.0
10,14,1963,0.0
10,15,1963,0.0
10,16,1963,0.0
10,17,1963,0.0
10,18,1963,0.0
10,19,1963,0.0
10,20,1963,0.0
10,21,1963,0.0
10,22,1963,0.0
10,23,1963,0.0
10,24,1963,0.0
10,25,1963,5.0
10,26,1963,2.0
10,27,1963,18.5
10,28,1963,5.0
10,29,1963,0.0
10,30,1963,0.0
10,31,1963,0.0
11,01,1963,0.0
11,02,1963,0.0
11,03,1963,0.0
11,04,1963,0.0
11,05,1963,20.0
11,06,1963,0.0
11,07,1963,7.0
11,08,1963,0.0
11,09,1963,0.0
11,10,1963,0.0
11,11,1963,0.0
11,12,1963,0.0
11,13,1963,0.0
11,14,1963,0.0
11,15,1963,0.0
11,16,1963,0.0
11,17,1963,0.0
11,18,1963,0.0
11,19,1963,0.0
11,20,1963,0.0
11,21,1963,0.0
11,22,1963,0.0
11,23,1963,0.0
11,24,1963,0.0
11,25,1963,0.0
11,26,1963,0.0
11,27,1963,0.0
11,28,1963,2.0
11,29,1963,0.0
11,30,1963,0.0
12,01,1963,0.0
12,02,1963,0.0
12,03,1963,0.0
12,04,1963,1.0
12,05,1963,0.0
12,06,1963,0.0
12,07,1963,0.0
12,08,1963,0.0
12,09,1963,0.0
12,10,1963,0.0
12,11,1963,0.0
12,12,1963,0.0
12,13,1963,0.0
12,14,1963,0.0
12,15,1963,0.0
12,16,1963,3.0
12,17,1963,0.0
12,18,1963,0.0
12,19,1963,0.0
12,20,1963,0.0
12,21,1963,0.0
12,22,1963,0.0
12,23,1963,0.0
12,24,1963,0.0
12,25,1963,0.0
12,26,1963,0.0
12,27,1963,0.0
12,28,1963,0.0
12,29,1963,5.0
12,30,1963,0.0
12,31,1963,0.0
01,01,1964,0.0
01,02,1964,0.0
01,03,1964,0.0
01,04,1964,0.0
01,05,1964,0.0
01,06,1964,0.0
01,07,1964,0.0
01,08,1964,0.0
01,09,1964,0.0
01,10,1964,0.0
01,11,1964,0.0
01,12,1964,1.0
01,13,1964,0.0
01,14,1964,0.0
01,15,1964,0.0
01,16,1964,0.0
01,17,1964,0.0
01,18,1964,0.0
01,19,1964,0.0
01,20,1964,0.0
01,21,1964,0.0
01,22,1964,0.0
01,23,1964,0.0
01,24,1964,0.0
01,25,1964,0.0
01,26,1964,0.0
01,27,1964,0.0
01,28,1964,0.0
01,29,1964,0.0
01,30,1964,0.0
01,31,1964,0.0
02,01,1964,0.0
02,02,1964,0.0
02,03,1964,0.0
02,04,1964,0.0
02,05,1964,0.0
02,06,1964,0.0
02,07,1964,0.0
02,08,1964,0.0
02,09,1964,0.0
02,10,1964,0.0
02,11,1964,0.0
02,12,1964,0.0
02,13,1964,0.0
02,14,1964,0.0
02,15,1964,0.0
02,16,1964,0.0
02,17,1964,0.0
02,18,1964,0.0
02,19,1964,0.0
02,20,1964,0.0
02,21,1964,0.0
02,22,1964,0.0
02,23,1964,0.0
02,24,1964,0.0
02,25,1964,0.0
02,26,1964,0.0
02,27,1964,0.0
02,28,1964,0.0
02,29,1964,0.0
03,01,1964,0.0
03,02,1964,0.0
03,03,1964,0.0
03,04,1964,0.0
03,05,1964,0.5
03,06,1964,0.0
03,07,1964,0.0
03,08,1964,10.5
03,09,1964,4.5
03,10,1964,0.0
03,11,1964,0.0
03,12,1964,0.0
03,13,1964,0.0
03,14,1964,0.0
03,15,1964,0.0
03,16,1964,0.0
03,17,1964,0.0
03,18,1964,0.0
03,19,1964,0.0
03,20,1964,0.0
03,21,1964,0.0
03,22,1964,0.0
03,23,1964,0.0
03,24,1964,0.0
03,25,1964,0.0
03,26,1964,0.0
03,27,1964,0.0
03,28,1964,0.0
03,29,1964,0.0
03,30,1964,0.0
03,31,1964,0.0
04,01,1964,0.0
04,02,1964,0.0
04,03,1964,0.0
04,04,1964,0.0
04,05,1964,0.0
04,06,1964,0.0
04,07,1964,0.0
04,08,1964,0.0
04,09,1964,0.0
04,10,1964,0.0
04,11,1964,0.0
04,12,1964,0.0
04,13,1964,4.5
04,14,1964,2.0
04,15,1964,0.0
04,16,1964,0.0
04,17,1964,0.0
04,18,1964,0.0
04,19,1964,0.0
04,20,1964,0.0
04,21,1964,0.0
04,22,1964,0.0
04,23,1964,0.5
04,24,1964,11.0
04,25,1964,1.0
04,26,1964,0.0
04,27,1964,0.0
04,28,1964,0.0
04,29,1964,0.0
04,30,1964,0.0
05,01,1964,0.0
05,02,1964,0.0
05,03,1964,0.0
05,04,1964,0.0
05,05,1964,0.0
05,06,1964,0.0
05,07,1964,0.0
05,08,1964,0.0
05,09,1964,3.0
05,10,1964,5.0
05,11,1964,0.0
05,12,1964,1.5
05,13,1964,5.5
05,14,1964,0.0
05,15,1964,0.0
05,16,1964,0.0
05,17,1964,0.0
05,18,1964,0.0
05,19,1964,0.0
05,20,1964,20.0
05,21,1964,11.0
05,22,1964,20.0
05,23,1964,20.0
05,24,1964,20.0
05,25,1964,9.0
05,26,1964,20.0
05,27,1964,4.0
05,28,1964,19.5
05,29,1964,5.0
05,30,1964,0.5
05,31,1964,20.0
06,01,1964,11.0
06,02,1964,1.0
06,03,1964,20.0
06,04,1964,0.0
06,05,1964,0.0
06,06,1964,0.0
06,07,1964,20.0
06,08,1964,20.0
06,09,1964,2.0
06,10,1964,20.0
06,11,1964,11.0
06,12,1964,1.0
06,13,1964,20.0
06,14,1964,20.0
06,15,1964,6.5
06,16,1964,9.5
06,17,1964,15.5
06,18,1964,11.0
06,19,1964,12.0
06,20,1964,3.0
06,21,1964,0.0
06,22,1964,1.0
06,23,1964,2.0
06,24,1964,0.0
06,25,1964,0.0
06,26,1964,0.0
06,27,1964,8.0
06,28,1964,1.0
06,29,1964,16.0
06,30,1964,7.0
07,01,1964,1.0
07,02,1964,0.0
07,03,1964,4.0
07,04,1964,6.0
07,05,1964,0.0
07,06,1964,0.0
07,07,1964,7.0
07,08,1964,2.0
07,09,1964,0.5
07,10,1964,5.0
07,11,1964,13.0
07,12,1964,2.0
07,13,1964,9.0
07,14,1964,7.0
07,15,1964,4.5
07,16,1964,0.5
07,17,1964,9.0
07,18,1964,8.0
07,19,1964,0.0
07,20,1964,0.0
07,21,1964,0.0
07,22,1964,1.0
07,23,1964,0.0
07,24,1964,0.0
07,25,1964,10.0
07,26,1964,17.0
07,27,1964,21.0
07,28,1964,2.0
07,29,1964,0.5
07,30,1964,0.0
07,31,1964,0.0
08,01,1964,0.0
08,02,1964,0.0
08,03,1964,14.0
08,04,1964,0.5
08,05,1964,7.5
08,06,1964,0.5
08,07,1964,7.0
08,08,1964,7.0
08,09,1964,0.0
08,10,1964,0.0
08,11,1964,4.0
08,12,1964,11.0
08,13,1964,0.0
08,14,1964,0.5
08,15,1964,0.0
08,16,1964,0.0
08,17,1964,0.5
08,18,1964,0.0
08,19,1964,0.0
08,20,1964,18.5
08,21,1964,6.0
08,22,1964,0.5
08,23,1964,7.0
08,24,1964,2.0
08,25,1964,0.0
08,26,1964,0.0
08,27,1964,10.0
08,28,1964,11.5
08,29,1964,0.5
08,30,1964,0.5
08,31,1964,0.5
09,01,1964,21.0
09,02,1964,1.5
09,03,1964,2.0
09,04,1964,5.0
09,05,1964,8.0
09,06,1964,3.0
09,07,1964,0.0
09,08,1964,0.0
09,09,1964,0.0
09,10,1964,0.5
09,11,1964,20.0
09,12,1964,10.5
09,13,1964,11.0
09,14,1964,8.5
09,15,1964,20.0
09,16,1964,0.5
09,17,1964,10.0
09,18,1964,0.0
09,19,1964,14.5
09,20,1964,9.0
09,21,1964,2.5
09,22,1964,0.0
09,23,1964,0.0
09,24,1964,2.5
09,25,1964,8.0
09,26,1964,1.0
09,27,1964,20.0
09,28,1964,1.0
09,29,1964,0.5
09,30,1964,15.0
10,01,1964,6.5
10,02,1964,2.0
10,03,1964,0.0
10,04,1964,0.0
10,05,1964,0.0
10,06,1964,0.0
10,07,1964,0.0
10,08,1964,0.0
10,09,1964,0.0
10,10,1964,0.0
10,11,1964,0.0
10,12,1964,0.0
10,13,1964,20.0
10,14,1964,0.0
10,15,1964,0.0
10,16,1964,0.0
10,17,1964,0.0
10,18,1964,0.0
10,19,1964,0.0
10,20,1964,0.0
10,21,1964,0.0
10,22,1964,0.0
10,23,1964,0.0
10,24,1964,0.0
10,25,1964,0.0
10,26,1964,0.0
10,27,1964,0.0
10,28,1964,0.0
10,29,1964,0.0
10,30,1964,0.0
10,31,1964,0.0
11,01,1964,0.0
11,02,1964,0.0
11,03,1964,0.0
11,04,1964,0.0
11,05,1964,0.0
11,06,1964,0.0
11,07,1964,0.0
11,08,1964,0.0
11,09,1964,0.0
11,10,1964,0.0
11,11,1964,0.0
11,12,1964,3.0
11,13,1964,9.0
11,14,1964,11.5
11,15,1964,0.0
11,16,1964,0.0
11,17,1964,0.0
11,18,1964,0.0
11,19,1964,0.0
11,20,1964,0.0
11,21,1964,0.0
11,22,1964,0.0
11,23,1964,0.0
11,24,1964,3.5
11,25,1964,8.0
11,26,1964,3.0
11,27,1964,10.0
11,28,1964,0.0
11,29,1964,0.0
11,30,1964,3.0
12,01,1964,0.0
12,02,1964,0.0
12,03,1964,0.0
12,04,1964,0.0
12,05,1964,0.0
12,06,1964,0.0
12,07,1964,0.0
12,08,1964,2.0
12,09,1964,0.0
12,10,1964,0.0
12,11,1964,4.0
12,12,1964,0.0
12,13,1964,0.0
12,14,1964,0.0
12,15,1964,0.0
12,16,1964,0.0
12,17,1964,0.0
12,18,1964,0.0
12,19,1964,0.0
12,20,1964,0.0
12,21,1964,0.0
12,22,1964,0.0
12,23,1964,1.5
12,24,1964,0.0
12,25,1964,0.0
12,26,1964,0.0
12,27,1964,0.0
12,28,1964,0.0
12,29,1964,0.0
12,30,1964,0.0
12,31,1964,0.0
01,01,1965,0.0
01,02,1965,0.0
01,03,1965,0.0
01,04,1965,0.0
01,05,1965,0.0
01,06,1965,0.0
01,07,1965,0.0
01,08,1965,0.0
01,09,1965,0.0
01,10,1965,0.0
01,11,1965,0.0
01,12,1965,0.0
01,13,1965,0.0
01,14,1965,0.0
01,15,1965,0.0
01,16,1965,0.0
01,17,1965,0.0
01,18,1965,0.0
01,19,1965,0.0
01,20,1965,0.0
01,21,1965,0.0
01,22,1965,17.0
01,23,1965,0.0
01,24,1965,0.0
01,25,1965,0.0
01,26,1965,0.0
01,27,1965,0.0
01,28,1965,0.0
01,29,1965,0.0
01,30,1965,0.0
01,31,1965,0.0
02,01,1965,0.0
02,02,1965,0.0
02,03,1965,0.0
02,04,1965,0.0
02,05,1965,0.0
02,06,1965,0.0
02,07,1965,0.0
02,08,1965,0.0
02,09,1965,0.0
02,10,1965,0.0
02,11,1965,0.0
02,12,1965,0.0
02,13,1965,0.0
02,14,1965,0.0
02,15,1965,0.0
02,16,1965,0.0
02,17,1965,0.0
02,18,1965,0.0
02,19,1965,2.0
02,20,1965,3.0
02,21,1965,0.0
02,22,1965,0.0
02,23,1965,0.0
02,24,1965,0.0
02,25,1965,0.0
02,26,1965,0.0
02,27,1965,0.0
02,28,1965,0.0
03,01,1965,0.0
03,02,1965,0.0
03,03,1965,0.0
03,04,1965,0.0
03,05,1965,0.0
03,06,1965,0.0
03,07,1965,0.0
03,08,1965,0.0
03,09,1965,0.0
03,10,1965,0.0
03,11,1965,0.0
03,12,1965,0.0
03,13,1965,0.0
03,14,1965,0.0
03,15,1965,0.0
03,16,1965,0.0
03,17,1965,0.0
03,18,1965,0.0
03,19,1965,0.0
03,20,1965,0.0
03,21,1965,0.0
03,22,1965,0.0
03,23,1965,0.0
03,24,1965,0.0
03,25,1965,0.0
03,26,1965,0.0
03,27,1965,0.0
03,28,1965,0.0
03,29,1965,0.0
03,30,1965,2.0
03,31,1965,0.0
04,01,1965,0.0
04,02,1965,0.0
04,03,1965,0.0
04,04,1965,0.0
04,05,1965,0.0
04,06,1965,0.0
04,07,1965,0.0
04,08,1965,0.0
04,09,1965,0.0
04,10,1965,0.0
04,11,1965,0.0
04,12,1965,0.0
04,13,1965,0.0
04,14,1965,0.0
04,15,1965,0.0
04,16,1965,4.0
04,17,1965,6.0
04,18,1965,1.0
04,19,1965,1.0
04,20,1965,0.0
04,21,1965,0.0
04,22,1965,0.0
04,23,1965,0.0
04,24,1965,0.0
04,25,1965,0.0
04,26,1965,0.0
04,27,1965,0.0
04,28,1965,0.0
04,29,1965,3.0
04,30,1965,0.0
05,01,1965,2.0
05,02,1965,0.0
05,03,1965,28.0
05,04,1965,8.0
05,05,1965,7.0
05,06,1965,10.0
05,07,1965,1.0
05,08,1965,0.0
05,09,1965,1.0
05,10,1965,6.0
05,11,1965,0.0
05,12,1965,0.0
05,13,1965,0.0
05,14,1965,1.0
05,15,1965,23.0
05,16,1965,5.0
05,17,1965,0.0
05,18,1965,0.0
05,19,1965,1.0
05,20,1965,0.0
05,21,1965,10.0
05,22,1965,12.0
05,23,1965,6.0
05,24,1965,0.0
05,25,1965,16.0
05,26,1965,1.0
05,27,1965,0.0
05,28,1965,0.0
05,29,1965,0.0
05,30,1965,0.0
05,31,1965,0.0
06,01,1965,0.0
06,02,1965,0.0
06,03,1965,0.0
06,04,1965,0.0
06,05,1965,8.0
06,06,1965,21.0
06,07,1965,0.0
06,08,1965,0.0
06,09,1965,0.0
06,10,1965,2.0
06,11,1965,0.0
06,12,1965,6.0
06,13,1965,8.0
06,14,1965,8.0
06,15,1965,6.0
06,16,1965,16.0
06,17,1965,4.0
06,18,1965,2.0
06,19,1965,16.0
06,20,1965,18.0
06,21,1965,21.0
06,22,1965,1.0
06,23,1965,2.0
06,24,1965,11.0
06,25,1965,12.0
06,26,1965,10.0
06,27,1965,0.0
06,28,1965,1.0
06,29,1965,1.0
06,30,1965,8.0
07,01,1965,4.5
07,02,1965,0.0
07,03,1965,21.0
07,04,1965,1.0
07,05,1965,0.5
07,06,1965,5.0
07,07,1965,1.0
07,08,1965,0.0
07,09,1965,1.0
07,10,1965,3.0
07,11,1965,0.0
07,12,1965,10.5
07,13,1965,0.5
07,14,1965,3.5
07,15,1965,0.5
07,16,1965,2.0
07,17,1965,0.0
07,18,1965,0.0
07,19,1965,0.0
07,20,1965,0.0
07,21,1965,14.5
07,22,1965,14.5
07,23,1965,1.5
07,24,1965,0.0
07,25,1965,19.0
07,26,1965,12.0
07,27,1965,8.0
07,28,1965,9.0
07,29,1965,18.0
07,30,1965,1.0
07,31,1965,null
08,01,1965,8.5
08,02,1965,13.0
08,03,1965,21.0
08,04,1965,20.5
08,05,1965,21.0
08,06,1965,8.5
08,07,1965,14.0
08,08,1965,10.5
08,09,1965,21.0
08,10,1965,20.0
08,11,1965,0.0
08,12,1965,12.5
08,13,1965,21.0
08,14,1965,20.5
08,15,1965,9.5
08,16,1965,1.0
08,17,1965,5.0
08,18,1965,0.0
08,19,1965,0.0
08,20,1965,0.0
08,21,1965,0.0
08,22,1965,0.0
08,23,1965,0.0
08,24,1965,0.0
08,25,1965,1.5
08,26,1965,3.0
08,27,1965,9.0
08,28,1965,21.5
08,29,1965,6.0
08,30,1965,0.0
08,31,1965,0.0
09,01,1965,0.0
09,02,1965,15.0
09,03,1965,20.0
09,04,1965,3.5
09,05,1965,0.0
09,06,1965,13.0
09,07,1965,2.0
09,08,1965,0.0
09,09,1965,12.0
09,10,1965,4.5
09,11,1965,0.0
09,12,1965,0.0
09,13,1965,0.0
09,14,1965,0.0
09,15,1965,0.0
09,16,1965,0.0
09,17,1965,20.0
09,18,1965,18.5
09,19,1965,3.5
09,20,1965,9.0
09,21,1965,2.0
09,22,1965,11.5
09,23,1965,1.5
09,24,1965,1.0
09,25,1965,4.0
09,26,1965,4.5
09,27,1965,20.0
09,28,1965,20.0
09,29,1965,12.0
09,30,1965,6.0
10,01,1965,5.0
10,02,1965,0.0
10,03,1965,0.0
10,04,1965,0.0
10,05,1965,3.5
10,06,1965,8.5
10,07,1965,16.0
10,08,1965,15.5
10,09,1965,0.0
10,10,1965,0.0
10,11,1965,0.0
10,12,1965,7.5
10,13,1965,0.0
10,14,1965,4.5
10,15,1965,0.0
10,16,1965,1.0
10,17,1965,18.0
10,18,1965,2.0
10,19,1965,10.0
10,20,1965,17.0
10,21,1965,0.0
10,22,1965,0.0
10,23,1965,0.0
10,24,1965,0.0
10,25,1965,0.0
10,26,1965,0.0
10,27,1965,0.0
10,28,1965,0.0
10,29,1965,0.0
10,30,1965,0.0
10,31,1965,0.0
11,01,1965,0.0
11,02,1965,0.0
11,03,1965,0.0
11,04,1965,0.0
11,05,1965,0.0
11,06,1965,0.0
11,07,1965,0.0
11,08,1965,0.0
11,09,1965,0.0
11,10,1965,0.0
11,11,1965,0.0
11,12,1965,0.0
11,13,1965,0.0
11,14,1965,0.0
11,15,1965,0.0
11,16,1965,10.0
11,17,1965,0.0
11,18,1965,0.0
11,19,1965,0.0
11,20,1965,0.0
11,21,1965,0.0
11,22,1965,0.0
11,23,1965,0.0
11,24,1965,0.0
11,25,1965,0.0
11,26,1965,0.0
11,27,1965,0.0
11,28,1965,0.0
11,29,1965,0.0
11,30,1965,0.0
12,01,1965,0.0
12,02,1965,0.0
12,03,1965,0.0
12,04,1965,0.0
12,05,1965,0.0
12,06,1965,0.0
12,07,1965,0.0
12,08,1965,0.0
12,09,1965,0.0
12,10,1965,0.0
12,11,1965,0.0
12,12,1965,0.0
12,13,1965,0.0
12,14,1965,0.0
12,15,1965,0.0
12,16,1965,0.0
12,17,1965,0.0
12,18,1965,0.0
12,19,1965,0.0
12,20,1965,0.0
12,21,1965,0.0
12,22,1965,0.0
12,23,1965,0.0
12,24,1965,0.0
12,25,1965,0.0
12,26,1965,0.0
12,27,1965,0.0
12,28,1965,0.0
12,29,1965,0.0
12,30,1965,0.0
12,31,1965,0.0
01,01,1966,0.0
01,02,1966,0.0
01,03,1966,0.0
01,04,1966,0.0
01,05,1966,0.0
01,06,1966,0.0
01,07,1966,0.0
01,08,1966,0.0
01,09,1966,0.0
01,10,1966,0.0
01,11,1966,0.0
01,12,1966,0.0
01,13,1966,0.0
01,14,1966,0.0
01,15,1966,0.0
01,16,1966,0.0
01,17,1966,0.0
01,18,1966,0.0
01,19,1966,0.0
01,20,1966,0.0
01,21,1966,0.0
01,22,1966,0.0
01,23,1966,0.0
01,24,1966,0.0
01,25,1966,0.0
01,26,1966,0.0
01,27,1966,0.0
01,28,1966,4.0
01,29,1966,0.0
01,30,1966,0.0
01,31,1966,0.0
02,01,1966,0.0
02,02,1966,0.0
02,03,1966,0.0
02,04,1966,0.0
02,05,1966,0.0
02,06,1966,2.0
02,07,1966,0.0
02,08,1966,0.0
02,09,1966,0.0
02,10,1966,0.0
02,11,1966,0.0
02,12,1966,0.0
02,13,1966,0.0
02,14,1966,0.0
02,15,1966,0.0
02,16,1966,0.0
02,17,1966,0.0
02,18,1966,0.0
02,19,1966,0.0
02,20,1966,0.0
02,21,1966,0.0
02,22,1966,0.0
02,23,1966,0.0
02,24,1966,0.0
02,25,1966,0.0
02,26,1966,0.0
02,27,1966,0.0
02,28,1966,null
03,01,1966,0.0
03,02,1966,0.0
03,03,1966,0.0
03,04,1966,0.0
03,05,1966,0.0
03,06,1966,0.0
03,07,1966,0.0
03,08,1966,2.0
03,09,1966,2.0
03,10,1966,15.0
03,11,1966,5.0
03,12,1966,6.0
03,13,1966,12.0
03,14,1966,0.0
03,15,1966,0.0
03,16,1966,0.0
03,17,1966,0.0
03,18,1966,15.5
03,19,1966,0.0
03,20,1966,0.0
03,21,1966,0.0
03,22,1966,0.0
03,23,1966,1.0
03,24,1966,0.0
03,25,1966,0.0
03,26,1966,0.0
03,27,1966,0.0
03,28,1966,0.0
03,29,1966,0.0
03,30,1966,0.0
03,31,1966,0.0
04,01,1966,0.0
04,02,1966,15.0
04,03,1966,20.0
04,04,1966,0.0
04,05,1966,0.0
04,06,1966,0.0
04,07,1966,0.0
04,08,1966,0.0
04,09,1966,0.0
04,10,1966,0.0
04,11,1966,0.0
04,12,1966,0.0
04,13,1966,0.0
04,14,1966,0.0
04,15,1966,10.0
04,16,1966,4.0
04,17,1966,0.0
04,18,1966,0.0
04,19,1966,0.0
04,20,1966,0.0
04,21,1966,0.0
04,22,1966,0.0
04,23,1966,0.0
04,24,1966,7.0
04,25,1966,20.0
04,26,1966,6.0
04,27,1966,6.0
04,28,1966,0.0
04,29,1966,0.0
04,30,1966,0.0
05,01,1966,17.0
05,02,1966,20.0
05,03,1966,22.0
05,04,1966,0.0
05,05,1966,0.0
05,06,1966,0.0
05,07,1966,0.0
05,08,1966,0.0
05,09,1966,0.0
05,10,1966,0.0
05,11,1966,0.0
05,12,1966,0.0
05,13,1966,0.0
05,14,1966,0.0
05,15,1966,0.0
05,16,1966,0.0
05,17,1966,0.0
05,18,1966,1.0
05,19,1966,21.0
05,20,1966,21.0
05,21,1966,0.0
05,22,1966,0.0
05,23,1966,2.5
05,24,1966,0.0
05,25,1966,0.0
05,26,1966,3.5
05,27,1966,3.0
05,28,1966,2.5
05,29,1966,12.5
05,30,1966,5.0
05,31,1966,0.0
06,01,1966,0.0
06,02,1966,0.0
06,03,1966,0.0
06,04,1966,0.0
06,05,1966,0.0
06,06,1966,1.0
06,07,1966,0.0
06,08,1966,0.0
06,09,1966,1.5
06,10,1966,11.0
06,11,1966,6.5
06,12,1966,0.0
06,13,1966,0.0
06,14,1966,0.0
06,15,1966,0.0
06,16,1966,20.0
06,17,1966,7.5
06,18,1966,0.0
06,19,1966,7.0
06,20,1966,10.0
06,21,1966,2.0
06,22,1966,12.0
06,23,1966,0.0
06,24,1966,0.0
06,25,1966,14.5
06,26,1966,20.0
06,27,1966,2.0
06,28,1966,0.0
06,29,1966,0.0
06,30,1966,0.0
07,01,1966,14.0
07,02,1966,20.0
07,03,1966,14.0
07,04,1966,20.0
07,05,1966,0.0
07,06,1966,5.0
07,07,1966,0.0
07,08,1966,0.0
07,09,1966,0.0
07,10,1966,0.0
07,11,1966,4.0
07,12,1966,3.0
07,13,1966,4.5
07,14,1966,9.0
07,15,1966,0.0
07,16,1966,12.0
07,17,1966,0.0
07,18,1966,20.0
07,19,1966,20.0
07,20,1966,20.0
07,21,1966,4.0
07,22,1966,15.0
07,23,1966,14.0
07,24,1966,5.5
07,25,1966,0.0
07,26,1966,20.0
07,27,1966,6.0
07,28,1966,7.0
07,29,1966,9.0
07,30,1966,8.0
07,31,1966,11.5
08,01,1966,0.0
08,02,1966,17.0
08,03,1966,2.0
08,04,1966,19.0
08,05,1966,10.5
08,06,1966,15.0
08,07,1966,0.0
08,08,1966,14.0
08,09,1966,5.5
08,10,1966,6.0
08,11,1966,8.0
08,12,1966,12.0
08,13,1966,17.0
08,14,1966,6.0
08,15,1966,0.0
08,16,1966,0.0
08,17,1966,0.0
08,18,1966,6.5
08,19,1966,3.0
08,20,1966,7.5
08,21,1966,4.5
08,22,1966,6.0
08,23,1966,8.0
08,24,1966,1.5
08,25,1966,14.5
08,26,1966,0.0
08,27,1966,8.0
08,28,1966,4.0
08,29,1966,1.0
08,30,1966,0.0
08,31,1966,0.0
09,01,1966,0.0
09,02,1966,3.5
09,03,1966,0.0
09,04,1966,3.5
09,05,1966,6.0
09,06,1966,5.5
09,07,1966,2.0
09,08,1966,0.0
09,09,1966,4.0
09,10,1966,7.0
09,11,1966,0.0
09,12,1966,8.5
09,13,1966,7.5
09,14,1966,5.0
09,15,1966,0.0
09,16,1966,6.0
09,17,1966,17.0
09,18,1966,15.5
09,19,1966,3.0
09,20,1966,20.0
09,21,1966,13.5
09,22,1966,3.0
09,23,1966,0.0
09,24,1966,5.0
09,25,1966,1.0
09,26,1966,3.0
09,27,1966,14.5
09,28,1966,20.0
09,29,1966,0.0
09,30,1966,0.0
10,01,1966,20.0
10,02,1966,2.0
10,03,1966,0.0
10,04,1966,6.0
10,05,1966,1.5
10,06,1966,0.0
10,07,1966,0.0
10,08,1966,0.0
10,09,1966,0.0
10,10,1966,2.0
10,11,1966,1.5
10,12,1966,9.5
10,13,1966,0.0
10,14,1966,0.0
10,15,1966,3.0
10,16,1966,7.0
10,17,1966,2.5
10,18,1966,4.5
10,19,1966,1.5
10,20,1966,0.0
10,21,1966,4.0
10,22,1966,8.0
10,23,1966,2.0
10,24,1966,3.5
10,25,1966,5.5
10,26,1966,0.0
10,27,1966,0.0
10,28,1966,0.0
10,29,1966,0.0
10,30,1966,0.0
10,31,1966,0.0
11,01,1966,0.0
11,02,1966,0.0
11,03,1966,0.0
11,04,1966,0.0
11,05,1966,0.0
11,06,1966,0.0
11,07,1966,0.0
11,08,1966,0.0
11,09,1966,0.0
11,10,1966,0.0
11,11,1966,0.0
11,12,1966,0.0
11,13,1966,0.0
11,14,1966,0.0
11,15,1966,0.0
11,16,1966,0.0
11,17,1966,0.0
11,18,1966,0.0
11,19,1966,0.0
11,20,1966,0.0
11,21,1966,0.0
11,22,1966,0.0
11,23,1966,0.0
11,24,1966,0.0
11,25,1966,0.0
11,26,1966,0.0
11,27,1966,0.0
11,28,1966,0.0
11,29,1966,0.0
11,30,1966,0.0
12,01,1966,0.0
12,02,1966,0.0
12,03,1966,0.0
12,04,1966,0.0
12,05,1966,0.0
12,06,1966,0.0
12,07,1966,0.0
12,08,1966,0.0
12,09,1966,0.0
12,10,1966,0.0
12,11,1966,0.0
12,12,1966,0.0
12,13,1966,0.0
12,14,1966,0.0
12,15,1966,0.0
12,16,1966,3.0
12,17,1966,5.0
12,18,1966,0.0
12,19,1966,0.0
12,20,1966,0.0
12,21,1966,0.0
12,22,1966,0.0
12,23,1966,12.5
12,24,1966,0.0
12,25,1966,0.0
12,26,1966,0.0
12,27,1966,0.0
12,28,1966,0.0
12,29,1966,0.0
12,30,1966,0.0
12,31,1966,0.0
01,01,1967,0.0
01,02,1967,0.0
01,03,1967,0.0
01,04,1967,0.0
01,05,1967,0.0
01,06,1967,0.0
01,07,1967,0.0
01,08,1967,0.0
01,09,1967,0.0
01,10,1967,0.0
01,11,1967,0.0
01,12,1967,0.0
01,13,1967,0.0
01,14,1967,0.0
01,15,1967,5.0
01,16,1967,0.0
01,17,1967,0.0
01,18,1967,0.0
01,19,1967,0.0
01,20,1967,0.0
01,21,1967,0.0
01,22,1967,0.0
01,23,1967,0.0
01,24,1967,0.0
01,25,1967,0.0
01,26,1967,0.0
01,27,1967,0.0
01,28,1967,0.0
01,29,1967,0.0
01,30,1967,0.0
01,31,1967,0.0
02,01,1967,0.0
02,02,1967,0.0
02,03,1967,0.0
02,04,1967,0.0
02,05,1967,0.0
02,06,1967,0.0
02,07,1967,0.0
02,08,1967,0.0
02,09,1967,0.0
02,10,1967,0.0
02,11,1967,0.0
02,12,1967,0.0
02,13,1967,0.0
02,14,1967,0.0
02,15,1967,0.0
02,16,1967,0.0
02,17,1967,0.0
02,18,1967,0.0
02,19,1967,0.0
02,20,1967,0.0
02,21,1967,0.0
02,22,1967,0.0
02,23,1967,0.0
02,24,1967,0.0
02,25,1967,0.0
02,26,1967,0.0
02,27,1967,0.0
02,28,1967,0.0
03,01,1967,0.0
03,02,1967,0.0
03,03,1967,0.0
03,04,1967,0.1
03,05,1967,0.0
03,06,1967,0.0
03,07,1967,0.0
03,08,1967,0.0
03,09,1967,0.0
03,10,1967,0.0
03,11,1967,0.0
03,12,1967,0.0
03,13,1967,0.0
03,14,1967,0.0
03,15,1967,0.0
03,16,1967,0.0
03,17,1967,0.0
03,18,1967,0.0
03,19,1967,0.0
03,20,1967,0.0
03,21,1967,1.4
03,22,1967,0.0
03,23,1967,0.0
03,24,1967,0.0
03,25,1967,0.0
03,26,1967,1.8
03,27,1967,0.0
03,28,1967,0.0
03,29,1967,0.0
03,30,1967,0.0
03,31,1967,null
04,01,1967,0.0
04,02,1967,0.0
04,03,1967,0.0
04,04,1967,0.0
04,05,1967,0.0
04,06,1967,1.5
04,07,1967,11.0
04,08,1967,6.0
04,09,1967,12.5
04,10,1967,3.5
04,11,1967,5.0
04,12,1967,0.0
04,13,1967,0.0
04,14,1967,0.0
04,15,1967,0.0
04,16,1967,0.0
04,17,1967,0.0
04,18,1967,0.0
04,19,1967,0.0
04,20,1967,0.0
04,21,1967,0.0
04,22,1967,0.0
04,23,1967,0.0
04,24,1967,0.0
04,25,1967,0.0
04,26,1967,0.0
04,27,1967,0.0
04,28,1967,0.0
04,29,1967,0.0
04,30,1967,null
05,01,1967,0.0
05,02,1967,0.0
05,03,1967,0.0
05,04,1967,0.0
05,05,1967,0.0
05,06,1967,0.0
05,07,1967,0.0
05,08,1967,0.0
05,09,1967,0.0
05,10,1967,0.0
05,11,1967,0.0
05,12,1967,0.0
05,13,1967,0.0
05,14,1967,0.0
05,15,1967,15.0
05,16,1967,0.0
05,17,1967,0.0
05,18,1967,0.0
05,19,1967,16.0
05,20,1967,20.0
05,21,1967,5.0
05,22,1967,0.0
05,23,1967,0.0
05,24,1967,0.0
05,25,1967,1.0
05,26,1967,2.0
05,27,1967,5.5
05,28,1967,4.0
05,29,1967,20.0
05,30,1967,4.0
05,31,1967,0.0
06,01,1967,0.0
06,02,1967,0.0
06,03,1967,0.0
06,04,1967,0.0
06,05,1967,0.0
06,06,1967,0.0
06,07,1967,4.5
06,08,1967,1.0
06,09,1967,12.5
06,10,1967,20.0
06,11,1967,18.0
06,12,1967,1.5
06,13,1967,0.0
06,14,1967,3.0
06,15,1967,4.5
06,16,1967,1.0
06,17,1967,24.0
06,18,1967,15.0
06,19,1967,1.0
06,20,1967,0.0
06,21,1967,5.5
06,22,1967,10.0
06,23,1967,24.5
06,24,1967,0.0
06,25,1967,1.0
06,26,1967,2.0
06,27,1967,7.0
06,28,1967,0.0
06,29,1967,0.0
06,30,1967,0.0
07,01,1967,0.0
07,02,1967,0.0
07,03,1967,1.0
07,04,1967,2.1
07,05,1967,0.0
07,06,1967,0.0
07,07,1967,1.0
07,08,1967,2.5
07,09,1967,0.0
07,10,1967,0.0
07,11,1967,0.0
07,12,1967,2.0
07,13,1967,0.0
07,14,1967,0.0
07,15,1967,0.0
07,16,1967,4.0
07,17,1967,0.0
07,18,1967,2.0
07,19,1967,0.0
07,20,1967,12.5
07,21,1967,0.0
07,22,1967,2.0
07,23,1967,6.0
07,24,1967,0.0
07,25,1967,0.0
07,26,1967,0.0
07,27,1967,0.0
07,28,1967,0.0
07,29,1967,0.0
07,30,1967,0.0
07,31,1967,null
08,01,1967,0.0
08,02,1967,0.0
08,03,1967,0.0
08,04,1967,0.0
08,05,1967,0.0
08,06,1967,0.0
08,07,1967,0.7
08,08,1967,9.5
08,09,1967,13.5
08,10,1967,8.5
08,11,1967,0.0
08,12,1967,1.5
08,13,1967,14.0
08,14,1967,1.5
08,15,1967,2.0
08,16,1967,22.0
08,17,1967,19.0
08,18,1967,13.0
08,19,1967,7.0
08,20,1967,8.5
08,21,1967,1.0
08,22,1967,1.5
08,23,1967,11.0
08,24,1967,4.0
08,25,1967,20.0
08,26,1967,18.0
08,27,1967,0.5
08,28,1967,1.5
08,29,1967,0.0
08,30,1967,13.0
08,31,1967,0.0
09,01,1967,2.0
09,02,1967,0.0
09,03,1967,3.0
09,04,1967,3.0
09,05,1967,12.0
09,06,1967,1.0
09,07,1967,1.0
09,08,1967,0.0
09,09,1967,0.0
09,10,1967,1.5
09,11,1967,0.0
09,12,1967,1.0
09,13,1967,1.5
09,14,1967,10.0
09,15,1967,3.0
09,16,1967,6.0
09,17,1967,12.0
09,18,1967,0.0
09,19,1967,3.0
09,20,1967,1.5
09,21,1967,3.5
09,22,1967,7.0
09,23,1967,24.0
09,24,1967,21.0
09,25,1967,23.0
09,26,1967,10.0
09,27,1967,6.0
09,28,1967,0.0
09,29,1967,6.0
09,30,1967,null
10,01,1967,0.0
10,02,1967,5.0
10,03,1967,21.0
10,04,1967,11.0
10,05,1967,0.0
10,06,1967,0.0
10,07,1967,0.0
10,08,1967,12.0
10,09,1967,8.0
10,10,1967,0.0
10,11,1967,0.0
10,12,1967,1.0
10,13,1967,3.0
10,14,1967,0.0
10,15,1967,0.0
10,16,1967,0.0
10,17,1967,0.0
10,18,1967,0.0
10,19,1967,0.0
10,20,1967,0.0
10,21,1967,0.0
10,22,1967,6.0
10,23,1967,0.0
10,24,1967,0.0
10,25,1967,0.0
10,26,1967,5.0
10,27,1967,19.0
10,28,1967,5.0
10,29,1967,4.5
10,30,1967,20.0
10,31,1967,null
11,01,1967,0.0
11,02,1967,0.0
11,03,1967,13.0
11,04,1967,0.0
11,05,1967,0.0
11,06,1967,0.0
11,07,1967,0.0
11,08,1967,0.0
11,09,1967,0.0
11,10,1967,0.0
11,11,1967,0.0
11,12,1967,0.0
11,13,1967,0.0
11,14,1967,0.0
11,15,1967,0.0
11,16,1967,0.0
11,17,1967,0.0
11,18,1967,0.0
11,19,1967,0.0
11,20,1967,0.0
11,21,1967,0.0
11,22,1967,0.0
11,23,1967,0.0
11,24,1967,0.0
11,25,1967,0.0
11,26,1967,0.0
11,27,1967,0.0
11,28,1967,0.0
11,29,1967,0.0
11,30,1967,0.0
12,01,1967,0.0
12,02,1967,0.0
12,03,1967,0.0
12,04,1967,0.0
12,05,1967,0.0
12,06,1967,0.0
12,07,1967,0.0
12,08,1967,0.0
12,09,1967,0.0
12,10,1967,0.0
12,11,1967,0.0
12,12,1967,0.0
12,13,1967,0.0
12,14,1967,0.0
12,15,1967,0.0
12,16,1967,0.0
12,17,1967,0.0
12,18,1967,0.0
12,19,1967,0.0
12,20,1967,0.0
12,21,1967,0.0
12,22,1967,0.0
12,23,1967,0.0
12,24,1967,0.0
12,25,1967,0.0
12,26,1967,0.0
12,27,1967,0.0
12,28,1967,0.0
12,29,1967,0.0
12,30,1967,0.0
12,31,1967,null
01,01,1968,0.0
01,02,1968,0.0
01,03,1968,0.0
01,04,1968,0.0
01,05,1968,0.0
01,06,1968,0.0
01,07,1968,0.0
01,08,1968,0.0
01,09,1968,0.0
01,10,1968,0.0
01,11,1968,0.0
01,12,1968,0.0
01,13,1968,0.0
01,14,1968,0.0
01,15,1968,0.1
01,16,1968,2.0
01,17,1968,0.0
01,18,1968,0.0
01,19,1968,0.0
01,20,1968,0.0
01,21,1968,7.0
01,22,1968,4.0
01,23,1968,8.0
01,24,1968,7.0
01,25,1968,0.0
01,26,1968,0.0
01,27,1968,0.0
01,28,1968,0.0
01,29,1968,0.0
01,30,1968,0.0
01,31,1968,0.0
02,01,1968,0.0
02,02,1968,0.0
02,03,1968,0.0
02,04,1968,0.0
02,05,1968,0.0
02,06,1968,0.0
02,07,1968,0.0
02,08,1968,0.0
02,09,1968,0.0
02,10,1968,0.0
02,11,1968,0.0
02,12,1968,0.0
02,13,1968,0.0
02,14,1968,0.0
02,15,1968,0.0
02,16,1968,0.0
02,17,1968,0.0
02,18,1968,0.0
02,19,1968,0.0
02,20,1968,0.0
02,21,1968,0.0
02,22,1968,0.0
02,23,1968,0.0
02,24,1968,0.0
02,25,1968,0.0
02,26,1968,0.0
02,27,1968,0.0
02,28,1968,0.0
02,29,1968,null
03,01,1968,0.0
03,02,1968,0.0
03,03,1968,0.0
03,04,1968,0.0
03,05,1968,0.0
03,06,1968,0.0
03,07,1968,0.0
03,08,1968,0.0
03,09,1968,0.0
03,10,1968,0.0
03,11,1968,0.0
03,12,1968,0.0
03,13,1968,0.0
03,14,1968,0.0
03,15,1968,0.0
03,16,1968,0.0
03,17,1968,0.0
03,18,1968,0.0
03,19,1968,0.0
03,20,1968,0.0
03,21,1968,0.0
03,22,1968,0.0
03,23,1968,0.0
03,24,1968,0.0
03,25,1968,0.0
03,26,1968,0.0
03,27,1968,0.0
03,28,1968,0.0
03,29,1968,0.0
03,30,1968,0.0
03,31,1968,0.0
04,01,1968,0.0
04,02,1968,1.0
04,03,1968,6.0
04,04,1968,1.0
04,05,1968,0.0
04,06,1968,0.0
04,07,1968,0.0
04,08,1968,0.0
04,09,1968,0.0
04,10,1968,18.0
04,11,1968,10.0
04,12,1968,0.0
04,13,1968,15.0
04,14,1968,0.0
04,15,1968,0.0
04,16,1968,0.0
04,17,1968,0.0
04,18,1968,0.0
04,19,1968,0.0
04,20,1968,0.0
04,21,1968,0.0
04,22,1968,0.0
04,23,1968,0.0
04,24,1968,0.0
04,25,1968,0.0
04,26,1968,0.0
04,27,1968,0.0
04,28,1968,0.0
04,29,1968,3.0
04,30,1968,0.0
05,01,1968,1.0
05,02,1968,1.0
05,03,1968,1.2
05,04,1968,3.5
05,05,1968,1.5
05,06,1968,0.0
05,07,1968,6.5
05,08,1968,1.5
05,09,1968,0.0
05,10,1968,5.5
05,11,1968,4.5
05,12,1968,0.0
05,13,1968,2.3
05,14,1968,1.0
05,15,1968,0.0
05,16,1968,0.0
05,17,1968,0.0
05,18,1968,1.4
05,19,1968,1.7
05,20,1968,2.2
05,21,1968,0.0
05,22,1968,0.0
05,23,1968,0.0
05,24,1968,2.4
05,25,1968,1.5
05,26,1968,0.0
05,27,1968,0.0
05,28,1968,0.0
05,29,1968,0.0
05,30,1968,0.0
05,31,1968,0.0
06,01,1968,13.0
06,02,1968,0.0
06,03,1968,0.0
06,04,1968,22.0
06,05,1968,10.0
06,06,1968,13.0
06,07,1968,7.0
06,08,1968,3.0
06,09,1968,2.0
06,10,1968,11.0
06,11,1968,10.0
06,12,1968,0.0
06,13,1968,0.0
06,14,1968,0.0
06,15,1968,0.0
06,16,1968,6.0
06,17,1968,7.0
06,18,1968,7.0
06,19,1968,14.0
06,20,1968,3.0
06,21,1968,0.0
06,22,1968,10.0
06,23,1968,2.0
06,24,1968,0.0
06,25,1968,2.0
06,26,1968,15.0
06,27,1968,17.0
06,28,1968,2.0
06,29,1968,9.0
06,30,1968,17.0
07,01,1968,null
07,02,1968,null
07,03,1968,null
07,04,1968,null
07,05,1968,null
07,06,1968,null
07,07,1968,null
07,08,1968,null
07,09,1968,null
07,10,1968,null
07,11,1968,null
07,12,1968,null
07,13,1968,null
07,14,1968,null
07,15,1968,null
07,16,1968,null
07,17,1968,null
07,18,1968,null
07,19,1968,null
07,20,1968,null
07,21,1968,null
07,22,1968,null
07,23,1968,null
07,24,1968,null
07,25,1968,null
07,26,1968,null
07,27,1968,null
07,28,1968,null
07,29,1968,null
07,30,1968,null
07,31,1968,null
08,01,1968,1.5
08,02,1968,0.0
08,03,1968,0.0
08,04,1968,0.0
08,05,1968,0.0
08,06,1968,8.5
08,07,1968,0.0
08,08,1968,1.5
08,09,1968,0.0
08,10,1968,0.0
08,11,1968,0.0
08,12,1968,0.0
08,13,1968,2.5
08,14,1968,22.5
08,15,1968,1.5
08,16,1968,33.5
08,17,1968,0.0
08,18,1968,0.0
08,19,1968,2.0
08,20,1968,0.0
08,21,1968,6.5
08,22,1968,0.0
08,23,1968,8.0
08,24,1968,3.0
08,25,1968,0.0
08,26,1968,5.0
08,27,1968,0.0
08,28,1968,0.0
08,29,1968,0.0
08,30,1968,13.0
08,31,1968,18.5
09,01,1968,5.0
09,02,1968,0.0
09,03,1968,0.0
09,04,1968,1.5
09,05,1968,4.5
09,06,1968,0.0
09,07,1968,1.0
09,08,1968,15.0
09,09,1968,28.0
09,10,1968,17.0
09,11,1968,0.0
09,12,1968,0.0
09,13,1968,2.0
09,14,1968,13.0
09,15,1968,39.5
09,16,1968,29.0
09,17,1968,0.0
09,18,1968,1.0
09,19,1968,7.5
09,20,1968,3.5
09,21,1968,0.5
09,22,1968,0.0
09,23,1968,6.0
09,24,1968,0.0
09,25,1968,0.0
09,26,1968,0.0
09,27,1968,0.2
09,28,1968,2.0
09,29,1968,1.0
09,30,1968,0.2
10,01,1968,0.0
10,02,1968,0.0
10,03,1968,0.0
10,04,1968,0.0
10,05,1968,1.0
10,06,1968,0.0
10,07,1968,0.0
10,08,1968,0.0
10,09,1968,20.0
10,10,1968,11.0
10,11,1968,7.0
10,12,1968,0.0
10,13,1968,0.0
10,14,1968,0.0
10,15,1968,0.0
10,16,1968,1.0
10,17,1968,0.0
10,18,1968,0.0
10,19,1968,3.0
10,20,1968,0.0
10,21,1968,1.0
10,22,1968,2.0
10,23,1968,2.0
10,24,1968,0.0
10,25,1968,0.0
10,26,1968,0.0
10,27,1968,0.0
10,28,1968,0.0
10,29,1968,0.0
10,30,1968,0.0
10,31,1968,0.0
11,01,1968,0.0
11,02,1968,0.0
11,03,1968,0.0
11,04,1968,0.0
11,05,1968,0.0
11,06,1968,0.0
11,07,1968,0.0
11,08,1968,0.0
11,09,1968,0.0
11,10,1968,0.0
11,11,1968,0.0
11,12,1968,0.0
11,13,1968,0.0
11,14,1968,0.0
11,15,1968,0.0
11,16,1968,0.0
11,17,1968,0.0
11,18,1968,0.0
11,19,1968,0.0
11,20,1968,0.0
11,21,1968,0.0
11,22,1968,0.0
11,23,1968,0.0
11,24,1968,0.0
11,25,1968,8.0
11,26,1968,3.0
11,27,1968,0.0
11,28,1968,0.0
11,29,1968,0.0
11,30,1968,null
12,01,1968,0.0
12,02,1968,0.0
12,03,1968,0.5
12,04,1968,0.0
12,05,1968,0.0
12,06,1968,0.0
12,07,1968,0.0
12,08,1968,0.0
12,09,1968,0.0
12,10,1968,0.0
12,11,1968,0.0
12,12,1968,0.0
12,13,1968,0.0
12,14,1968,0.0
12,15,1968,0.0
12,16,1968,0.0
12,17,1968,0.0
12,18,1968,0.0
12,19,1968,0.0
12,20,1968,0.0
12,21,1968,0.0
12,22,1968,0.0
12,23,1968,0.0
12,24,1968,0.0
12,25,1968,0.0
12,26,1968,0.0
12,27,1968,0.0
12,28,1968,0.0
12,29,1968,0.0
12,30,1968,0.0
12,31,1968,0.0
01,01,1969,0.0
01,02,1969,0.0
01,03,1969,8.0
01,04,1969,7.0
01,05,1969,2.0
01,06,1969,0.0
01,07,1969,0.0
01,08,1969,0.0
01,09,1969,0.0
01,10,1969,0.0
01,11,1969,0.0
01,12,1969,0.0
01,13,1969,0.0
01,14,1969,0.0
01,15,1969,0.0
01,16,1969,0.0
01,17,1969,0.0
01,18,1969,2.0
01,19,1969,2.0
01,20,1969,0.0
01,21,1969,0.0
01,22,1969,0.0
01,23,1969,0.0
01,24,1969,0.0
01,25,1969,0.0
01,26,1969,0.0
01,27,1969,0.0
01,28,1969,0.0
01,29,1969,0.0
01,30,1969,0.0
01,31,1969,0.0
02,01,1969,0.0
02,02,1969,0.0
02,03,1969,0.0
02,04,1969,0.0
02,05,1969,0.0
02,06,1969,0.0
02,07,1969,0.0
02,08,1969,0.0
02,09,1969,0.0
02,10,1969,0.0
02,11,1969,0.0
02,12,1969,0.0
02,13,1969,0.0
02,14,1969,0.0
02,15,1969,0.0
02,16,1969,0.0
02,17,1969,0.0
02,18,1969,0.0
02,19,1969,0.0
02,20,1969,0.0
02,21,1969,0.0
02,22,1969,0.0
02,23,1969,0.0
02,24,1969,0.0
02,25,1969,1.5
02,26,1969,null
02,27,1969,0.0
02,28,1969,0.0
03,01,1969,0.0
03,02,1969,0.0
03,03,1969,0.0
03,04,1969,0.0
03,05,1969,0.0
03,06,1969,0.0
03,07,1969,0.0
03,08,1969,0.0
03,09,1969,0.0
03,10,1969,0.0
03,11,1969,0.0
03,12,1969,0.0
03,13,1969,0.0
03,14,1969,0.0
03,15,1969,0.0
03,16,1969,0.0
03,17,1969,3.0
03,18,1969,7.0
03,19,1969,6.5
03,20,1969,13.5
03,21,1969,4.0
03,22,1969,0.0
03,23,1969,0.0
03,24,1969,0.0
03,25,1969,0.0
03,26,1969,0.0
03,27,1969,0.0
03,28,1969,0.0
03,29,1969,1.5
03,30,1969,7.5
03,31,1969,1.0
04,01,1969,0.0
04,02,1969,0.0
04,03,1969,0.0
04,04,1969,0.0
04,05,1969,0.0
04,06,1969,0.0
04,07,1969,15.0
04,08,1969,6.0
04,09,1969,4.0
04,10,1969,1.0
04,11,1969,0.0
04,12,1969,0.0
04,13,1969,0.0
04,14,1969,0.0
04,15,1969,0.0
04,16,1969,0.0
04,17,1969,0.0
04,18,1969,0.0
04,19,1969,0.0
04,20,1969,0.0
04,21,1969,0.0
04,22,1969,7.0
04,23,1969,0.0
04,24,1969,0.0
04,25,1969,2.0
04,26,1969,0.0
04,27,1969,0.0
04,28,1969,0.0
04,29,1969,0.0
04,30,1969,0.0
05,01,1969,0.0
05,02,1969,0.0
05,03,1969,0.0
05,04,1969,0.0
05,05,1969,0.0
05,06,1969,0.0
05,07,1969,0.0
05,08,1969,0.0
05,09,1969,0.0
05,10,1969,6.0
05,11,1969,18.5
05,12,1969,7.0
05,13,1969,15.0
05,14,1969,2.0
05,15,1969,0.0
05,16,1969,0.0
05,17,1969,25.0
05,18,1969,6.0
05,19,1969,0.0
05,20,1969,0.0
05,21,1969,0.0
05,22,1969,0.0
05,23,1969,0.0
05,24,1969,0.0
05,25,1969,11.0
05,26,1969,16.0
05,27,1969,1.0
05,28,1969,1.0
05,29,1969,0.0
05,30,1969,0.5
05,31,1969,0.0
06,01,1969,0.0
06,02,1969,17.0
06,03,1969,0.0
06,04,1969,0.0
06,05,1969,0.0
06,06,1969,6.0
06,07,1969,25.0
06,08,1969,7.0
06,09,1969,1.0
06,10,1969,3.0
06,11,1969,0.0
06,12,1969,6.0
06,13,1969,6.0
06,14,1969,1.0
06,15,1969,0.0
06,16,1969,0.0
06,17,1969,0.0
06,18,1969,31.0
06,19,1969,16.0
06,20,1969,0.0
06,21,1969,5.0
06,22,1969,0.0
06,23,1969,0.0
06,24,1969,8.0
06,25,1969,5.0
06,26,1969,24.0
06,27,1969,5.0
06,28,1969,3.0
06,29,1969,10.0
06,30,1969,0.0
07,01,1969,0.0
07,02,1969,28.0
07,03,1969,12.5
07,04,1969,9.5
07,05,1969,22.0
07,06,1969,20.0
07,07,1969,4.0
07,08,1969,0.0
07,09,1969,4.5
07,10,1969,2.5
07,11,1969,0.0
07,12,1969,10.0
07,13,1969,6.0
07,14,1969,3.5
07,15,1969,0.0
07,16,1969,0.0
07,17,1969,0.0
07,18,1969,0.0
07,19,1969,0.0
07,20,1969,12.0
07,21,1969,24.0
07,22,1969,12.0
07,23,1969,3.0
07,24,1969,12.0
07,25,1969,15.0
07,26,1969,26.0
07,27,1969,8.0
07,28,1969,0.0
07,29,1969,0.0
07,30,1969,0.0
07,31,1969,0.0
08,01,1969,0.0
08,02,1969,14.5
08,03,1969,16.0
08,04,1969,5.9
08,05,1969,3.0
08,06,1969,1.5
08,07,1969,18.0
08,08,1969,2.0
08,09,1969,17.5
08,10,1969,18.0
08,11,1969,16.5
08,12,1969,16.5
08,13,1969,30.0
08,14,1969,14.0
08,15,1969,2.0
08,16,1969,5.0
08,17,1969,33.0
08,18,1969,0.0
08,19,1969,6.0
08,20,1969,34.0
08,21,1969,12.0
08,22,1969,19.0
08,23,1969,24.0
08,24,1969,12.0
08,25,1969,15.0
08,26,1969,4.0
08,27,1969,18.0
08,28,1969,4.0
08,29,1969,25.0
08,30,1969,9.0
08,31,1969,7.0
09,01,1969,0.0
09,02,1969,39.0
09,03,1969,2.0
09,04,1969,0.0
09,05,1969,7.0
09,06,1969,26.0
09,07,1969,27.0
09,08,1969,17.0
09,09,1969,16.0
09,10,1969,1.5
09,11,1969,0.0
09,12,1969,0.0
09,13,1969,4.5
09,14,1969,0.0
09,15,1969,7.0
09,16,1969,0.0
09,17,1969,0.0
09,18,1969,22.0
09,19,1969,0.0
09,20,1969,0.0
09,21,1969,0.0
09,22,1969,0.0
09,23,1969,2.0
09,24,1969,1.0
09,25,1969,6.0
09,26,1969,1.0
09,27,1969,0.0
09,28,1969,20.0
09,29,1969,0.0
09,30,1969,0.0
10,01,1969,0.0
10,02,1969,0.0
10,03,1969,0.0
10,04,1969,7.0
10,05,1969,4.5
10,06,1969,0.0
10,07,1969,0.0
10,08,1969,0.0
10,09,1969,0.0
10,10,1969,0.0
10,11,1969,7.0
10,12,1969,4.0
10,13,1969,0.0
10,14,1969,1.1
10,15,1969,0.0
10,16,1969,0.0
10,17,1969,0.0
10,18,1969,0.0
10,19,1969,6.0
10,20,1969,1.0
10,21,1969,0.0
10,22,1969,0.0
10,23,1969,0.0
10,24,1969,0.0
10,25,1969,0.0
10,26,1969,0.0
10,27,1969,0.0
10,28,1969,0.0
10,29,1969,0.0
10,30,1969,0.0
10,31,1969,18.0
11,01,1969,0.0
11,02,1969,0.0
11,03,1969,0.0
11,04,1969,0.2
11,05,1969,0.0
11,06,1969,0.0
11,07,1969,0.0
11,08,1969,0.0
11,09,1969,0.0
11,10,1969,0.0
11,11,1969,0.0
11,12,1969,0.0
11,13,1969,0.0
11,14,1969,0.0
11,15,1969,0.0
11,16,1969,0.0
11,17,1969,0.0
11,18,1969,0.0
11,19,1969,0.0
11,20,1969,0.0
11,21,1969,0.0
11,22,1969,0.0
11,23,1969,0.0
11,24,1969,0.0
11,25,1969,0.0
11,26,1969,0.0
11,27,1969,0.0
11,28,1969,0.0
11,29,1969,0.0
11,30,1969,0.0
12,01,1969,0.0
12,02,1969,0.0
12,03,1969,0.0
12,04,1969,0.0
12,05,1969,0.0
12,06,1969,0.0
12,07,1969,0.0
12,08,1969,0.0
12,09,1969,0.0
12,10,1969,0.0
12,11,1969,0.0
12,12,1969,0.0
12,13,1969,0.0
12,14,1969,0.0
12,15,1969,0.0
12,16,1969,0.0
12,17,1969,0.0
12,18,1969,0.0
12,19,1969,0.0
12,20,1969,0.0
12,21,1969,2.0
12,22,1969,0.0
12,23,1969,0.0
12,24,1969,0.0
12,25,1969,0.0
12,26,1969,0.0
12,27,1969,0.0
12,28,1969,0.0
12,29,1969,0.0
12,30,1969,0.0
12,31,1969,0.0
01,01,1970,0.0
01,02,1970,0.0
01,03,1970,0.0
01,04,1970,0.0
01,05,1970,0.0
01,06,1970,0.0
01,07,1970,0.0
01,08,1970,0.0
01,09,1970,0.0
01,10,1970,0.0
01,11,1970,0.0
01,12,1970,0.0
01,13,1970,0.0
01,14,1970,0.0
01,15,1970,0.0
01,16,1970,0.0
01,17,1970,0.0
01,18,1970,0.0
01,19,1970,0.0
01,20,1970,0.0
01,21,1970,0.0
01,22,1970,0.0
01,23,1970,0.0
01,24,1970,0.0
01,25,1970,0.0
01,26,1970,0.0
01,27,1970,0.0
01,28,1970,0.0
01,29,1970,0.0
01,30,1970,0.0
01,31,1970,0.0
02,01,1970,0.0
02,02,1970,0.0
02,03,1970,0.0
02,04,1970,0.0
02,05,1970,0.0
02,06,1970,0.0
02,07,1970,0.0
02,08,1970,0.0
02,09,1970,0.0
02,10,1970,0.0
02,11,1970,0.0
02,12,1970,0.0
02,13,1970,0.0
02,14,1970,0.0
02,15,1970,0.0
02,16,1970,0.0
02,17,1970,1.0
02,18,1970,1.0
02,19,1970,0.0
02,20,1970,0.0
02,21,1970,0.0
02,22,1970,0.0
02,23,1970,0.0
02,24,1970,0.0
02,25,1970,0.0
02,26,1970,0.0
02,27,1970,0.0
02,28,1970,0.0
03,01,1970,0.0
03,02,1970,0.0
03,03,1970,0.0
03,04,1970,0.0
03,05,1970,0.0
03,06,1970,0.0
03,07,1970,0.0
03,08,1970,0.0
03,09,1970,0.0
03,10,1970,0.0
03,11,1970,0.0
03,12,1970,0.0
03,13,1970,0.0
03,14,1970,0.0
03,15,1970,0.0
03,16,1970,0.0
03,17,1970,0.0
03,18,1970,0.0
03,19,1970,0.0
03,20,1970,0.0
03,21,1970,0.0
03,22,1970,0.0
03,23,1970,0.0
03,24,1970,0.0
03,25,1970,0.0
03,26,1970,0.0
03,27,1970,0.0
03,28,1970,0.0
03,29,1970,0.0
03,30,1970,0.0
03,31,1970,0.0
04,01,1970,0.0
04,02,1970,0.0
04,03,1970,0.0
04,04,1970,0.0
04,05,1970,0.0
04,06,1970,1.0
04,07,1970,0.0
04,08,1970,0.0
04,09,1970,0.0
04,10,1970,0.0
04,11,1970,0.0
04,12,1970,0.0
04,13,1970,2.0
04,14,1970,0.0
04,15,1970,0.0
04,16,1970,0.0
04,17,1970,0.0
04,18,1970,0.0
04,19,1970,0.0
04,20,1970,0.0
04,21,1970,0.0
04,22,1970,0.0
04,23,1970,0.0
04,24,1970,0.0
04,25,1970,0.0
04,26,1970,0.0
04,27,1970,0.0
04,28,1970,0.0
04,29,1970,0.0
04,30,1970,0.0
05,01,1970,0.0
05,02,1970,0.0
05,03,1970,0.0
05,04,1970,0.0
05,05,1970,0.0
05,06,1970,0.0
05,07,1970,0.0
05,08,1970,0.0
05,09,1970,0.0
05,10,1970,1.0
05,11,1970,0.0
05,12,1970,6.0
05,13,1970,4.0
05,14,1970,0.0
05,15,1970,4.0
05,16,1970,7.0
05,17,1970,3.0
05,18,1970,3.0
05,19,1970,15.0
05,20,1970,4.0
05,21,1970,0.0
05,22,1970,1.0
05,23,1970,0.0
05,24,1970,0.0
05,25,1970,0.0
05,26,1970,1.0
05,27,1970,1.0
05,28,1970,17.0
05,29,1970,2.0
05,30,1970,0.0
05,31,1970,0.4
06,01,1970,4.0
06,02,1970,3.0
06,03,1970,1.0
06,04,1970,0.0
06,05,1970,0.0
06,06,1970,0.0
06,07,1970,18.0
06,08,1970,1.0
06,09,1970,17.0
06,10,1970,1.0
06,11,1970,5.0
06,12,1970,2.0
06,13,1970,14.0
06,14,1970,0.0
06,15,1970,0.0
06,16,1970,0.0
06,17,1970,21.0
06,18,1970,29.0
06,19,1970,32.0
06,20,1970,28.0
06,21,1970,11.0
06,22,1970,17.0
06,23,1970,5.0
06,24,1970,1.0
06,25,1970,6.0
06,26,1970,7.0
06,27,1970,6.0
06,28,1970,0.0
06,29,1970,13.0
06,30,1970,7.0
07,01,1970,0.0
07,02,1970,0.0
07,03,1970,0.0
07,04,1970,0.0
07,05,1970,0.0
07,06,1970,1.0
07,07,1970,28.0
07,08,1970,1.0
07,09,1970,0.0
07,10,1970,0.0
07,11,1970,0.0
07,12,1970,0.0
07,13,1970,0.0
07,14,1970,12.0
07,15,1970,9.0
07,16,1970,18.0
07,17,1970,5.0
07,18,1970,0.0
07,19,1970,0.0
07,20,1970,24.0
07,21,1970,11.0
07,22,1970,9.0
07,23,1970,6.0
07,24,1970,20.0
07,25,1970,10.0
07,26,1970,7.0
07,27,1970,7.0
07,28,1970,12.0
07,29,1970,20.0
07,30,1970,1.0
07,31,1970,6.0
08,01,1970,8.0
08,02,1970,4.0
08,03,1970,16.0
08,04,1970,28.0
08,05,1970,12.0
08,06,1970,25.0
08,07,1970,0.0
08,08,1970,17.0
08,09,1970,20.0
08,10,1970,19.0
08,11,1970,4.0
08,12,1970,30.0
08,13,1970,0.0
08,14,1970,2.0
08,15,1970,0.0
08,16,1970,7.0
08,17,1970,2.0
08,18,1970,0.0
08,19,1970,34.0
08,20,1970,0.0
08,21,1970,0.0
08,22,1970,0.0
08,23,1970,0.0
08,24,1970,0.0
08,25,1970,0.0
08,26,1970,0.0
08,27,1970,0.0
08,28,1970,4.0
08,29,1970,2.0
08,30,1970,11.0
08,31,1970,43.0
09,01,1970,22.0
09,02,1970,6.0
09,03,1970,7.0
09,04,1970,31.0
09,05,1970,9.0
09,06,1970,6.0
09,07,1970,2.0
09,08,1970,4.0
09,09,1970,10.0
09,10,1970,4.0
09,11,1970,20.0
09,12,1970,10.0
09,13,1970,4.0
09,14,1970,5.0
09,15,1970,0.0
09,16,1970,0.0
09,17,1970,0.0
09,18,1970,0.0
09,19,1970,0.0
09,20,1970,4.0
09,21,1970,11.0
09,22,1970,8.0
09,23,1970,13.0
09,24,1970,20.0
09,25,1970,20.0
09,26,1970,5.0
09,27,1970,34.0
09,28,1970,2.0
09,29,1970,0.0
09,30,1970,0.0
10,01,1970,6.0
10,02,1970,0.0
10,03,1970,0.0
10,04,1970,0.0
10,05,1970,0.0
10,06,1970,12.0
10,07,1970,0.0
10,08,1970,0.0
10,09,1970,0.0
10,10,1970,0.0
10,11,1970,0.0
10,12,1970,0.0
10,13,1970,0.0
10,14,1970,0.0
10,15,1970,0.0
10,16,1970,0.0
10,17,1970,0.0
10,18,1970,0.0
10,19,1970,0.0
10,20,1970,0.0
10,21,1970,1.0
10,22,1970,0.0
10,23,1970,0.0
10,24,1970,0.0
10,25,1970,0.0
10,26,1970,0.0
10,27,1970,7.0
10,28,1970,23.0
10,29,1970,0.0
10,30,1970,0.0
10,31,1970,0.0
11,01,1970,0.0
11,02,1970,3.4
11,03,1970,0.0
11,04,1970,0.0
11,05,1970,0.0
11,06,1970,0.0
11,07,1970,0.0
11,08,1970,0.0
11,09,1970,0.0
11,10,1970,0.0
11,11,1970,0.0
11,12,1970,0.0
11,13,1970,0.0
11,14,1970,0.0
11,15,1970,0.0
11,16,1970,0.0
11,17,1970,0.0
11,18,1970,0.0
11,19,1970,0.0
11,20,1970,0.0
11,21,1970,0.0
11,22,1970,0.0
11,23,1970,0.0
11,24,1970,0.0
11,25,1970,0.0
11,26,1970,0.0
11,27,1970,0.0
11,28,1970,0.0
11,29,1970,0.0
11,30,1970,0.0
12,01,1970,0.0
12,02,1970,0.0
12,03,1970,0.0
12,04,1970,0.0
12,05,1970,0.0
12,06,1970,0.0
12,07,1970,0.0
12,08,1970,0.0
12,09,1970,0.0
12,10,1970,0.0
12,11,1970,0.0
12,12,1970,0.0
12,13,1970,0.0
12,14,1970,0.0
12,15,1970,0.0
12,16,1970,0.0
12,17,1970,0.0
12,18,1970,0.0
12,19,1970,0.0
12,20,1970,0.0
12,21,1970,0.0
12,22,1970,0.0
12,23,1970,0.0
12,24,1970,0.0
12,25,1970,0.0
12,26,1970,0.0
12,27,1970,0.0
12,28,1970,0.0
12,29,1970,0.0
12,30,1970,0.0
12,31,1970,0.0
01,01,1971,0.0
01,02,1971,0.0
01,03,1971,0.0
01,04,1971,0.0
01,05,1971,0.0
01,06,1971,0.0
01,07,1971,0.0
01,08,1971,0.0
01,09,1971,0.0
01,10,1971,0.0
01,11,1971,0.0
01,12,1971,0.0
01,13,1971,0.0
01,14,1971,0.0
01,15,1971,0.0
01,16,1971,0.0
01,17,1971,0.0
01,18,1971,0.0
01,19,1971,0.0
01,20,1971,0.0
01,21,1971,0.0
01,22,1971,0.0
01,23,1971,0.0
01,24,1971,0.0
01,25,1971,0.0
01,26,1971,0.0
01,27,1971,0.0
01,28,1971,0.0
01,29,1971,0.0
01,30,1971,0.0
01,31,1971,0.0
02,01,1971,0.0
02,02,1971,0.0
02,03,1971,0.0
02,04,1971,0.0
02,05,1971,0.0
02,06,1971,0.0
02,07,1971,0.0
02,08,1971,0.0
02,09,1971,0.0
02,10,1971,0.0
02,11,1971,0.0
02,12,1971,0.0
02,13,1971,0.0
02,14,1971,0.0
02,15,1971,0.0
02,16,1971,0.0
02,17,1971,0.0
02,18,1971,0.0
02,19,1971,0.0
02,20,1971,0.0
02,21,1971,0.0
02,22,1971,0.0
02,23,1971,0.0
02,24,1971,0.0
02,25,1971,0.0
02,26,1971,0.0
02,27,1971,0.0
02,28,1971,0.0
03,01,1971,0.0
03,02,1971,0.0
03,03,1971,0.0
03,04,1971,0.0
03,05,1971,0.0
03,06,1971,0.0
03,07,1971,0.0
03,08,1971,0.0
03,09,1971,0.0
03,10,1971,0.0
03,11,1971,0.0
03,12,1971,0.0
03,13,1971,0.0
03,14,1971,0.0
03,15,1971,0.0
03,16,1971,0.0
03,17,1971,0.0
03,18,1971,0.0
03,19,1971,0.0
03,20,1971,0.0
03,21,1971,0.0
03,22,1971,0.0
03,23,1971,0.0
03,24,1971,0.0
03,25,1971,0.0
03,26,1971,0.0
03,27,1971,0.0
03,28,1971,0.0
03,29,1971,0.0
03,30,1971,0.0
03,31,1971,0.0
04,01,1971,0.0
04,02,1971,0.0
04,03,1971,0.0
04,04,1971,10.0
04,05,1971,22.0
04,06,1971,2.0
04,07,1971,0.0
04,08,1971,0.0
04,09,1971,0.0
04,10,1971,0.0
04,11,1971,0.0
04,12,1971,0.0
04,13,1971,0.0
04,14,1971,4.0
04,15,1971,0.0
04,16,1971,0.0
04,17,1971,0.0
04,18,1971,0.0
04,19,1971,0.0
04,20,1971,0.0
04,21,1971,0.0
04,22,1971,0.0
04,23,1971,0.0
04,24,1971,0.0
04,25,1971,0.0
04,26,1971,0.0
04,27,1971,0.0
04,28,1971,0.0
04,29,1971,0.0
04,30,1971,0.0
05,01,1971,0.0
05,02,1971,0.0
05,03,1971,0.0
05,04,1971,0.0
05,05,1971,0.0
05,06,1971,0.0
05,07,1971,0.0
05,08,1971,0.0
05,09,1971,0.0
05,10,1971,0.0
05,11,1971,0.0
05,12,1971,0.0
05,13,1971,0.0
05,14,1971,0.0
05,15,1971,0.0
05,16,1971,0.0
05,17,1971,0.0
05,18,1971,0.0
05,19,1971,0.0
05,20,1971,0.0
05,21,1971,0.0
05,22,1971,1.0
05,23,1971,0.0
05,24,1971,0.0
05,25,1971,0.0
05,26,1971,0.0
05,27,1971,0.0
05,28,1971,2.0
05,29,1971,0.0
05,30,1971,27.0
05,31,1971,7.0
06,01,1971,0.0
06,02,1971,0.0
06,03,1971,0.0
06,04,1971,0.0
06,05,1971,0.0
06,06,1971,4.0
06,07,1971,26.0
06,08,1971,14.0
06,09,1971,12.0
06,10,1971,11.0
06,11,1971,36.0
06,12,1971,3.0
06,13,1971,8.0
06,14,1971,0.0
06,15,1971,7.0
06,16,1971,41.0
06,17,1971,5.0
06,18,1971,15.0
06,19,1971,15.0
06,20,1971,17.0
06,21,1971,9.0
06,22,1971,2.0
06,23,1971,4.0
06,24,1971,5.0
06,25,1971,25.0
06,26,1971,0.0
06,27,1971,0.0
06,28,1971,2.0
06,29,1971,0.0
06,30,1971,15.0
07,01,1971,0.0
07,02,1971,0.0
07,03,1971,0.0
07,04,1971,0.0
07,05,1971,11.0
07,06,1971,7.0
07,07,1971,0.0
07,08,1971,0.0
07,09,1971,0.0
07,10,1971,0.0
07,11,1971,4.0
07,12,1971,5.0
07,13,1971,2.0
07,14,1971,6.0
07,15,1971,0.0
07,16,1971,0.0
07,17,1971,12.0
07,18,1971,10.0
07,19,1971,15.0
07,20,1971,1.0
07,21,1971,5.0
07,22,1971,16.0
07,23,1971,26.0
07,24,1971,5.0
07,25,1971,0.0
07,26,1971,8.0
07,27,1971,1.0
07,28,1971,0.0
07,29,1971,3.0
07,30,1971,3.0
07,31,1971,8.0
08,01,1971,12.0
08,02,1971,14.0
08,03,1971,9.0
08,04,1971,2.0
08,05,1971,5.0
08,06,1971,15.0
08,07,1971,0.0
08,08,1971,0.0
08,09,1971,6.0
08,10,1971,18.0
08,11,1971,0.0
08,12,1971,0.0
08,13,1971,2.0
08,14,1971,0.0
08,15,1971,0.0
08,16,1971,0.0
08,17,1971,0.0
08,18,1971,12.0
08,19,1971,0.0
08,20,1971,0.0
08,21,1971,8.0
08,22,1971,5.0
08,23,1971,0.0
08,24,1971,0.0
08,25,1971,9.0
08,26,1971,5.0
08,27,1971,8.0
08,28,1971,7.0
08,29,1971,9.0
08,30,1971,42.0
08,31,1971,6.0
09,01,1971,17.0
09,02,1971,8.0
09,03,1971,0.0
09,04,1971,12.0
09,05,1971,15.0
09,06,1971,4.0
09,07,1971,5.0
09,08,1971,12.0
09,09,1971,30.0
09,10,1971,12.0
09,11,1971,10.0
09,12,1971,19.0
09,13,1971,9.0
09,14,1971,3.0
09,15,1971,0.0
09,16,1971,5.0
09,17,1971,0.0
09,18,1971,0.0
09,19,1971,0.0
09,20,1971,0.0
09,21,1971,0.0
09,22,1971,8.0
09,23,1971,2.0
09,24,1971,14.0
09,25,1971,5.0
09,26,1971,9.0
09,27,1971,19.0
09,28,1971,75.0
09,29,1971,14.0
09,30,1971,26.0
10,01,1971,0.3
10,02,1971,0.9
10,03,1971,2.1
10,04,1971,2.4
10,05,1971,0.0
10,06,1971,0.3
10,07,1971,0.0
10,08,1971,0.0
10,09,1971,0.3
10,10,1971,0.0
10,11,1971,0.0
10,12,1971,0.0
10,13,1971,2.1
10,14,1971,0.3
10,15,1971,2.2
10,16,1971,0.0
10,17,1971,0.3
10,18,1971,0.0
10,19,1971,0.0
10,20,1971,1.3
10,21,1971,0.0
10,22,1971,0.6
10,23,1971,0.0
10,24,1971,0.0
10,25,1971,0.0
10,26,1971,0.0
10,27,1971,0.0
10,28,1971,0.0
10,29,1971,0.0
10,30,1971,0.0
10,31,1971,0.0
11,01,1971,0.0
11,02,1971,0.9
11,03,1971,0.0
11,04,1971,0.0
11,05,1971,0.0
11,06,1971,0.2
11,07,1971,0.0
11,08,1971,0.0
11,09,1971,0.0
11,10,1971,0.0
11,11,1971,0.0
11,12,1971,0.0
11,13,1971,0.0
11,14,1971,0.0
11,15,1971,0.0
11,16,1971,0.0
11,17,1971,0.0
11,18,1971,0.0
11,19,1971,0.0
11,20,1971,0.0
11,21,1971,0.0
11,22,1971,0.0
11,23,1971,0.0
11,24,1971,0.0
11,25,1971,0.0
11,26,1971,0.0
11,27,1971,0.0
11,28,1971,0.0
11,29,1971,0.0
11,30,1971,0.0
12,01,1971,0.0
12,02,1971,0.0
12,03,1971,0.0
12,04,1971,0.0
12,05,1971,0.0
12,06,1971,0.0
12,07,1971,0.0
12,08,1971,0.0
12,09,1971,0.0
12,10,1971,0.0
12,11,1971,0.0
12,12,1971,0.0
12,13,1971,0.0
12,14,1971,0.0
12,15,1971,0.0
12,16,1971,0.0
12,17,1971,0.0
12,18,1971,0.0
12,19,1971,0.0
12,20,1971,0.0
12,21,1971,0.0
12,22,1971,0.0
12,23,1971,0.0
12,24,1971,0.0
12,25,1971,0.0
12,26,1971,0.0
12,27,1971,0.0
12,28,1971,0.0
12,29,1971,0.0
12,30,1971,0.0
12,31,1971,0.0
01,01,1972,0.0
01,02,1972,0.0
01,03,1972,0.0
01,04,1972,0.0
01,05,1972,0.0
01,06,1972,0.0
01,07,1972,0.0
01,08,1972,0.0
01,09,1972,0.0
01,10,1972,0.0
01,11,1972,0.0
01,12,1972,0.0
01,13,1972,0.0
01,14,1972,0.0
01,15,1972,0.0
01,16,1972,0.0
01,17,1972,0.0
01,18,1972,0.0
01,19,1972,0.0
01,20,1972,0.0
01,21,1972,0.0
01,22,1972,0.0
01,23,1972,0.0
01,24,1972,0.0
01,25,1972,0.0
01,26,1972,0.0
01,27,1972,0.0
01,28,1972,0.0
01,29,1972,0.0
01,30,1972,0.0
01,31,1972,0.0
02,01,1972,0.0
02,02,1972,0.0
02,03,1972,0.0
02,04,1972,0.0
02,05,1972,0.0
02,06,1972,0.0
02,07,1972,0.0
02,08,1972,0.0
02,09,1972,0.0
02,10,1972,0.0
02,11,1972,0.0
02,12,1972,0.0
02,13,1972,0.0
02,14,1972,0.0
02,15,1972,0.0
02,16,1972,0.0
02,17,1972,0.0
02,18,1972,0.0
02,19,1972,0.0
02,20,1972,0.0
02,21,1972,0.0
02,22,1972,0.0
02,23,1972,0.0
02,24,1972,0.0
02,25,1972,0.0
02,26,1972,0.0
02,27,1972,0.0
02,28,1972,0.0
02,29,1972,0.0
03,01,1972,0.0
03,02,1972,0.0
03,03,1972,0.0
03,04,1972,0.0
03,05,1972,0.0
03,06,1972,0.0
03,07,1972,0.0
03,08,1972,0.0
03,09,1972,0.0
03,10,1972,0.0
03,11,1972,1.0
03,12,1972,0.0
03,13,1972,3.0
03,14,1972,0.0
03,15,1972,0.0
03,16,1972,0.0
03,17,1972,0.0
03,18,1972,0.0
03,19,1972,0.0
03,20,1972,11.0
03,21,1972,4.0
03,22,1972,0.0
03,23,1972,0.0
03,24,1972,0.0
03,25,1972,0.0
03,26,1972,3.0
03,27,1972,0.0
03,28,1972,0.0
03,29,1972,0.0
03,30,1972,0.0
03,31,1972,9.0
04,01,1972,0.0
04,02,1972,0.0
04,03,1972,0.0
04,04,1972,0.0
04,05,1972,0.0
04,06,1972,0.0
04,07,1972,0.0
04,08,1972,0.0
04,09,1972,0.0
04,10,1972,0.0
04,11,1972,0.0
04,12,1972,0.0
04,13,1972,0.0
04,14,1972,0.0
04,15,1972,6.0
04,16,1972,0.0
04,17,1972,10.0
04,18,1972,4.0
04,19,1972,2.0
04,20,1972,1.0
04,21,1972,15.0
04,22,1972,0.0
04,23,1972,0.0
04,24,1972,12.0
04,25,1972,28.0
04,26,1972,1.0
04,27,1972,35.0
04,28,1972,0.0
04,29,1972,0.0
04,30,1972,0.0
05,01,1972,0.0
05,02,1972,12.0
05,03,1972,8.0
05,04,1972,0.0
05,05,1972,1.0
05,06,1972,4.0
05,07,1972,0.0
05,08,1972,0.0
05,09,1972,3.0
05,10,1972,0.0
05,11,1972,13.0
05,12,1972,0.0
05,13,1972,24.0
05,14,1972,0.0
05,15,1972,0.0
05,16,1972,0.0
05,17,1972,0.0
05,18,1972,7.0
05,19,1972,0.0
05,20,1972,0.0
05,21,1972,0.0
05,22,1972,0.0
05,23,1972,0.0
05,24,1972,2.0
05,25,1972,8.0
05,26,1972,0.0
05,27,1972,0.0
05,28,1972,0.0
05,29,1972,0.0
05,30,1972,6.0
05,31,1972,20.0
06,01,1972,20.0
06,02,1972,18.0
06,03,1972,14.0
06,04,1972,16.0
06,05,1972,0.0
06,06,1972,20.0
06,07,1972,14.0
06,08,1972,18.0
06,09,1972,20.0
06,10,1972,17.0
06,11,1972,18.0
06,12,1972,16.0
06,13,1972,0.0
06,14,1972,11.0
06,15,1972,20.0
06,16,1972,11.0
06,17,1972,0.0
06,18,1972,17.0
06,19,1972,5.0
06,20,1972,11.0
06,21,1972,28.0
06,22,1972,3.0
06,23,1972,7.0
06,24,1972,5.0
06,25,1972,0.0
06,26,1972,6.0
06,27,1972,0.0
06,28,1972,0.0
06,29,1972,0.0
06,30,1972,0.0
07,01,1972,0.0
07,02,1972,0.0
07,03,1972,0.0
07,04,1972,0.0
07,05,1972,0.0
07,06,1972,2.0
07,07,1972,0.0
07,08,1972,0.0
07,09,1972,7.1
07,10,1972,0.0
07,11,1972,17.0
07,12,1972,21.0
07,13,1972,22.0
07,14,1972,1.0
07,15,1972,0.0
07,16,1972,3.0
07,17,1972,1.0
07,18,1972,3.0
07,19,1972,4.0
07,20,1972,44.0
07,21,1972,7.0
07,22,1972,3.0
07,23,1972,6.0
07,24,1972,14.0
07,25,1972,3.0
07,26,1972,25.0
07,27,1972,19.0
07,28,1972,7.0
07,29,1972,0.0
07,30,1972,15.0
07,31,1972,6.0
08,01,1972,9.0
08,02,1972,4.0
08,03,1972,3.0
08,04,1972,0.5
08,05,1972,0.0
08,06,1972,0.0
08,07,1972,18.0
08,08,1972,0.0
08,09,1972,0.0
08,10,1972,1.0
08,11,1972,2.5
08,12,1972,0.0
08,13,1972,4.5
08,14,1972,0.0
08,15,1972,0.0
08,16,1972,0.0
08,17,1972,2.0
08,18,1972,1.5
08,19,1972,4.0
08,20,1972,4.5
08,21,1972,0.0
08,22,1972,0.5
08,23,1972,10.5
08,24,1972,0.5
08,25,1972,26.0
08,26,1972,0.0
08,27,1972,9.5
08,28,1972,0.0
08,29,1972,0.0
08,30,1972,14.0
08,31,1972,4.5
09,01,1972,3.5
09,02,1972,0.0
09,03,1972,0.0
09,04,1972,0.0
09,05,1972,0.0
09,06,1972,20.5
09,07,1972,29.5
09,08,1972,10.0
09,09,1972,0.0
09,10,1972,0.0
09,11,1972,10.5
09,12,1972,1.5
09,13,1972,14.5
09,14,1972,20.0
09,15,1972,4.5
09,16,1972,17.0
09,17,1972,6.5
09,18,1972,12.0
09,19,1972,0.0
09,20,1972,5.5
09,21,1972,1.0
09,22,1972,2.0
09,23,1972,0.0
09,24,1972,16.0
09,25,1972,1.0
09,26,1972,0.0
09,27,1972,3.0
09,28,1972,9.0
09,29,1972,1.0
09,30,1972,2.0
10,01,1972,6.0
10,02,1972,6.0
10,03,1972,0.0
10,04,1972,1.0
10,05,1972,1.0
10,06,1972,1.0
10,07,1972,21.0
10,08,1972,0.0
10,09,1972,0.0
10,10,1972,0.0
10,11,1972,0.5
10,12,1972,0.5
10,13,1972,4.5
10,14,1972,0.0
10,15,1972,0.0
10,16,1972,13.5
10,17,1972,1.0
10,18,1972,0.0
10,19,1972,0.5
10,20,1972,0.0
10,21,1972,1.0
10,22,1972,0.0
10,23,1972,0.0
10,24,1972,0.0
10,25,1972,0.0
10,26,1972,0.0
10,27,1972,5.0
10,28,1972,0.0
10,29,1972,0.0
10,30,1972,0.0
10,31,1972,0.0
11,01,1972,0.0
11,02,1972,0.0
11,03,1972,0.0
11,04,1972,0.0
11,05,1972,5.5
11,06,1972,8.0
11,07,1972,0.0
11,08,1972,0.0
11,09,1972,0.0
11,10,1972,0.0
11,11,1972,0.0
11,12,1972,0.0
11,13,1972,13.5
11,14,1972,8.0
11,15,1972,10.0
11,16,1972,0.0
11,17,1972,0.0
11,18,1972,0.0
11,19,1972,20.0
11,20,1972,0.0
11,21,1972,0.0
11,22,1972,0.0
11,23,1972,0.0
11,24,1972,0.0
11,25,1972,0.0
11,26,1972,0.0
11,27,1972,0.0
11,28,1972,0.0
11,29,1972,0.0
11,30,1972,0.0
12,01,1972,0.0
12,02,1972,0.0
12,03,1972,0.0
12,04,1972,0.0
12,05,1972,0.0
12,06,1972,0.0
12,07,1972,0.0
12,08,1972,0.0
12,09,1972,0.0
12,10,1972,0.0
12,11,1972,0.0
12,12,1972,0.0
12,13,1972,0.0
12,14,1972,0.0
12,15,1972,0.0
12,16,1972,0.0
12,17,1972,0.0
12,18,1972,0.0
12,19,1972,0.0
12,20,1972,0.0
12,21,1972,0.0
12,22,1972,0.0
12,23,1972,0.0
12,24,1972,0.0
12,25,1972,0.0
12,26,1972,0.0
12,27,1972,0.0
12,28,1972,0.0
12,29,1972,0.0
12,30,1972,0.0
12,31,1972,0.0
01,01,1973,0.0
01,02,1973,0.0
01,03,1973,0.0
01,04,1973,0.0
01,05,1973,0.0
01,06,1973,0.0
01,07,1973,0.0
01,08,1973,0.0
01,09,1973,0.0
01,10,1973,0.0
01,11,1973,0.0
01,12,1973,0.0
01,13,1973,0.0
01,14,1973,0.0
01,15,1973,0.0
01,16,1973,0.0
01,17,1973,0.0
01,18,1973,0.0
01,19,1973,0.0
01,20,1973,0.0
01,21,1973,0.0
01,22,1973,0.0
01,23,1973,0.0
01,24,1973,0.0
01,25,1973,0.0
01,26,1973,0.0
01,27,1973,0.0
01,28,1973,0.0
01,29,1973,0.0
01,30,1973,0.0
01,31,1973,0.0
02,01,1973,0.0
02,02,1973,0.0
02,03,1973,0.0
02,04,1973,0.0
02,05,1973,0.0
02,06,1973,0.0
02,07,1973,0.0
02,08,1973,0.0
02,09,1973,0.0
02,10,1973,0.0
02,11,1973,0.0
02,12,1973,0.0
02,13,1973,0.0
02,14,1973,0.0
02,15,1973,0.0
02,16,1973,0.0
02,17,1973,0.0
02,18,1973,0.0
02,19,1973,0.0
02,20,1973,0.0
02,21,1973,0.0
02,22,1973,0.0
02,23,1973,0.0
02,24,1973,0.0
02,25,1973,0.0
02,26,1973,0.0
02,27,1973,6.0
02,28,1973,0.0
03,01,1973,0.0
03,02,1973,0.0
03,03,1973,0.0
03,04,1973,0.0
03,05,1973,0.0
03,06,1973,0.0
03,07,1973,0.0
03,08,1973,0.0
03,09,1973,0.0
03,10,1973,0.0
03,11,1973,0.0
03,12,1973,0.0
03,13,1973,0.0
03,14,1973,0.0
03,15,1973,0.0
03,16,1973,0.0
03,17,1973,0.0
03,18,1973,0.0
03,19,1973,0.0
03,20,1973,0.0
03,21,1973,0.0
03,22,1973,0.0
03,23,1973,0.0
03,24,1973,0.0
03,25,1973,0.0
03,26,1973,0.0
03,27,1973,0.0
03,28,1973,0.0
03,29,1973,0.0
03,30,1973,0.0
03,31,1973,0.0
04,01,1973,0.0
04,02,1973,0.0
04,03,1973,0.0
04,04,1973,0.0
04,05,1973,0.0
04,06,1973,3.8
04,07,1973,0.0
04,08,1973,0.0
04,09,1973,0.0
04,10,1973,0.0
04,11,1973,0.0
04,12,1973,0.0
04,13,1973,0.2
04,14,1973,11.0
04,15,1973,0.0
04,16,1973,0.4
04,17,1973,0.1
04,18,1973,0.1
04,19,1973,0.0
04,20,1973,0.0
04,21,1973,0.0
04,22,1973,0.0
04,23,1973,0.0
04,24,1973,0.0
04,25,1973,0.0
04,26,1973,0.0
04,27,1973,0.0
04,28,1973,0.1
04,29,1973,0.4
04,30,1973,0.1
05,01,1973,0.0
05,02,1973,0.0
05,03,1973,0.0
05,04,1973,0.0
05,05,1973,0.0
05,06,1973,0.0
05,07,1973,0.0
05,08,1973,0.0
05,09,1973,0.0
05,10,1973,1.0
05,11,1973,53.0
05,12,1973,0.0
05,13,1973,4.0
05,14,1973,0.0
05,15,1973,0.0
05,16,1973,2.0
05,17,1973,3.0
05,18,1973,0.0
05,19,1973,0.0
05,20,1973,5.0
05,21,1973,2.0
05,22,1973,1.0
05,23,1973,0.0
05,24,1973,0.0
05,25,1973,0.0
05,26,1973,0.0
05,27,1973,0.0
05,28,1973,7.0
05,29,1973,0.0
05,30,1973,0.0
05,31,1973,2.0
06,01,1973,0.0
06,02,1973,0.0
06,03,1973,0.1
06,04,1973,0.2
06,05,1973,0.0
06,06,1973,0.0
06,07,1973,0.1
06,08,1973,2.9
06,09,1973,0.0
06,10,1973,0.0
06,11,1973,4.3
06,12,1973,2.2
06,13,1973,0.7
06,14,1973,2.6
06,15,1973,0.0
06,16,1973,0.0
06,17,1973,0.3
06,18,1973,0.5
06,19,1973,0.0
06,20,1973,0.9
06,21,1973,5.3
06,22,1973,3.2
06,23,1973,0.3
06,24,1973,0.3
06,25,1973,0.4
06,26,1973,1.4
06,27,1973,2.0
06,28,1973,1.1
06,29,1973,0.4
06,30,1973,0.1
07,01,1973,7.0
07,02,1973,0.0
07,03,1973,12.0
07,04,1973,21.0
07,05,1973,16.0
07,06,1973,20.0
07,07,1973,7.0
07,08,1973,10.0
07,09,1973,0.0
07,10,1973,2.0
07,11,1973,0.0
07,12,1973,1.0
07,13,1973,0.0
07,14,1973,0.8
07,15,1973,0.0
07,16,1973,0.0
07,17,1973,0.0
07,18,1973,0.0
07,19,1973,1.0
07,20,1973,0.0
07,21,1973,0.0
07,22,1973,0.9
07,23,1973,10.0
07,24,1973,21.0
07,25,1973,11.0
07,26,1973,26.0
07,27,1973,11.0
07,28,1973,4.0
07,29,1973,0.7
07,30,1973,0.0
07,31,1973,49.0
08,01,1973,0.6
08,02,1973,0.0
08,03,1973,3.1
08,04,1973,0.0
08,05,1973,0.6
08,06,1973,0.8
08,07,1973,30.0
08,08,1973,0.9
08,09,1973,0.1
08,10,1973,22.0
08,11,1973,34.0
08,12,1973,0.0
08,13,1973,0.0
08,14,1973,0.5
08,15,1973,40.0
08,16,1973,45.0
08,17,1973,31.0
08,18,1973,0.0
08,19,1973,0.0
08,20,1973,0.0
08,21,1973,0.0
08,22,1973,1.0
08,23,1973,0.5
08,24,1973,0.0
08,25,1973,18.0
08,26,1973,28.0
08,27,1973,0.1
08,28,1973,0.1
08,29,1973,0.3
08,30,1973,0.2
08,31,1973,1.0
09,01,1973,6.0
09,02,1973,0.0
09,03,1973,2.0
09,04,1973,7.0
09,05,1973,6.0
09,06,1973,4.0
09,07,1973,7.0
09,08,1973,8.0
09,09,1973,0.0
09,10,1973,3.0
09,11,1973,0.0
09,12,1973,0.0
09,13,1973,0.0
09,14,1973,0.0
09,15,1973,0.0
09,16,1973,0.0
09,17,1973,0.0
09,18,1973,0.0
09,19,1973,0.0
09,20,1973,0.0
09,21,1973,0.0
09,22,1973,0.0
09,23,1973,8.0
09,24,1973,0.0
09,25,1973,13.0
09,26,1973,6.0
09,27,1973,0.0
09,28,1973,5.0
09,29,1973,0.0
09,30,1973,13.0
10,01,1973,0.0
10,02,1973,0.0
10,03,1973,0.0
10,04,1973,0.0
10,05,1973,0.0
10,06,1973,0.0
10,07,1973,2.0
10,08,1973,1.0
10,09,1973,17.0
10,10,1973,49.0
10,11,1973,3.5
10,12,1973,6.0
10,13,1973,2.0
10,14,1973,9.0
10,15,1973,0.0
10,16,1973,2.0
10,17,1973,0.0
10,18,1973,0.0
10,19,1973,3.0
10,20,1973,17.0
10,21,1973,0.0
10,22,1973,0.0
10,23,1973,0.0
10,24,1973,0.0
10,25,1973,9.0
10,26,1973,2.0
10,27,1973,0.0
10,28,1973,0.0
10,29,1973,0.0
10,30,1973,5.0
10,31,1973,0.0
11,01,1973,0.0
11,02,1973,0.0
11,03,1973,24.0
11,04,1973,0.0
11,05,1973,0.0
11,06,1973,0.0
11,07,1973,0.0
11,08,1973,0.0
11,09,1973,0.0
11,10,1973,0.0
11,11,1973,0.0
11,12,1973,0.0
11,13,1973,0.0
11,14,1973,3.0
11,15,1973,4.0
11,16,1973,0.0
11,17,1973,0.0
11,18,1973,0.0
11,19,1973,0.0
11,20,1973,0.0
11,21,1973,0.0
11,22,1973,0.0
11,23,1973,0.0
11,24,1973,0.0
11,25,1973,0.0
11,26,1973,0.0
11,27,1973,0.0
11,28,1973,0.0
11,29,1973,0.0
11,30,1973,0.0
12,01,1973,0.0
12,02,1973,0.0
12,03,1973,0.0
12,04,1973,0.0
12,05,1973,4.0
12,06,1973,1.0
12,07,1973,0.0
12,08,1973,0.0
12,09,1973,0.0
12,10,1973,0.0
12,11,1973,0.0
12,12,1973,0.0
12,13,1973,0.0
12,14,1973,0.0
12,15,1973,0.0
12,16,1973,0.0
12,17,1973,0.0
12,18,1973,0.0
12,19,1973,0.0
12,20,1973,0.0
12,21,1973,0.0
12,22,1973,0.0
12,23,1973,0.0
12,24,1973,0.0
12,25,1973,0.0
12,26,1973,0.0
12,27,1973,0.0
12,28,1973,0.0
12,29,1973,0.0
12,30,1973,11.0
12,31,1973,0.0
01,01,1974,0.0
01,02,1974,0.0
01,03,1974,0.0
01,04,1974,0.0
01,05,1974,0.0
01,06,1974,0.0
01,07,1974,0.0
01,08,1974,0.0
01,09,1974,0.0
01,10,1974,0.0
01,11,1974,0.0
01,12,1974,0.0
01,13,1974,0.0
01,14,1974,0.0
01,15,1974,0.0
01,16,1974,0.0
01,17,1974,0.0
01,18,1974,0.0
01,19,1974,0.0
01,20,1974,0.0
01,21,1974,0.0
01,22,1974,0.0
01,23,1974,0.0
01,24,1974,0.0
01,25,1974,0.0
01,26,1974,0.0
01,27,1974,0.0
01,28,1974,0.0
01,29,1974,0.0
01,30,1974,0.0
01,31,1974,0.0
02,01,1974,0.0
02,02,1974,0.0
02,03,1974,0.0
02,04,1974,0.0
02,05,1974,0.0
02,06,1974,0.0
02,07,1974,0.0
02,08,1974,0.0
02,09,1974,0.0
02,10,1974,0.0
02,11,1974,0.0
02,12,1974,0.0
02,13,1974,0.0
02,14,1974,0.0
02,15,1974,0.0
02,16,1974,0.0
02,17,1974,0.0
02,18,1974,0.0
02,19,1974,0.0
02,20,1974,0.0
02,21,1974,0.0
02,22,1974,0.0
02,23,1974,0.0
02,24,1974,0.0
02,25,1974,0.0
02,26,1974,0.0
02,27,1974,0.0
02,28,1974,0.0
03,01,1974,0.0
03,02,1974,0.0
03,03,1974,0.0
03,04,1974,0.0
03,05,1974,0.0
03,06,1974,0.0
03,07,1974,0.0
03,08,1974,0.0
03,09,1974,0.0
03,10,1974,0.0
03,11,1974,37.0
03,12,1974,4.0
03,13,1974,6.0
03,14,1974,5.0
03,15,1974,0.0
03,16,1974,13.0
03,17,1974,0.0
03,18,1974,0.0
03,19,1974,0.0
03,20,1974,0.0
03,21,1974,0.0
03,22,1974,0.0
03,23,1974,0.0
03,24,1974,0.0
03,25,1974,4.0
03,26,1974,0.0
03,27,1974,0.0
03,28,1974,3.0
03,29,1974,0.0
03,30,1974,0.0
03,31,1974,0.0
04,01,1974,0.0
04,02,1974,0.0
04,03,1974,0.0
04,04,1974,0.0
04,05,1974,0.0
04,06,1974,0.0
04,07,1974,0.0
04,08,1974,0.0
04,09,1974,0.0
04,10,1974,0.0
04,11,1974,3.7
04,12,1974,4.0
04,13,1974,6.0
04,14,1974,5.0
04,15,1974,7.0
04,16,1974,3.0
04,17,1974,0.0
04,18,1974,0.0
04,19,1974,0.0
04,20,1974,0.0
04,21,1974,0.0
04,22,1974,0.0
04,23,1974,0.0
04,24,1974,0.0
04,25,1974,4.0
04,26,1974,0.0
04,27,1974,0.0
04,28,1974,3.0
04,29,1974,0.0
04,30,1974,0.0
05,01,1974,0.0
05,02,1974,2.4
05,03,1974,0.6
05,04,1974,0.7
05,05,1974,0.0
05,06,1974,0.0
05,07,1974,0.0
05,08,1974,0.0
05,09,1974,0.0
05,10,1974,0.0
05,11,1974,0.0
05,12,1974,0.1
05,13,1974,2.0
05,14,1974,0.2
05,15,1974,1.7
05,16,1974,1.6
05,17,1974,0.0
05,18,1974,0.0
05,19,1974,0.0
05,20,1974,0.0
05,21,1974,0.0
05,22,1974,0.3
05,23,1974,0.0
05,24,1974,0.5
05,25,1974,0.4
05,26,1974,2.0
05,27,1974,1.1
05,28,1974,1.5
05,29,1974,1.4
05,30,1974,0.0
05,31,1974,0.0
06,01,1974,3.0
06,02,1974,0.0
06,03,1974,0.0
06,04,1974,0.0
06,05,1974,0.0
06,06,1974,5.0
06,07,1974,8.0
06,08,1974,0.0
06,09,1974,0.0
06,10,1974,1.5
06,11,1974,0.0
06,12,1974,0.0
06,13,1974,0.2
06,14,1974,1.5
06,15,1974,8.5
06,16,1974,10.4
06,17,1974,10.3
06,18,1974,1.8
06,19,1974,0.2
06,20,1974,1.1
06,21,1974,2.4
06,22,1974,1.9
06,23,1974,2.6
06,24,1974,4.2
06,25,1974,0.3
06,26,1974,0.5
06,27,1974,0.2
06,28,1974,0.3
06,29,1974,2.2
06,30,1974,1.2
07,01,1974,6.0
07,02,1974,14.0
07,03,1974,3.0
07,04,1974,11.0
07,05,1974,4.0
07,06,1974,8.0
07,07,1974,0.0
07,08,1974,7.0
07,09,1974,2.5
07,10,1974,15.0
07,11,1974,21.0
07,12,1974,6.0
07,13,1974,0.0
07,14,1974,4.0
07,15,1974,32.0
07,16,1974,0.0
07,17,1974,9.0
07,18,1974,0.0
07,19,1974,0.0
07,20,1974,0.0
07,21,1974,1.0
07,22,1974,2.0
07,23,1974,0.1
07,24,1974,0.0
07,25,1974,17.0
07,26,1974,1.0
07,27,1974,0.0
07,28,1974,18.0
07,29,1974,3.0
07,30,1974,0.0
07,31,1974,0.0
08,01,1974,0.0
08,02,1974,0.0
08,03,1974,0.0
08,04,1974,0.0
08,05,1974,0.0
08,06,1974,0.2
08,07,1974,0.1
08,08,1974,0.5
08,09,1974,0.0
08,10,1974,0.0
08,11,1974,0.4
08,12,1974,0.0
08,13,1974,0.0
08,14,1974,0.0
08,15,1974,0.0
08,16,1974,0.2
08,17,1974,0.0
08,18,1974,0.0
08,19,1974,0.0
08,20,1974,0.0
08,21,1974,0.0
08,22,1974,0.1
08,23,1974,0.0
08,24,1974,0.1
08,25,1974,3.1
08,26,1974,4.6
08,27,1974,1.3
08,28,1974,2.1
08,29,1974,2.0
08,30,1974,0.0
08,31,1974,0.3
09,01,1974,0.0
09,02,1974,0.0
09,03,1974,0.0
09,04,1974,1.7
09,05,1974,0.8
09,06,1974,1.0
09,07,1974,0.0
09,08,1974,0.0
09,09,1974,3.2
09,10,1974,1.3
09,11,1974,0.0
09,12,1974,0.8
09,13,1974,0.6
09,14,1974,0.0
09,15,1974,1.8
09,16,1974,1.0
09,17,1974,0.2
09,18,1974,0.0
09,19,1974,0.3
09,20,1974,3.1
09,21,1974,0.5
09,22,1974,2.6
09,23,1974,2.3
09,24,1974,0.8
09,25,1974,0.6
09,26,1974,2.0
09,27,1974,0.7
09,28,1974,0.0
09,29,1974,1.1
09,30,1974,2.0
10,01,1974,0.2
10,02,1974,0.0
10,03,1974,0.0
10,04,1974,0.0
10,05,1974,0.0
10,06,1974,0.0
10,07,1974,0.0
10,08,1974,0.0
10,09,1974,0.0
10,10,1974,0.0
10,11,1974,0.0
10,12,1974,0.0
10,13,1974,0.0
10,14,1974,0.4
10,15,1974,0.2
10,16,1974,0.0
10,17,1974,0.0
10,18,1974,0.0
10,19,1974,0.0
10,20,1974,0.0
10,21,1974,0.0
10,22,1974,0.0
10,23,1974,0.0
10,24,1974,0.0
10,25,1974,0.0
10,26,1974,0.0
10,27,1974,0.0
10,28,1974,0.0
10,29,1974,1.2
10,30,1974,0.0
10,31,1974,0.0
11,01,1974,0.0
11,02,1974,0.0
11,03,1974,0.0
11,04,1974,0.0
11,05,1974,0.0
11,06,1974,0.0
11,07,1974,0.0
11,08,1974,0.0
11,09,1974,0.0
11,10,1974,0.0
11,11,1974,0.0
11,12,1974,0.0
11,13,1974,0.0
11,14,1974,0.9
11,15,1974,0.0
11,16,1974,0.0
11,17,1974,0.0
11,18,1974,0.0
11,19,1974,0.0
11,20,1974,0.0
11,21,1974,0.0
11,22,1974,0.0
11,23,1974,0.0
11,24,1974,0.4
11,25,1974,0.0
11,26,1974,0.0
11,27,1974,0.0
11,28,1974,0.0
11,29,1974,0.0
11,30,1974,0.0
12,01,1974,0.0
12,02,1974,0.0
12,03,1974,0.0
12,04,1974,0.0
12,05,1974,0.0
12,06,1974,0.0
12,07,1974,0.0
12,08,1974,0.0
12,09,1974,0.0
12,10,1974,0.0
12,11,1974,0.0
12,12,1974,0.0
12,13,1974,0.0
12,14,1974,0.0
12,15,1974,0.0
12,16,1974,0.0
12,17,1974,0.0
12,18,1974,0.0
12,19,1974,0.0
12,20,1974,0.0
12,21,1974,0.0
12,22,1974,0.0
12,23,1974,0.0
12,24,1974,0.0
12,25,1974,0.0
12,26,1974,0.0
12,27,1974,0.0
12,28,1974,0.0
12,29,1974,0.0
12,30,1974,0.0
12,31,1974,0.0
01,01,1975,0.0
01,02,1975,0.0
01,03,1975,0.0
01,04,1975,0.0
01,05,1975,0.0
01,06,1975,0.0
01,07,1975,0.0
01,08,1975,0.0
01,09,1975,0.0
01,10,1975,0.0
01,11,1975,0.0
01,12,1975,0.0
01,13,1975,0.0
01,14,1975,0.0
01,15,1975,0.0
01,16,1975,0.0
01,17,1975,0.0
01,18,1975,0.0
01,19,1975,0.0
01,20,1975,0.0
01,21,1975,0.0
01,22,1975,0.0
01,23,1975,0.0
01,24,1975,0.0
01,25,1975,0.0
01,26,1975,0.0
01,27,1975,0.0
01,28,1975,0.0
01,29,1975,0.0
01,30,1975,0.0
01,31,1975,0.0
02,01,1975,0.0
02,02,1975,0.0
02,03,1975,0.0
02,04,1975,0.0
02,05,1975,0.0
02,06,1975,0.0
02,07,1975,0.0
02,08,1975,0.0
02,09,1975,0.0
02,10,1975,0.0
02,11,1975,0.0
02,12,1975,0.0
02,13,1975,0.0
02,14,1975,0.0
02,15,1975,0.0
02,16,1975,0.0
02,17,1975,0.0
02,18,1975,0.0
02,19,1975,0.0
02,20,1975,0.0
02,21,1975,0.0
02,22,1975,0.0
02,23,1975,0.0
02,24,1975,0.0
02,25,1975,0.0
02,26,1975,0.0
02,27,1975,0.0
02,28,1975,0.0
03,01,1975,0.0
03,02,1975,0.0
03,03,1975,0.0
03,04,1975,0.0
03,05,1975,0.0
03,06,1975,0.0
03,07,1975,0.0
03,08,1975,0.0
03,09,1975,0.0
03,10,1975,0.0
03,11,1975,0.0
03,12,1975,0.0
03,13,1975,0.0
03,14,1975,0.0
03,15,1975,0.0
03,16,1975,0.0
03,17,1975,0.0
03,18,1975,0.0
03,19,1975,0.0
03,20,1975,0.0
03,21,1975,0.0
03,22,1975,0.0
03,23,1975,0.0
03,24,1975,0.0
03,25,1975,0.0
03,26,1975,0.0
03,27,1975,0.0
03,28,1975,0.0
03,29,1975,0.0
03,30,1975,0.0
03,31,1975,0.0
04,01,1975,0.0
04,02,1975,0.0
04,03,1975,0.0
04,04,1975,0.0
04,05,1975,0.0
04,06,1975,0.0
04,07,1975,0.0
04,08,1975,0.0
04,09,1975,0.0
04,10,1975,0.0
04,11,1975,0.0
04,12,1975,0.0
04,13,1975,0.0
04,14,1975,0.0
04,15,1975,0.0
04,16,1975,0.0
04,17,1975,0.0
04,18,1975,0.0
04,19,1975,0.0
04,20,1975,0.0
04,21,1975,0.0
04,22,1975,0.0
04,23,1975,0.0
04,24,1975,0.0
04,25,1975,0.0
04,26,1975,0.0
04,27,1975,0.0
04,28,1975,0.0
04,29,1975,0.0
04,30,1975,0.0
05,01,1975,0.0
05,02,1975,0.0
05,03,1975,0.0
05,04,1975,0.0
05,05,1975,0.0
05,06,1975,0.0
05,07,1975,0.0
05,08,1975,0.0
05,09,1975,0.0
05,10,1975,0.0
05,11,1975,0.0
05,12,1975,0.0
05,13,1975,2.0
05,14,1975,0.0
05,15,1975,1.0
05,16,1975,7.0
05,17,1975,8.0
05,18,1975,12.0
05,19,1975,2.0
05,20,1975,0.0
05,21,1975,18.0
05,22,1975,21.0
05,23,1975,15.0
05,24,1975,20.0
05,25,1975,20.0
05,26,1975,17.0
05,27,1975,20.0
05,28,1975,0.0
05,29,1975,11.0
05,30,1975,7.0
05,31,1975,11.0
06,01,1975,9.0
06,02,1975,8.0
06,03,1975,12.0
06,04,1975,14.0
06,05,1975,0.0
06,06,1975,20.0
06,07,1975,6.0
06,08,1975,13.0
06,09,1975,7.0
06,10,1975,6.0
06,11,1975,20.0
06,12,1975,25.0
06,13,1975,2.0
06,14,1975,0.0
06,15,1975,6.0
06,16,1975,25.0
06,17,1975,0.0
06,18,1975,0.0
06,19,1975,0.0
06,20,1975,22.0
06,21,1975,0.0
06,22,1975,11.0
06,23,1975,0.0
06,24,1975,0.0
06,25,1975,22.0
06,26,1975,22.0
06,27,1975,8.0
06,28,1975,5.0
06,29,1975,3.0
06,30,1975,0.0
07,01,1975,0.0
07,02,1975,1.0
07,03,1975,0.0
07,04,1975,5.0
07,05,1975,5.0
07,06,1975,1.0
07,07,1975,23.0
07,08,1975,3.0
07,09,1975,0.0
07,10,1975,9.0
07,11,1975,20.0
07,12,1975,25.0
07,13,1975,18.0
07,14,1975,3.0
07,15,1975,21.0
07,16,1975,12.0
07,17,1975,1.0
07,18,1975,20.0
07,19,1975,0.0
07,20,1975,12.0
07,21,1975,1.0
07,22,1975,0.0
07,23,1975,0.0
07,24,1975,6.0
07,25,1975,9.0
07,26,1975,4.0
07,27,1975,5.0
07,28,1975,1.0
07,29,1975,6.0
07,30,1975,20.0
07,31,1975,6.0
08,01,1975,2.0
08,02,1975,11.0
08,03,1975,12.0
08,04,1975,19.0
08,05,1975,25.0
08,06,1975,16.0
08,07,1975,8.0
08,08,1975,0.0
08,09,1975,0.0
08,10,1975,0.0
08,11,1975,1.0
08,12,1975,14.0
08,13,1975,2.0
08,14,1975,6.0
08,15,1975,0.0
08,16,1975,0.0
08,17,1975,7.0
08,18,1975,6.0
08,19,1975,10.0
08,20,1975,7.0
08,21,1975,8.0
08,22,1975,4.0
08,23,1975,1.0
08,24,1975,3.0
08,25,1975,11.0
08,26,1975,2.0
08,27,1975,2.0
08,28,1975,0.0
08,29,1975,7.0
08,30,1975,2.0
08,31,1975,14.0
09,01,1975,1.0
09,02,1975,2.0
09,03,1975,28.0
09,04,1975,19.0
09,05,1975,27.0
09,06,1975,4.0
09,07,1975,8.0
09,08,1975,2.0
09,09,1975,19.0
09,10,1975,21.0
09,11,1975,16.0
09,12,1975,8.0
09,13,1975,19.0
09,14,1975,18.0
09,15,1975,14.0
09,16,1975,24.0
09,17,1975,2.0
09,18,1975,22.0
09,19,1975,1.0
09,20,1975,2.0
09,21,1975,6.0
09,22,1975,1.0
09,23,1975,0.0
09,24,1975,0.0
09,25,1975,0.0
09,26,1975,0.0
09,27,1975,0.0
09,28,1975,2.0
09,29,1975,0.0
09,30,1975,0.0
10,01,1975,0.0
10,02,1975,2.0
10,03,1975,3.0
10,04,1975,0.0
10,05,1975,1.6
10,06,1975,2.0
10,07,1975,1.0
10,08,1975,2.0
10,09,1975,0.0
10,10,1975,3.0
10,11,1975,12.0
10,12,1975,8.0
10,13,1975,2.0
10,14,1975,4.0
10,15,1975,11.0
10,16,1975,1.3
10,17,1975,1.0
10,18,1975,7.0
10,19,1975,0.0
10,20,1975,0.0
10,21,1975,0.0
10,22,1975,0.0
10,23,1975,0.0
10,24,1975,0.0
10,25,1975,0.0
10,26,1975,0.0
10,27,1975,0.0
10,28,1975,0.0
10,29,1975,0.0
10,30,1975,0.0
10,31,1975,0.0
11,01,1975,6.0
11,02,1975,0.0
11,03,1975,0.0
11,04,1975,0.0
11,05,1975,0.0
11,06,1975,0.0
11,07,1975,0.0
11,08,1975,0.0
11,09,1975,0.0
11,10,1975,0.0
11,11,1975,0.0
11,12,1975,0.0
11,13,1975,0.0
11,14,1975,0.0
11,15,1975,0.0
11,16,1975,0.0
11,17,1975,0.0
11,18,1975,0.0
11,19,1975,0.0
11,20,1975,0.0
11,21,1975,0.0
11,22,1975,0.0
11,23,1975,0.0
11,24,1975,0.0
11,25,1975,0.0
11,26,1975,0.0
11,27,1975,0.0
11,28,1975,0.0
11,29,1975,0.0
11,30,1975,0.0
12,01,1975,0.0
12,02,1975,0.0
12,03,1975,0.0
12,04,1975,0.0
12,05,1975,0.0
12,06,1975,0.0
12,07,1975,0.0
12,08,1975,0.0
12,09,1975,0.0
12,10,1975,0.0
12,11,1975,0.0
12,12,1975,0.0
12,13,1975,0.0
12,14,1975,0.0
12,15,1975,0.0
12,16,1975,0.0
12,17,1975,0.0
12,18,1975,0.0
12,19,1975,0.0
12,20,1975,0.0
12,21,1975,0.0
12,22,1975,0.0
12,23,1975,0.0
12,24,1975,0.0
12,25,1975,0.0
12,26,1975,0.0
12,27,1975,0.0
12,28,1975,0.0
12,29,1975,0.0
12,30,1975,0.0
12,31,1975,0.0
01,01,1976,0.0
01,02,1976,0.0
01,03,1976,0.0
01,04,1976,0.0
01,05,1976,0.0
01,06,1976,0.0
01,07,1976,0.0
01,08,1976,0.0
01,09,1976,0.0
01,10,1976,0.0
01,11,1976,0.0
01,12,1976,0.0
01,13,1976,0.0
01,14,1976,0.0
01,15,1976,0.0
01,16,1976,0.0
01,17,1976,0.0
01,18,1976,0.0
01,19,1976,0.0
01,20,1976,0.0
01,21,1976,0.0
01,22,1976,0.0
01,23,1976,0.0
01,24,1976,0.0
01,25,1976,0.0
01,26,1976,0.0
01,27,1976,0.0
01,28,1976,0.0
01,29,1976,0.0
01,30,1976,0.0
01,31,1976,0.0
02,01,1976,0.0
02,02,1976,0.0
02,03,1976,0.0
02,04,1976,0.0
02,05,1976,0.0
02,06,1976,0.0
02,07,1976,0.0
02,08,1976,0.0
02,09,1976,0.0
02,10,1976,0.0
02,11,1976,0.0
02,12,1976,0.0
02,13,1976,0.0
02,14,1976,0.0
02,15,1976,0.0
02,16,1976,0.0
02,17,1976,0.0
02,18,1976,0.0
02,19,1976,0.0
02,20,1976,0.0
02,21,1976,0.0
02,22,1976,0.0
02,23,1976,0.0
02,24,1976,0.0
02,25,1976,0.0
02,26,1976,0.0
02,27,1976,0.0
02,28,1976,0.0
02,29,1976,0.0
03,01,1976,0.0
03,02,1976,0.0
03,03,1976,0.0
03,04,1976,0.0
03,05,1976,0.0
03,06,1976,0.0
03,07,1976,0.0
03,08,1976,0.0
03,09,1976,0.0
03,10,1976,0.0
03,11,1976,0.0
03,12,1976,0.0
03,13,1976,0.0
03,14,1976,0.0
03,15,1976,0.0
03,16,1976,0.0
03,17,1976,0.0
03,18,1976,0.0
03,19,1976,0.0
03,20,1976,0.0
03,21,1976,0.0
03,22,1976,0.0
03,23,1976,0.0
03,24,1976,0.0
03,25,1976,0.0
03,26,1976,0.0
03,27,1976,0.0
03,28,1976,0.0
03,29,1976,0.0
03,30,1976,0.0
03,31,1976,0.0
04,01,1976,0.0
04,02,1976,0.0
04,03,1976,0.4
04,04,1976,0.0
04,05,1976,0.0
04,06,1976,0.0
04,07,1976,0.0
04,08,1976,0.0
04,09,1976,0.1
04,10,1976,0.0
04,11,1976,0.0
04,12,1976,0.0
04,13,1976,0.0
04,14,1976,0.0
04,15,1976,0.0
04,16,1976,0.0
04,17,1976,0.0
04,18,1976,0.0
04,19,1976,1.5
04,20,1976,0.2
04,21,1976,0.7
04,22,1976,0.4
04,23,1976,0.0
04,24,1976,0.0
04,25,1976,0.2
04,26,1976,0.0
04,27,1976,0.0
04,28,1976,0.5
04,29,1976,1.0
04,30,1976,0.0
05,01,1976,0.0
05,02,1976,1.3
05,03,1976,0.0
05,04,1976,0.0
05,05,1976,0.0
05,06,1976,0.0
05,07,1976,2.1
05,08,1976,0.0
05,09,1976,0.0
05,10,1976,0.0
05,11,1976,0.0
05,12,1976,0.0
05,13,1976,0.0
05,14,1976,0.0
05,15,1976,0.2
05,16,1976,1.6
05,17,1976,0.0
05,18,1976,2.4
05,19,1976,0.0
05,20,1976,0.0
05,21,1976,0.0
05,22,1976,0.0
05,23,1976,0.0
05,24,1976,0.2
05,25,1976,0.0
05,26,1976,0.0
05,27,1976,0.0
05,28,1976,0.5
05,29,1976,0.0
05,30,1976,0.5
05,31,1976,0.0
06,01,1976,null
06,02,1976,null
06,03,1976,null
06,04,1976,null
06,05,1976,null
06,06,1976,null
06,07,1976,null
06,08,1976,null
06,09,1976,null
06,10,1976,null
06,11,1976,null
06,12,1976,null
06,13,1976,null
06,14,1976,null
06,15,1976,null
06,16,1976,null
06,17,1976,null
06,18,1976,null
06,19,1976,null
06,20,1976,null
06,21,1976,null
06,22,1976,null
06,23,1976,null
06,24,1976,null
06,25,1976,null
06,26,1976,null
06,27,1976,null
06,28,1976,null
06,29,1976,null
06,30,1976,null
07,01,1976,0.0
07,02,1976,0.0
07,03,1976,0.0
07,04,1976,0.0
07,05,1976,0.0
07,06,1976,9.0
07,07,1976,22.0
07,08,1976,0.0
07,09,1976,0.0
07,10,1976,0.0
07,11,1976,0.0
07,12,1976,0.0
07,13,1976,11.0
07,14,1976,5.0
07,15,1976,13.0
07,16,1976,7.0
07,17,1976,0.0
07,18,1976,0.0
07,19,1976,0.0
07,20,1976,3.0
07,21,1976,2.0
07,22,1976,0.0
07,23,1976,0.0
07,24,1976,0.0
07,25,1976,0.0
07,26,1976,1.0
07,27,1976,0.0
07,28,1976,0.0
07,29,1976,0.0
07,30,1976,5.0
07,31,1976,0.0
08,01,1976,null
08,02,1976,null
08,03,1976,null
08,04,1976,null
08,05,1976,null
08,06,1976,null
08,07,1976,null
08,08,1976,null
08,09,1976,null
08,10,1976,null
08,11,1976,null
08,12,1976,null
08,13,1976,null
08,14,1976,null
08,15,1976,null
08,16,1976,null
08,17,1976,null
08,18,1976,null
08,19,1976,null
08,20,1976,null
08,21,1976,null
08,22,1976,null
08,23,1976,null
08,24,1976,null
08,25,1976,null
08,26,1976,null
08,27,1976,null
08,28,1976,null
08,29,1976,null
08,30,1976,null
08,31,1976,null
09,01,1976,null
09,02,1976,null
09,03,1976,null
09,04,1976,null
09,05,1976,null
09,06,1976,null
09,07,1976,null
09,08,1976,null
09,09,1976,null
09,10,1976,null
09,11,1976,null
09,12,1976,null
09,13,1976,null
09,14,1976,null
09,15,1976,null
09,16,1976,null
09,17,1976,null
09,18,1976,null
09,19,1976,null
09,20,1976,null
09,21,1976,null
09,22,1976,null
09,23,1976,null
09,24,1976,null
09,25,1976,null
09,26,1976,null
09,27,1976,null
09,28,1976,null
09,29,1976,null
09,30,1976,null
10,01,1976,null
10,02,1976,null
10,03,1976,null
10,04,1976,null
10,05,1976,null
10,06,1976,null
10,07,1976,null
10,08,1976,null
10,09,1976,null
10,10,1976,null
10,11,1976,null
10,12,1976,null
10,13,1976,null
10,14,1976,null
10,15,1976,null
10,16,1976,null
10,17,1976,null
10,18,1976,null
10,19,1976,null
10,20,1976,null
10,21,1976,null
10,22,1976,null
10,23,1976,null
10,24,1976,null
10,25,1976,null
10,26,1976,null
10,27,1976,null
10,28,1976,null
10,29,1976,null
10,30,1976,null
10,31,1976,null
11,01,1976,null
11,02,1976,null
11,03,1976,null
11,04,1976,null
11,05,1976,null
11,06,1976,null
11,07,1976,null
11,08,1976,null
11,09,1976,null
11,10,1976,null
11,11,1976,null
11,12,1976,null
11,13,1976,null
11,14,1976,null
11,15,1976,null
11,16,1976,null
11,17,1976,null
11,18,1976,null
11,19,1976,null
11,20,1976,null
11,21,1976,null
11,22,1976,null
11,23,1976,null
11,24,1976,null
11,25,1976,null
11,26,1976,null
11,27,1976,null
11,28,1976,null
11,29,1976,null
11,30,1976,null
12,01,1976,0.0
12,02,1976,0.0
12,03,1976,0.0
12,04,1976,0.0
12,05,1976,0.0
12,06,1976,0.0
12,07,1976,0.0
12,08,1976,0.0
12,09,1976,0.0
12,10,1976,0.0
12,11,1976,0.0
12,12,1976,0.0
12,13,1976,0.0
12,14,1976,0.0
12,15,1976,0.0
12,16,1976,0.0
12,17,1976,0.0
12,18,1976,0.0
12,19,1976,0.0
12,20,1976,0.0
12,21,1976,0.0
12,22,1976,0.0
12,23,1976,0.0
12,24,1976,0.0
12,25,1976,0.0
12,26,1976,0.0
12,27,1976,0.0
12,28,1976,0.0
12,29,1976,0.0
12,30,1976,0.0
12,31,1976,0.0
01,01,1977,0.0
01,02,1977,0.0
01,03,1977,0.0
01,04,1977,0.0
01,05,1977,0.0
01,06,1977,0.0
01,07,1977,0.0
01,08,1977,0.0
01,09,1977,0.0
01,10,1977,0.0
01,11,1977,0.0
01,12,1977,0.0
01,13,1977,0.0
01,14,1977,0.0
01,15,1977,0.0
01,16,1977,0.0
01,17,1977,0.0
01,18,1977,0.0
01,19,1977,0.0
01,20,1977,0.0
01,21,1977,0.0
01,22,1977,0.0
01,23,1977,0.0
01,24,1977,0.0
01,25,1977,0.0
01,26,1977,0.0
01,27,1977,0.0
01,28,1977,0.0
01,29,1977,0.0
01,30,1977,0.0
01,31,1977,0.0
02,01,1977,0.0
02,02,1977,0.0
02,03,1977,0.0
02,04,1977,0.0
02,05,1977,0.2
02,06,1977,0.0
02,07,1977,0.0
02,08,1977,0.0
02,09,1977,0.0
02,10,1977,0.0
02,11,1977,0.0
02,12,1977,0.0
02,13,1977,0.0
02,14,1977,0.0
02,15,1977,0.0
02,16,1977,0.0
02,17,1977,0.0
02,18,1977,0.0
02,19,1977,0.0
02,20,1977,0.0
02,21,1977,0.6
02,22,1977,0.0
02,23,1977,0.0
02,24,1977,0.0
02,25,1977,0.0
02,26,1977,0.0
02,27,1977,0.0
02,28,1977,0.0
03,01,1977,0.0
03,02,1977,0.0
03,03,1977,0.0
03,04,1977,0.0
03,05,1977,0.0
03,06,1977,0.0
03,07,1977,0.0
03,08,1977,0.0
03,09,1977,0.0
03,10,1977,0.0
03,11,1977,0.0
03,12,1977,0.0
03,13,1977,0.0
03,14,1977,0.0
03,15,1977,0.0
03,16,1977,0.0
03,17,1977,0.0
03,18,1977,0.0
03,19,1977,0.0
03,20,1977,0.0
03,21,1977,0.0
03,22,1977,0.0
03,23,1977,0.0
03,24,1977,0.0
03,25,1977,0.0
03,26,1977,0.0
03,27,1977,0.0
03,28,1977,0.0
03,29,1977,0.0
03,30,1977,0.0
03,31,1977,0.0
04,01,1977,0.0
04,02,1977,0.0
04,03,1977,0.0
04,04,1977,0.0
04,05,1977,0.0
04,06,1977,0.0
04,07,1977,0.0
04,08,1977,0.0
04,09,1977,0.0
04,10,1977,0.0
04,11,1977,0.0
04,12,1977,0.0
04,13,1977,0.0
04,14,1977,0.0
04,15,1977,0.0
04,16,1977,0.0
04,17,1977,0.0
04,18,1977,0.0
04,19,1977,0.0
04,20,1977,0.0
04,21,1977,0.0
04,22,1977,0.6
04,23,1977,0.0
04,24,1977,0.0
04,25,1977,0.0
04,26,1977,0.0
04,27,1977,0.0
04,28,1977,0.6
04,29,1977,0.6
04,30,1977,0.6
05,01,1977,0.8
05,02,1977,0.0
05,03,1977,0.0
05,04,1977,0.0
05,05,1977,0.0
05,06,1977,0.0
05,07,1977,0.0
05,08,1977,0.3
05,09,1977,2.1
05,10,1977,0.8
05,11,1977,0.0
05,12,1977,0.0
05,13,1977,0.8
05,14,1977,1.0
05,15,1977,1.9
05,16,1977,0.0
05,17,1977,0.0
05,18,1977,0.3
05,19,1977,0.0
05,20,1977,0.0
05,21,1977,1.5
05,22,1977,0.0
05,23,1977,0.1
05,24,1977,0.6
05,25,1977,0.7
05,26,1977,0.8
05,27,1977,0.0
05,28,1977,0.8
05,29,1977,2.0
05,30,1977,0.5
05,31,1977,0.0
06,01,1977,0.0
06,02,1977,0.0
06,03,1977,0.0
06,04,1977,0.0
06,05,1977,0.0
06,06,1977,18.0
06,07,1977,20.0
06,08,1977,21.0
06,09,1977,10.0
06,10,1977,0.0
06,11,1977,7.0
06,12,1977,20.0
06,13,1977,20.0
06,14,1977,12.0
06,15,1977,21.0
06,16,1977,0.0
06,17,1977,2.0
06,18,1977,19.0
06,19,1977,13.0
06,20,1977,9.0
06,21,1977,2.0
06,22,1977,13.0
06,23,1977,0.0
06,24,1977,0.0
06,25,1977,0.0
06,26,1977,0.0
06,27,1977,5.0
06,28,1977,0.0
06,29,1977,3.0
06,30,1977,0.0
07,01,1977,0.0
07,02,1977,0.0
07,03,1977,0.0
07,04,1977,0.0
07,05,1977,0.0
07,06,1977,0.0
07,07,1977,0.0
07,08,1977,0.0
07,09,1977,0.0
07,10,1977,0.0
07,11,1977,0.0
07,12,1977,0.0
07,13,1977,0.0
07,14,1977,5.0
07,15,1977,0.0
07,16,1977,0.0
07,17,1977,6.0
07,18,1977,0.0
07,19,1977,0.0
07,20,1977,0.0
07,21,1977,0.0
07,22,1977,0.0
07,23,1977,0.0
07,24,1977,0.0
07,25,1977,2.0
07,26,1977,10.0
07,27,1977,0.0
07,28,1977,0.0
07,29,1977,0.0
07,30,1977,8.0
07,31,1977,1.2
08,01,1977,20.0
08,02,1977,0.0
08,03,1977,0.0
08,04,1977,14.0
08,05,1977,0.0
08,06,1977,0.0
08,07,1977,0.0
08,08,1977,16.0
08,09,1977,9.0
08,10,1977,8.0
08,11,1977,0.0
08,12,1977,0.0
08,13,1977,0.0
08,14,1977,0.0
08,15,1977,0.0
08,16,1977,12.0
08,17,1977,3.0
08,18,1977,2.0
08,19,1977,2.0
08,20,1977,0.0
08,21,1977,21.0
08,22,1977,0.0
08,23,1977,15.0
08,24,1977,5.0
08,25,1977,8.0
08,26,1977,12.0
08,27,1977,0.0
08,28,1977,20.0
08,29,1977,21.0
08,30,1977,10.0
08,31,1977,0.0
09,01,1977,2.0
09,02,1977,0.0
09,03,1977,0.0
09,04,1977,1.4
09,05,1977,0.4
09,06,1977,0.0
09,07,1977,0.0
09,08,1977,0.0
09,09,1977,0.0
09,10,1977,0.6
09,11,1977,0.0
09,12,1977,0.8
09,13,1977,0.2
09,14,1977,2.1
09,15,1977,0.8
09,16,1977,0.0
09,17,1977,1.2
09,18,1977,0.9
09,19,1977,1.1
09,20,1977,1.2
09,21,1977,0.2
09,22,1977,0.6
09,23,1977,0.2
09,24,1977,0.8
09,25,1977,1.4
09,26,1977,0.0
09,27,1977,0.0
09,28,1977,0.8
09,29,1977,0.9
09,30,1977,0.0
10,01,1977,0.0
10,02,1977,0.0
10,03,1977,0.0
10,04,1977,0.0
10,05,1977,0.0
10,06,1977,2.1
10,07,1977,0.0
10,08,1977,0.0
10,09,1977,0.0
10,10,1977,0.7
10,11,1977,0.0
10,12,1977,0.0
10,13,1977,0.0
10,14,1977,0.0
10,15,1977,0.0
10,16,1977,0.0
10,17,1977,0.0
10,18,1977,0.0
10,19,1977,0.0
10,20,1977,0.6
10,21,1977,2.1
10,22,1977,0.5
10,23,1977,0.8
10,24,1977,0.0
10,25,1977,0.0
10,26,1977,0.0
10,27,1977,0.0
10,28,1977,0.0
10,29,1977,0.3
10,30,1977,0.0
10,31,1977,0.0
11,01,1977,0.0
11,02,1977,1.8
11,03,1977,0.2
11,04,1977,0.0
11,05,1977,0.0
11,06,1977,0.0
11,07,1977,0.0
11,08,1977,0.0
11,09,1977,0.8
11,10,1977,0.0
11,11,1977,0.0
11,12,1977,0.0
11,13,1977,0.0
11,14,1977,0.0
11,15,1977,0.0
11,16,1977,0.0
11,17,1977,0.0
11,18,1977,0.0
11,19,1977,0.0
11,20,1977,0.0
11,21,1977,0.0
11,22,1977,0.4
11,23,1977,0.0
11,24,1977,0.0
11,25,1977,0.0
11,26,1977,0.0
11,27,1977,0.0
11,28,1977,0.0
11,29,1977,0.0
11,30,1977,0.0
12,01,1977,0.0
12,02,1977,0.0
12,03,1977,0.0
12,04,1977,0.0
12,05,1977,0.0
12,06,1977,0.0
12,07,1977,0.0
12,08,1977,0.0
12,09,1977,0.0
12,10,1977,0.0
12,11,1977,0.0
12,12,1977,0.0
12,13,1977,0.0
12,14,1977,0.0
12,15,1977,1.7
12,16,1977,0.2
12,17,1977,0.0
12,18,1977,0.0
12,19,1977,0.0
12,20,1977,0.0
12,21,1977,0.0
12,22,1977,0.0
12,23,1977,0.0
12,24,1977,0.0
12,25,1977,0.0
12,26,1977,0.0
12,27,1977,0.0
12,28,1977,0.0
12,29,1977,0.0
12,30,1977,0.0
12,31,1977,0.0
01,01,1978,0.0
01,02,1978,0.0
01,03,1978,0.0
01,04,1978,0.0
01,05,1978,0.0
01,06,1978,0.0
01,07,1978,0.0
01,08,1978,0.0
01,09,1978,0.0
01,10,1978,0.0
01,11,1978,0.0
01,12,1978,0.0
01,13,1978,0.0
01,14,1978,0.0
01,15,1978,0.0
01,16,1978,0.0
01,17,1978,0.0
01,18,1978,0.0
01,19,1978,0.0
01,20,1978,0.0
01,21,1978,0.0
01,22,1978,0.0
01,23,1978,0.0
01,24,1978,0.0
01,25,1978,0.0
01,26,1978,0.0
01,27,1978,0.0
01,28,1978,0.0
01,29,1978,0.0
01,30,1978,0.0
01,31,1978,0.0
02,01,1978,0.0
02,02,1978,0.0
02,03,1978,0.0
02,04,1978,0.0
02,05,1978,0.0
02,06,1978,0.0
02,07,1978,0.0
02,08,1978,0.0
02,09,1978,0.0
02,10,1978,0.0
02,11,1978,0.0
02,12,1978,0.0
02,13,1978,0.0
02,14,1978,0.0
02,15,1978,0.0
02,16,1978,0.0
02,17,1978,0.0
02,18,1978,0.0
02,19,1978,0.0
02,20,1978,0.0
02,21,1978,0.0
02,22,1978,0.0
02,23,1978,0.0
02,24,1978,0.0
02,25,1978,0.0
02,26,1978,0.0
02,27,1978,0.0
02,28,1978,0.0
03,01,1978,0.0
03,02,1978,0.0
03,03,1978,0.0
03,04,1978,0.0
03,05,1978,0.0
03,06,1978,0.0
03,07,1978,0.0
03,08,1978,0.0
03,09,1978,0.0
03,10,1978,0.0
03,11,1978,0.0
03,12,1978,0.0
03,13,1978,0.0
03,14,1978,0.0
03,15,1978,0.0
03,16,1978,0.0
03,17,1978,0.0
03,18,1978,0.0
03,19,1978,0.0
03,20,1978,0.0
03,21,1978,0.0
03,22,1978,0.0
03,23,1978,0.0
03,24,1978,0.0
03,25,1978,0.0
03,26,1978,1.0
03,27,1978,0.4
03,28,1978,0.0
03,29,1978,0.0
03,30,1978,0.0
03,31,1978,0.0
04,01,1978,0.0
04,02,1978,0.0
04,03,1978,0.0
04,04,1978,0.0
04,05,1978,0.0
04,06,1978,0.0
04,07,1978,0.0
04,08,1978,0.0
04,09,1978,0.0
04,10,1978,0.0
04,11,1978,0.0
04,12,1978,0.0
04,13,1978,0.0
04,14,1978,0.0
04,15,1978,0.0
04,16,1978,0.0
04,17,1978,0.0
04,18,1978,0.0
04,19,1978,0.0
04,20,1978,23.0
04,21,1978,0.8
04,22,1978,0.2
04,23,1978,0.0
04,24,1978,0.0
04,25,1978,0.0
04,26,1978,0.0
04,27,1978,0.0
04,28,1978,0.0
04,29,1978,0.0
04,30,1978,0.0
05,01,1978,0.0
05,02,1978,0.0
05,03,1978,0.0
05,04,1978,0.0
05,05,1978,0.0
05,06,1978,0.0
05,07,1978,0.0
05,08,1978,0.0
05,09,1978,0.0
05,10,1978,0.0
05,11,1978,0.0
05,12,1978,0.0
05,13,1978,0.0
05,14,1978,0.0
05,15,1978,0.0
05,16,1978,0.0
05,17,1978,0.0
05,18,1978,0.0
05,19,1978,0.0
05,20,1978,0.0
05,21,1978,0.0
05,22,1978,0.8
05,23,1978,0.2
05,24,1978,1.3
05,25,1978,0.0
05,26,1978,0.0
05,27,1978,0.0
05,28,1978,0.0
05,29,1978,1.6
05,30,1978,2.2
05,31,1978,0.0
06,01,1978,1.5
06,02,1978,0.2
06,03,1978,0.0
06,04,1978,0.3
06,05,1978,0.0
06,06,1978,0.0
06,07,1978,0.0
06,08,1978,1.5
06,09,1978,0.9
06,10,1978,0.0
06,11,1978,0.0
06,12,1978,0.0
06,13,1978,0.0
06,14,1978,0.0
06,15,1978,0.0
06,16,1978,0.0
06,17,1978,3.1
06,18,1978,0.0
06,19,1978,0.4
06,20,1978,0.8
06,21,1978,2.0
06,22,1978,0.6
06,23,1978,0.0
06,24,1978,0.0
06,25,1978,0.0
06,26,1978,1.8
06,27,1978,0.0
06,28,1978,0.0
06,29,1978,0.0
06,30,1978,0.0
07,01,1978,0.5
07,02,1978,0.0
07,03,1978,2.1
07,04,1978,0.5
07,05,1978,0.0
07,06,1978,0.0
07,07,1978,0.0
07,08,1978,0.0
07,09,1978,0.8
07,10,1978,0.5
07,11,1978,0.0
07,12,1978,0.3
07,13,1978,0.5
07,14,1978,0.0
07,15,1978,0.0
07,16,1978,0.7
07,17,1978,0.0
07,18,1978,0.6
07,19,1978,0.0
07,20,1978,0.0
07,21,1978,0.0
07,22,1978,1.5
07,23,1978,0.0
07,24,1978,0.0
07,25,1978,0.0
07,26,1978,0.0
07,27,1978,0.0
07,28,1978,0.0
07,29,1978,0.0
07,30,1978,0.0
07,31,1978,0.0
08,01,1978,0.0
08,02,1978,0.0
08,03,1978,0.0
08,04,1978,0.0
08,05,1978,0.0
08,06,1978,0.0
08,07,1978,15.0
08,08,1978,21.0
08,09,1978,9.0
08,10,1978,2.0
08,11,1978,0.0
08,12,1978,8.0
08,13,1978,0.0
08,14,1978,0.0
08,15,1978,0.0
08,16,1978,0.0
08,17,1978,0.0
08,18,1978,0.0
08,19,1978,0.0
08,20,1978,19.0
08,21,1978,9.0
08,22,1978,0.0
08,23,1978,0.0
08,24,1978,0.0
08,25,1978,0.0
08,26,1978,0.0
08,27,1978,0.0
08,28,1978,16.0
08,29,1978,7.0
08,30,1978,20.0
08,31,1978,0.0
09,01,1978,0.0
09,02,1978,22.0
09,03,1978,20.0
09,04,1978,20.0
09,05,1978,20.0
09,06,1978,22.0
09,07,1978,0.0
09,08,1978,0.0
09,09,1978,0.0
09,10,1978,0.0
09,11,1978,0.0
09,12,1978,0.0
09,13,1978,0.0
09,14,1978,0.0
09,15,1978,0.0
09,16,1978,0.0
09,17,1978,11.0
09,18,1978,13.0
09,19,1978,7.0
09,20,1978,5.0
09,21,1978,7.0
09,22,1978,20.0
09,23,1978,19.0
09,24,1978,0.0
09,25,1978,18.0
09,26,1978,6.0
09,27,1978,17.0
09,28,1978,0.0
09,29,1978,15.0
09,30,1978,0.0
10,01,1978,0.0
10,02,1978,0.0
10,03,1978,0.2
10,04,1978,0.0
10,05,1978,0.5
10,06,1978,1.0
10,07,1978,0.0
10,08,1978,0.8
10,09,1978,0.4
10,10,1978,0.2
10,11,1978,1.4
10,12,1978,0.0
10,13,1978,1.0
10,14,1978,0.7
10,15,1978,0.0
10,16,1978,0.0
10,17,1978,0.0
10,18,1978,0.0
10,19,1978,0.0
10,20,1978,0.0
10,21,1978,0.0
10,22,1978,0.0
10,23,1978,0.0
10,24,1978,0.0
10,25,1978,0.0
10,26,1978,0.0
10,27,1978,0.0
10,28,1978,0.0
10,29,1978,0.0
10,30,1978,0.0
10,31,1978,0.0
11,01,1978,0.0
11,02,1978,0.0
11,03,1978,2.0
11,04,1978,0.0
11,05,1978,0.0
11,06,1978,0.0
11,07,1978,0.0
11,08,1978,0.0
11,09,1978,0.0
11,10,1978,0.0
11,11,1978,0.0
11,12,1978,0.0
11,13,1978,0.0
11,14,1978,0.0
11,15,1978,0.0
11,16,1978,0.0
11,17,1978,0.0
11,18,1978,0.0
11,19,1978,0.0
11,20,1978,0.0
11,21,1978,0.0
11,22,1978,0.0
11,23,1978,0.0
11,24,1978,0.0
11,25,1978,0.0
11,26,1978,20.0
11,27,1978,0.0
11,28,1978,0.0
11,29,1978,0.0
11,30,1978,0.0
