Id:,20260
Estación:,SARABIA II-OAX
Posición:,17.0666666667N -95.0169444444W
Variable:,Evaporación (mm)
Fecha Inicial:,06/01/1975
Fecha Final:,08/01/1989
No Dato:,nan
Mes,Día,Anio,Datos
06,01,1975,0.2
06,02,1975,0.3
06,03,1975,4.3
06,04,1975,8.8
06,05,1975,11.3
06,06,1975,7.4
06,07,1975,10.6
06,08,1975,8.4
06,09,1975,11.0
06,10,1975,10.4
06,11,1975,10.3
06,12,1975,3.4
06,13,1975,1.2
06,14,1975,4.6
06,15,1975,6.7
06,16,1975,6.8
06,17,1975,5.7
06,18,1975,7.1
06,19,1975,7.8
06,20,1975,3.5
06,21,1975,6.3
06,22,1975,3.8
06,23,1975,3.7
06,24,1975,3.7
06,25,1975,0.8
06,26,1975,5.1
06,27,1975,5.5
06,28,1975,1.0
06,29,1975,5.4
06,30,1975,2.4
07,01,1975,4.3
07,02,1975,3.0
07,03,1975,3.1
07,04,1975,1.6
07,05,1975,1.8
07,06,1975,3.4
07,07,1975,3.6
07,08,1975,1.8
07,09,1975,2.7
07,10,1975,1.0
07,11,1975,2.9
07,12,1975,6.9
07,13,1975,8.4
07,14,1975,7.1
07,15,1975,6.9
07,16,1975,3.8
07,17,1975,2.8
07,18,1975,4.9
07,19,1975,2.2
07,20,1975,5.2
07,21,1975,2.8
07,22,1975,3.7
07,23,1975,3.6
07,24,1975,5.6
07,25,1975,3.6
07,26,1975,2.3
07,27,1975,3.4
07,28,1975,2.7
07,29,1975,5.3
07,30,1975,4.3
07,31,1975,4.5
08,01,1975,4.3
08,02,1975,6.1
08,03,1975,3.8
08,04,1975,4.3
08,05,1975,1.3
08,06,1975,5.3
08,07,1975,2.4
08,08,1975,2.8
08,09,1975,5.3
08,10,1975,2.1
08,11,1975,2.9
08,12,1975,5.2
08,13,1975,4.1
08,14,1975,4.1
08,15,1975,5.1
08,16,1975,3.6
08,17,1975,2.6
08,18,1975,2.5
08,19,1975,1.6
08,20,1975,2.4
08,21,1975,1.7
08,22,1975,3.8
08,23,1975,1.7
08,24,1975,4.8
08,25,1975,4.6
08,26,1975,4.8
08,27,1975,2.8
08,28,1975,2.6
08,29,1975,5.5
08,30,1975,4.9
08,31,1975,5.7
09,01,1975,4.9
09,02,1975,5.1
09,03,1975,3.1
09,04,1975,1.4
09,05,1975,6.0
09,06,1975,2.0
09,07,1975,2.8
09,08,1975,3.0
09,09,1975,2.7
09,10,1975,2.5
09,11,1975,5.2
09,12,1975,2.7
09,13,1975,2.9
09,14,1975,1.5
09,15,1975,1.5
09,16,1975,3.1
09,17,1975,2.2
09,18,1975,4.2
09,19,1975,3.7
09,20,1975,2.9
09,21,1975,4.4
09,22,1975,2.6
09,23,1975,1.5
09,24,1975,2.7
09,25,1975,2.6
09,26,1975,1.5
09,27,1975,2.6
09,28,1975,5.3
09,29,1975,2.1
09,30,1975,4.5
10,01,1975,2.6
10,02,1975,0.7
10,03,1975,0.3
10,04,1975,1.8
10,05,1975,0.8
10,06,1975,4.2
10,07,1975,0.5
10,08,1975,1.6
10,09,1975,1.5
10,10,1975,0.4
10,11,1975,1.9
10,12,1975,3.1
10,13,1975,1.8
10,14,1975,4.8
10,15,1975,3.9
10,16,1975,2.2
10,17,1975,2.9
10,18,1975,1.9
10,19,1975,1.0
10,20,1975,2.6
10,21,1975,3.0
10,22,1975,5.2
10,23,1975,5.1
10,24,1975,4.7
10,25,1975,2.8
10,26,1975,3.4
10,27,1975,3.6
10,28,1975,1.6
10,29,1975,4.0
10,30,1975,2.9
10,31,1975,1.6
11,01,1975,1.1
11,02,1975,4.0
11,03,1975,1.3
11,04,1975,1.8
11,05,1975,1.6
11,06,1975,4.5
11,07,1975,1.2
11,08,1975,3.6
11,09,1975,3.5
11,10,1975,4.6
11,11,1975,1.7
11,12,1975,0.4
11,13,1975,2.6
11,14,1975,1.7
11,15,1975,2.6
11,16,1975,2.5
11,17,1975,1.0
11,18,1975,2.6
11,19,1975,2.6
11,20,1975,3.8
11,21,1975,1.3
11,22,1975,2.1
11,23,1975,1.0
11,24,1975,0.2
11,25,1975,2.4
11,26,1975,0.4
11,27,1975,2.8
11,28,1975,1.8
11,29,1975,2.0
11,30,1975,5.8
12,01,1975,2.6
12,02,1975,0.6
12,03,1975,3.0
12,04,1975,2.4
12,05,1975,2.5
12,06,1975,0.8
12,07,1975,0.9
12,08,1975,0.8
12,09,1975,2.8
12,10,1975,1.1
12,11,1975,1.9
12,12,1975,3.7
12,13,1975,2.8
12,14,1975,1.4
12,15,1975,0.1
12,16,1975,1.2
12,17,1975,0.9
12,18,1975,3.6
12,19,1975,1.0
12,20,1975,0.5
12,21,1975,0.8
12,22,1975,2.1
12,23,1975,2.0
12,24,1975,2.9
12,25,1975,1.7
12,26,1975,0.7
12,27,1975,0.7
12,28,1975,2.8
12,29,1975,4.2
12,30,1975,1.6
12,31,1975,2.0
01,01,1976,3.94
01,02,1976,4.11
01,03,1976,1.75
01,04,1976,0.11
01,05,1976,2.71
01,06,1976,1.16
01,07,1976,2.06
01,08,1976,0.05
01,09,1976,0.91
01,10,1976,3.28
01,11,1976,0.53
01,12,1976,1.06
01,13,1976,2.31
01,14,1976,2.34
01,15,1976,1.92
01,16,1976,0.65
01,17,1976,0.98
01,18,1976,2.3
01,19,1976,1.23
01,20,1976,1.51
01,21,1976,2.81
01,22,1976,0.65
01,23,1976,1.18
01,24,1976,3.17
01,25,1976,5.1
01,26,1976,3.77
01,27,1976,1.0
01,28,1976,2.45
01,29,1976,0.69
01,30,1976,1.32
01,31,1976,0.47
02,01,1976,1.65
02,02,1976,1.85
02,03,1976,3.02
02,04,1976,2.49
02,05,1976,2.64
02,06,1976,1.1
02,07,1976,2.2
02,08,1976,0.8
02,09,1976,2.55
02,10,1976,2.47
02,11,1976,5.45
02,12,1976,1.77
02,13,1976,3.75
02,14,1976,3.09
02,15,1976,2.39
02,16,1976,2.8
02,17,1976,4.95
02,18,1976,5.15
02,19,1976,3.35
02,20,1976,6.6
02,21,1976,7.61
02,22,1976,7.95
02,23,1976,2.31
02,24,1976,3.34
02,25,1976,1.55
02,26,1976,0.77
02,27,1976,1.87
02,28,1976,3.19
02,29,1976,4.5
03,01,1976,4.83
03,02,1976,2.63
03,03,1976,4.87
03,04,1976,7.0
03,05,1976,8.26
03,06,1976,3.15
03,07,1976,4.24
03,08,1976,7.9
03,09,1976,3.02
03,10,1976,2.9
03,11,1976,4.29
03,12,1976,5.85
03,13,1976,6.35
03,14,1976,4.39
03,15,1976,4.12
03,16,1976,4.69
03,17,1976,0.51
03,18,1976,3.45
03,19,1976,6.15
03,20,1976,6.66
03,21,1976,5.39
03,22,1976,5.41
03,23,1976,4.9
03,24,1976,5.74
03,25,1976,3.66
03,26,1976,5.74
03,27,1976,9.25
03,28,1976,6.34
03,29,1976,11.06
03,30,1976,11.13
03,31,1976,1.23
04,01,1976,4.6
04,02,1976,3.4
04,03,1976,4.0
04,04,1976,5.1
04,05,1976,5.8
04,06,1976,5.2
04,07,1976,6.9
04,08,1976,2.5
04,09,1976,5.9
04,10,1976,6.2
04,11,1976,3.0
04,12,1976,5.4
04,13,1976,5.2
04,14,1976,6.3
04,15,1976,6.5
04,16,1976,8.4
04,17,1976,8.7
04,18,1976,8.7
04,19,1976,3.3
04,20,1976,6.7
04,21,1976,6.4
04,22,1976,5.8
04,23,1976,5.8
04,24,1976,7.6
04,25,1976,4.2
04,26,1976,6.3
04,27,1976,5.9
04,28,1976,6.8
04,29,1976,4.7
04,30,1976,2.6
05,01,1976,4.6
05,02,1976,0.3
05,03,1976,5.3
05,04,1976,4.9
05,05,1976,5.2
05,06,1976,8.6
05,07,1976,9.4
05,08,1976,4.1
05,09,1976,3.9
05,10,1976,2.3
05,11,1976,5.0
05,12,1976,5.7
05,13,1976,7.7
05,14,1976,3.9
05,15,1976,5.4
05,16,1976,7.6
05,17,1976,4.8
05,18,1976,4.3
05,19,1976,4.7
05,20,1976,5.2
05,21,1976,4.5
05,22,1976,6.1
05,23,1976,9.4
05,24,1976,6.2
05,25,1976,9.2
05,26,1976,8.8
05,27,1976,6.0
05,28,1976,7.1
05,29,1976,6.7
05,30,1976,6.0
05,31,1976,2.6
06,01,1976,7.9
06,02,1976,5.1
06,03,1976,5.0
06,04,1976,0.7
06,05,1976,4.6
06,06,1976,3.5
06,07,1976,5.0
06,08,1976,5.0
06,09,1976,6.1
06,10,1976,3.7
06,11,1976,6.8
06,12,1976,5.1
06,13,1976,3.1
06,14,1976,6.7
06,15,1976,5.8
06,16,1976,6.0
06,17,1976,5.7
06,18,1976,5.5
06,19,1976,2.8
06,20,1976,2.3
06,21,1976,4.0
06,22,1976,3.6
06,23,1976,3.7
06,24,1976,6.4
06,25,1976,2.7
06,26,1976,3.1
06,27,1976,3.0
06,28,1976,2.3
06,29,1976,0.6
06,30,1976,0.5
07,01,1976,2.8
07,02,1976,3.3
07,03,1976,1.7
07,04,1976,3.1
07,05,1976,5.3
07,06,1976,5.7
07,07,1976,2.6
07,08,1976,3.9
07,09,1976,5.3
07,10,1976,3.3
07,11,1976,4.0
07,12,1976,3.8
07,13,1976,6.3
07,14,1976,3.4
07,15,1976,5.5
07,16,1976,2.7
07,17,1976,3.3
07,18,1976,5.2
07,19,1976,4.5
07,20,1976,2.2
07,21,1976,3.3
07,22,1976,5.2
07,23,1976,1.2
07,24,1976,4.0
07,25,1976,1.8
07,26,1976,8.7
07,27,1976,2.9
07,28,1976,4.4
07,29,1976,4.1
07,30,1976,4.8
07,31,1976,3.8
08,01,1976,4.1
08,02,1976,6.3
08,03,1976,0.9
08,04,1976,4.4
08,05,1976,4.8
08,06,1976,1.9
08,07,1976,1.8
08,08,1976,2.2
08,09,1976,3.6
08,10,1976,3.7
08,11,1976,3.1
08,12,1976,3.6
08,13,1976,5.1
08,14,1976,3.8
08,15,1976,3.2
08,16,1976,2.4
08,17,1976,4.3
08,18,1976,0.2
08,19,1976,3.4
08,20,1976,5.1
08,21,1976,4.0
08,22,1976,2.8
08,23,1976,3.0
08,24,1976,2.3
08,25,1976,3.4
08,26,1976,4.1
08,27,1976,1.3
08,28,1976,3.2
08,29,1976,3.6
08,30,1976,2.1
08,31,1976,1.9
09,01,1976,6.0
09,02,1976,2.4
09,03,1976,2.1
09,04,1976,2.1
09,05,1976,3.5
09,06,1976,1.5
09,07,1976,4.7
09,08,1976,4.1
09,09,1976,4.3
09,10,1976,1.8
09,11,1976,3.6
09,12,1976,1.8
09,13,1976,3.1
09,14,1976,0.6
09,15,1976,3.5
09,16,1976,2.5
09,17,1976,1.7
09,18,1976,3.7
09,19,1976,4.0
09,20,1976,4.5
09,21,1976,5.0
09,22,1976,3.1
09,23,1976,1.6
09,24,1976,1.4
09,25,1976,4.1
09,26,1976,4.9
09,27,1976,7.1
09,28,1976,7.4
09,29,1976,2.6
09,30,1976,6.0
10,01,1976,2.1
10,02,1976,2.4
10,03,1976,6.1
10,04,1976,3.4
10,05,1976,6.7
10,06,1976,1.9
10,07,1976,3.7
10,08,1976,2.3
10,09,1976,2.4
10,10,1976,1.7
10,11,1976,1.3
10,12,1976,2.0
10,13,1976,4.0
10,14,1976,4.4
10,15,1976,3.1
10,16,1976,2.4
10,17,1976,1.1
10,18,1976,2.2
10,19,1976,1.8
10,20,1976,3.5
10,21,1976,1.4
10,22,1976,2.9
10,23,1976,3.1
10,24,1976,3.5
10,25,1976,2.4
10,26,1976,3.3
10,27,1976,3.0
10,28,1976,5.1
10,29,1976,1.8
10,30,1976,2.9
10,31,1976,0.1
11,01,1976,2.1
11,02,1976,1.3
11,03,1976,0.3
11,04,1976,1.7
11,05,1976,1.6
11,06,1976,1.2
11,07,1976,2.0
11,08,1976,1.8
11,09,1976,1.1
11,10,1976,3.0
11,11,1976,3.5
11,12,1976,1.5
11,13,1976,1.9
11,14,1976,0.3
11,15,1976,2.2
11,16,1976,3.2
11,17,1976,0.2
11,18,1976,0.9
11,19,1976,0.6
11,20,1976,2.1
11,21,1976,1.7
11,22,1976,2.6
11,23,1976,0.2
11,24,1976,1.2
11,25,1976,1.8
11,26,1976,3.4
11,27,1976,1.6
11,28,1976,5.5
11,29,1976,1.8
11,30,1976,2.4
12,01,1976,1.0
12,02,1976,1.1
12,03,1976,2.0
12,04,1976,1.5
12,05,1976,1.4
12,06,1976,3.2
12,07,1976,1.5
12,08,1976,0.2
12,09,1976,0.6
12,10,1976,1.9
12,11,1976,1.1
12,12,1976,0.7
12,13,1976,0.1
12,14,1976,1.0
12,15,1976,0.1
12,16,1976,0.1
12,17,1976,1.3
12,18,1976,1.0
12,19,1976,1.4
12,20,1976,3.4
12,21,1976,1.6
12,22,1976,0.5
12,23,1976,0.9
12,24,1976,0.7
12,25,1976,1.6
12,26,1976,1.0
12,27,1976,1.2
12,28,1976,5.4
12,29,1976,2.0
12,30,1976,4.0
12,31,1976,2.0
01,01,1977,2.4
01,02,1977,0.9
01,03,1977,null
01,04,1977,2.2
01,05,1977,3.2
01,06,1977,1.6
01,07,1977,2.5
01,08,1977,1.4
01,09,1977,6.1
01,10,1977,1.0
01,11,1977,1.4
01,12,1977,1.7
01,13,1977,1.2
01,14,1977,2.2
01,15,1977,3.1
01,16,1977,2.1
01,17,1977,2.3
01,18,1977,1.5
01,19,1977,2.2
01,20,1977,0.7
01,21,1977,1.4
01,22,1977,1.6
01,23,1977,1.1
01,24,1977,1.6
01,25,1977,3.3
01,26,1977,3.1
01,27,1977,5.1
01,28,1977,5.1
01,29,1977,2.0
01,30,1977,2.8
01,31,1977,0.6
02,01,1977,1.0
02,02,1977,0.5
02,03,1977,3.6
02,04,1977,0.4
02,05,1977,2.7
02,06,1977,0.6
02,07,1977,1.0
02,08,1977,2.1
02,09,1977,0.5
02,10,1977,1.8
02,11,1977,1.0
02,12,1977,2.7
02,13,1977,2.4
02,14,1977,2.3
02,15,1977,0.3
02,16,1977,1.1
02,17,1977,1.1
02,18,1977,3.4
02,19,1977,1.5
02,20,1977,3.5
02,21,1977,2.4
02,22,1977,6.8
02,23,1977,7.4
02,24,1977,4.2
02,25,1977,4.6
02,26,1977,4.8
02,27,1977,6.6
02,28,1977,1.7
03,01,1977,2.9
03,02,1977,4.1
03,03,1977,7.7
03,04,1977,2.1
03,05,1977,3.6
03,06,1977,2.6
03,07,1977,1.4
03,08,1977,1.9
03,09,1977,2.1
03,10,1977,6.3
03,11,1977,8.6
03,12,1977,5.3
03,13,1977,4.0
03,14,1977,5.4
03,15,1977,4.2
03,16,1977,5.1
03,17,1977,4.2
03,18,1977,8.3
03,19,1977,6.7
03,20,1977,3.1
03,21,1977,8.1
03,22,1977,1.3
03,23,1977,2.0
03,24,1977,3.3
03,25,1977,5.5
03,26,1977,6.6
03,27,1977,10.4
03,28,1977,10.0
03,29,1977,11.3
03,30,1977,8.8
03,31,1977,6.0
04,01,1977,7.5
04,02,1977,10.0
04,03,1977,12.1
04,04,1977,12.8
04,05,1977,6.0
04,06,1977,2.6
04,07,1977,1.5
04,08,1977,0.6
04,09,1977,2.4
04,10,1977,1.5
04,11,1977,3.1
04,12,1977,2.5
04,13,1977,3.7
04,14,1977,1.7
04,15,1977,3.6
04,16,1977,4.2
04,17,1977,4.6
04,18,1977,4.4
04,19,1977,3.7
04,20,1977,2.9
04,21,1977,5.3
04,22,1977,2.6
04,23,1977,1.5
04,24,1977,11.0
04,25,1977,5.6
04,26,1977,6.1
04,27,1977,3.8
04,28,1977,4.0
04,29,1977,4.2
04,30,1977,4.2
05,01,1977,5.0
05,02,1977,6.1
05,03,1977,5.0
05,04,1977,4.9
05,05,1977,7.7
05,06,1977,8.7
05,07,1977,6.5
05,08,1977,5.3
05,09,1977,4.9
05,10,1977,7.7
05,11,1977,6.2
05,12,1977,2.9
05,13,1977,2.3
05,14,1977,5.1
05,15,1977,4.9
05,16,1977,4.6
05,17,1977,6.7
05,18,1977,4.9
05,19,1977,5.6
05,20,1977,5.0
05,21,1977,6.0
05,22,1977,5.6
05,23,1977,5.7
05,24,1977,5.6
05,25,1977,2.7
05,26,1977,6.2
05,27,1977,6.8
05,28,1977,5.6
05,29,1977,5.3
05,30,1977,5.0
05,31,1977,3.2
06,01,1977,5.5
06,02,1977,5.2
06,03,1977,5.8
06,04,1977,4.6
06,05,1977,4.4
06,06,1977,2.9
06,07,1977,2.9
06,08,1977,1.4
06,09,1977,3.8
06,10,1977,2.9
06,11,1977,4.9
06,12,1977,9.0
06,13,1977,7.6
06,14,1977,2.8
06,15,1977,2.9
06,16,1977,5.2
06,17,1977,2.3
06,18,1977,2.8
06,19,1977,3.5
06,20,1977,4.4
06,21,1977,5.0
06,22,1977,3.5
06,23,1977,4.5
06,24,1977,5.2
06,25,1977,6.9
06,26,1977,4.6
06,27,1977,2.9
06,28,1977,4.2
06,29,1977,4.2
06,30,1977,3.9
07,01,1977,5.1
07,02,1977,4.9
07,03,1977,2.5
07,04,1977,2.3
07,05,1977,2.6
07,06,1977,10.5
07,07,1977,2.1
07,08,1977,3.8
07,09,1977,3.3
07,10,1977,2.2
07,11,1977,1.0
07,12,1977,2.8
07,13,1977,2.2
07,14,1977,1.8
07,15,1977,2.3
07,16,1977,3.1
07,17,1977,4.1
07,18,1977,3.8
07,19,1977,4.2
07,20,1977,5.7
07,21,1977,2.8
07,22,1977,3.0
07,23,1977,11.7
07,24,1977,1.4
07,25,1977,3.8
07,26,1977,3.8
07,27,1977,4.1
07,28,1977,3.1
07,29,1977,3.8
07,30,1977,4.5
07,31,1977,3.9
08,01,1977,4.4
08,02,1977,1.4
08,03,1977,3.8
08,04,1977,3.4
08,05,1977,2.2
08,06,1977,3.3
08,07,1977,3.5
08,08,1977,2.7
08,09,1977,2.6
08,10,1977,1.8
08,11,1977,2.3
08,12,1977,2.6
08,13,1977,3.0
08,14,1977,4.6
08,15,1977,3.6
08,16,1977,3.9
08,17,1977,4.0
08,18,1977,1.7
08,19,1977,2.7
08,20,1977,3.0
08,21,1977,5.5
08,22,1977,3.8
08,23,1977,5.1
08,24,1977,2.5
08,25,1977,4.0
08,26,1977,4.3
08,27,1977,5.6
08,28,1977,4.3
08,29,1977,4.5
08,30,1977,3.9
08,31,1977,3.6
09,01,1977,4.7
09,02,1977,6.0
09,03,1977,3.8
09,04,1977,3.0
09,05,1977,2.7
09,06,1977,5.1
09,07,1977,2.4
09,08,1977,2.6
09,09,1977,2.1
09,10,1977,4.4
09,11,1977,3.6
09,12,1977,3.9
09,13,1977,4.7
09,14,1977,2.4
09,15,1977,4.1
09,16,1977,3.1
09,17,1977,3.5
09,18,1977,2.7
09,19,1977,3.6
09,20,1977,0.8
09,21,1977,3.1
09,22,1977,2.8
09,23,1977,3.4
09,24,1977,3.3
09,25,1977,4.4
09,26,1977,4.8
09,27,1977,5.9
09,28,1977,1.2
09,29,1977,4.0
09,30,1977,4.5
10,01,1977,4.5
10,02,1977,4.4
10,03,1977,4.4
10,04,1977,2.3
10,05,1977,3.0
10,06,1977,1.7
10,07,1977,3.6
10,08,1977,3.4
10,09,1977,5.4
10,10,1977,1.3
10,11,1977,4.4
10,12,1977,1.2
10,13,1977,0.7
10,14,1977,1.7
10,15,1977,2.1
10,16,1977,1.6
10,17,1977,3.4
10,18,1977,2.9
10,19,1977,2.6
10,20,1977,2.8
10,21,1977,3.3
10,22,1977,3.3
10,23,1977,3.2
10,24,1977,2.7
10,25,1977,1.1
10,26,1977,1.2
10,27,1977,2.3
10,28,1977,2.8
10,29,1977,2.5
10,30,1977,3.3
10,31,1977,2.6
11,01,1977,4.4
11,02,1977,2.7
11,03,1977,2.3
11,04,1977,2.3
11,05,1977,1.5
11,06,1977,3.9
11,07,1977,4.5
11,08,1977,5.9
11,09,1977,3.5
11,10,1977,1.3
11,11,1977,0.5
11,12,1977,1.6
11,13,1977,2.9
11,14,1977,2.7
11,15,1977,2.3
11,16,1977,4.1
11,17,1977,3.1
11,18,1977,3.0
11,19,1977,2.3
11,20,1977,1.1
11,21,1977,4.3
11,22,1977,1.4
11,23,1977,1.4
11,24,1977,1.2
11,25,1977,3.1
11,26,1977,4.1
11,27,1977,1.8
11,28,1977,3.3
11,29,1977,2.5
11,30,1977,3.6
12,01,1977,2.2
12,02,1977,2.0
12,03,1977,1.4
12,04,1977,3.4
12,05,1977,3.7
12,06,1977,4.1
12,07,1977,0.5
12,08,1977,1.3
12,09,1977,1.7
12,10,1977,1.7
12,11,1977,0.9
12,12,1977,1.7
12,13,1977,1.9
12,14,1977,2.1
12,15,1977,0.6
12,16,1977,1.4
12,17,1977,4.1
12,18,1977,1.8
12,19,1977,3.0
12,20,1977,2.5
12,21,1977,1.3
12,22,1977,0.6
12,23,1977,3.2
12,24,1977,2.8
12,25,1977,1.9
12,26,1977,2.4
12,27,1977,1.5
12,28,1977,1.8
12,29,1977,2.2
12,30,1977,2.4
12,31,1977,1.6
01,01,1978,2.5
01,02,1978,1.9
01,03,1978,2.0
01,04,1978,1.2
01,05,1978,2.2
01,06,1978,1.3
01,07,1978,4.6
01,08,1978,2.5
01,09,1978,1.9
01,10,1978,2.8
01,11,1978,2.8
01,12,1978,4.5
01,13,1978,0.8
01,14,1978,0.7
01,15,1978,3.1
01,16,1978,5.0
01,17,1978,4.4
01,18,1978,7.5
01,19,1978,1.3
01,20,1978,1.0
01,21,1978,2.1
01,22,1978,1.2
01,23,1978,2.6
01,24,1978,3.4
01,25,1978,5.3
01,26,1978,0.9
01,27,1978,1.1
01,28,1978,0.4
01,29,1978,0.8
01,30,1978,1.8
01,31,1978,0.5
02,01,1978,3.3
02,02,1978,1.8
02,03,1978,2.3
02,04,1978,1.4
02,05,1978,0.4
02,06,1978,1.3
02,07,1978,4.7
02,08,1978,0.3
02,09,1978,3.7
02,10,1978,3.1
02,11,1978,5.3
02,12,1978,7.9
02,13,1978,4.8
02,14,1978,2.2
02,15,1978,4.9
02,16,1978,1.5
02,17,1978,3.5
02,18,1978,0.3
02,19,1978,1.1
02,20,1978,1.8
02,21,1978,0.6
02,22,1978,0.5
02,23,1978,2.2
02,24,1978,3.9
02,25,1978,3.3
02,26,1978,3.2
02,27,1978,5.7
02,28,1978,5.0
03,01,1978,7.3
03,02,1978,9.4
03,03,1978,6.5
03,04,1978,3.2
03,05,1978,0.7
03,06,1978,6.5
03,07,1978,10.3
03,08,1978,4.2
03,09,1978,1.8
03,10,1978,4.2
03,11,1978,8.7
03,12,1978,7.6
03,13,1978,12.1
03,14,1978,6.6
03,15,1978,5.2
03,16,1978,4.6
03,17,1978,1.8
03,18,1978,1.1
03,19,1978,1.8
03,20,1978,3.5
03,21,1978,4.0
03,22,1978,4.3
03,23,1978,7.9
03,24,1978,8.2
03,25,1978,3.7
03,26,1978,3.0
03,27,1978,0.7
03,28,1978,4.6
03,29,1978,6.1
03,30,1978,2.5
03,31,1978,5.0
04,01,1978,4.5
04,02,1978,5.2
04,03,1978,4.7
04,04,1978,3.4
04,05,1978,5.6
04,06,1978,5.2
04,07,1978,5.4
04,08,1978,6.0
04,09,1978,8.7
04,10,1978,11.7
04,11,1978,7.9
04,12,1978,4.3
04,13,1978,1.5
04,14,1978,3.4
04,15,1978,4.3
04,16,1978,4.3
04,17,1978,9.7
04,18,1978,11.3
04,19,1978,9.6
04,20,1978,5.9
04,21,1978,3.9
04,22,1978,9.8
04,23,1978,7.8
04,24,1978,5.5
04,25,1978,6.2
04,26,1978,4.0
04,27,1978,6.2
04,28,1978,3.0
04,29,1978,9.6
04,30,1978,12.9
05,01,1978,13.2
05,02,1978,13.0
05,03,1978,11.3
05,04,1978,9.6
05,05,1978,12.5
05,06,1978,15.1
05,07,1978,14.0
05,08,1978,11.6
05,09,1978,9.8
05,10,1978,5.2
05,11,1978,6.0
05,12,1978,5.4
05,13,1978,7.9
05,14,1978,7.6
05,15,1978,5.7
05,16,1978,8.4
05,17,1978,10.0
05,18,1978,11.6
05,19,1978,5.7
05,20,1978,3.7
05,21,1978,5.2
05,22,1978,4.3
05,23,1978,3.7
05,24,1978,6.1
05,25,1978,6.8
05,26,1978,4.3
05,27,1978,4.2
05,28,1978,7.4
05,29,1978,3.3
05,30,1978,0.6
05,31,1978,7.6
06,01,1978,3.5
06,02,1978,5.2
06,03,1978,6.6
06,04,1978,5.0
06,05,1978,4.4
06,06,1978,8.6
06,07,1978,6.8
06,08,1978,3.1
06,09,1978,3.0
06,10,1978,2.8
06,11,1978,4.8
06,12,1978,3.5
06,13,1978,2.7
06,14,1978,2.5
06,15,1978,1.6
06,16,1978,1.9
06,17,1978,2.3
06,18,1978,2.0
06,19,1978,2.2
06,20,1978,2.4
06,21,1978,4.6
06,22,1978,2.3
06,23,1978,3.2
06,24,1978,5.7
06,25,1978,4.6
06,26,1978,5.0
06,27,1978,3.9
06,28,1978,1.0
06,29,1978,1.7
06,30,1978,2.6
07,01,1978,3.0
07,02,1978,3.7
07,03,1978,4.1
07,04,1978,2.6
07,05,1978,3.9
07,06,1978,4.2
07,07,1978,4.2
07,08,1978,2.7
07,09,1978,2.1
07,10,1978,1.3
07,11,1978,2.4
07,12,1978,4.1
07,13,1978,4.9
07,14,1978,2.9
07,15,1978,3.8
07,16,1978,3.9
07,17,1978,5.8
07,18,1978,3.7
07,19,1978,3.2
07,20,1978,2.7
07,21,1978,2.8
07,22,1978,4.2
07,23,1978,3.6
07,24,1978,3.3
07,25,1978,4.2
07,26,1978,5.1
07,27,1978,4.7
07,28,1978,4.8
07,29,1978,4.3
07,30,1978,4.4
07,31,1978,5.2
08,01,1978,4.9
08,02,1978,5.6
08,03,1978,5.1
08,04,1978,3.2
08,05,1978,3.7
08,06,1978,3.0
08,07,1978,3.0
08,08,1978,5.1
08,09,1978,1.5
08,10,1978,3.0
08,11,1978,2.9
08,12,1978,3.3
08,13,1978,4.4
08,14,1978,1.3
08,15,1978,3.2
08,16,1978,3.4
08,17,1978,4.5
08,18,1978,5.8
08,19,1978,3.8
08,20,1978,3.3
08,21,1978,2.3
08,22,1978,2.2
08,23,1978,1.8
08,24,1978,1.6
08,25,1978,3.1
08,26,1978,5.0
08,27,1978,2.6
08,28,1978,6.4
08,29,1978,5.0
08,30,1978,4.2
08,31,1978,4.4
09,01,1978,2.5
09,02,1978,2.9
09,03,1978,2.3
09,04,1978,2.1
09,05,1978,1.8
09,06,1978,1.5
09,07,1978,4.2
09,08,1978,4.2
09,09,1978,3.5
09,10,1978,6.3
09,11,1978,7.3
09,12,1978,7.1
09,13,1978,7.7
09,14,1978,6.4
09,15,1978,4.7
09,16,1978,2.9
09,17,1978,4.9
09,18,1978,5.1
09,19,1978,3.7
09,20,1978,1.5
09,21,1978,2.8
09,22,1978,2.0
09,23,1978,1.4
09,24,1978,3.9
09,25,1978,2.0
09,26,1978,2.0
09,27,1978,6.1
09,28,1978,2.1
09,29,1978,2.7
09,30,1978,1.2
10,01,1978,2.5
10,02,1978,1.8
10,03,1978,2.4
10,04,1978,4.2
10,05,1978,3.3
10,06,1978,1.3
10,07,1978,3.5
10,08,1978,0.6
10,09,1978,0.8
10,10,1978,0.6
10,11,1978,3.2
10,12,1978,1.0
10,13,1978,3.2
10,14,1978,1.6
10,15,1978,1.2
10,16,1978,2.1
10,17,1978,0.5
10,18,1978,1.8
10,19,1978,0.5
10,20,1978,3.1
10,21,1978,3.7
10,22,1978,4.1
10,23,1978,2.4
10,24,1978,3.5
10,25,1978,4.0
10,26,1978,3.5
10,27,1978,4.5
10,28,1978,1.5
10,29,1978,1.0
10,30,1978,0.3
10,31,1978,1.8
11,01,1978,0.5
11,02,1978,0.3
11,03,1978,0.5
11,04,1978,2.9
11,05,1978,4.4
11,06,1978,1.3
11,07,1978,3.2
11,08,1978,3.3
11,09,1978,1.8
11,10,1978,4.1
11,11,1978,3.3
11,12,1978,3.0
11,13,1978,1.8
11,14,1978,2.6
11,15,1978,4.0
11,16,1978,3.2
11,17,1978,0.6
11,18,1978,3.6
11,19,1978,0.3
11,20,1978,2.8
11,21,1978,1.8
11,22,1978,0.3
11,23,1978,1.4
11,24,1978,0.6
11,25,1978,2.2
11,26,1978,4.4
11,27,1978,4.6
11,28,1978,2.6
11,29,1978,0.2
11,30,1978,1.0
12,01,1978,4.0
12,02,1978,1.1
12,03,1978,5.2
12,04,1978,5.0
12,05,1978,2.6
12,06,1978,5.7
12,07,1978,4.4
12,08,1978,4.6
12,09,1978,1.4
12,10,1978,2.0
12,11,1978,0.8
12,12,1978,2.2
12,13,1978,0.5
12,14,1978,2.0
12,15,1978,1.5
12,16,1978,1.9
12,17,1978,1.0
12,18,1978,0.5
12,19,1978,2.8
12,20,1978,4.2
12,21,1978,2.6
12,22,1978,1.8
12,23,1978,3.9
12,24,1978,4.7
12,25,1978,2.8
12,26,1978,2.3
12,27,1978,2.1
12,28,1978,1.1
12,29,1978,4.4
12,30,1978,1.0
12,31,1978,2.4
01,01,1979,2.5
01,02,1979,2.4
01,03,1979,0.2
01,04,1979,0.6
01,05,1979,0.6
01,06,1979,1.4
01,07,1979,6.6
01,08,1979,1.4
01,09,1979,1.5
01,10,1979,0.7
01,11,1979,0.7
01,12,1979,2.1
01,13,1979,5.9
01,14,1979,0.6
01,15,1979,1.8
01,16,1979,1.0
01,17,1979,2.9
01,18,1979,1.0
01,19,1979,1.2
01,20,1979,6.5
01,21,1979,1.9
01,22,1979,1.1
01,23,1979,5.1
01,24,1979,0.8
01,25,1979,2.0
01,26,1979,6.5
01,27,1979,5.7
01,28,1979,2.9
01,29,1979,2.5
01,30,1979,4.3
01,31,1979,2.0
02,01,1979,0.4
02,02,1979,1.8
02,03,1979,2.7
02,04,1979,1.8
02,05,1979,2.3
02,06,1979,7.6
02,07,1979,3.2
02,08,1979,0.7
02,09,1979,0.8
02,10,1979,2.1
02,11,1979,0.6
02,12,1979,1.2
02,13,1979,2.5
02,14,1979,3.8
02,15,1979,5.3
02,16,1979,2.7
02,17,1979,4.4
02,18,1979,1.3
02,19,1979,0.4
02,20,1979,1.2
02,21,1979,1.0
02,22,1979,3.4
02,23,1979,5.2
02,24,1979,6.5
02,25,1979,1.4
02,26,1979,2.8
02,27,1979,5.0
02,28,1979,7.0
03,01,1979,3.5
03,02,1979,7.9
03,03,1979,8.3
03,04,1979,2.8
03,05,1979,2.0
03,06,1979,2.2
03,07,1979,2.2
03,08,1979,2.9
03,09,1979,4.2
03,10,1979,2.6
03,11,1979,2.1
03,12,1979,1.7
03,13,1979,2.9
03,14,1979,4.3
03,15,1979,1.8
03,16,1979,3.4
03,17,1979,3.0
03,18,1979,5.4
03,19,1979,7.5
03,20,1979,7.9
03,21,1979,8.2
03,22,1979,11.4
03,23,1979,8.0
03,24,1979,4.3
03,25,1979,0.9
03,26,1979,4.0
03,27,1979,3.4
03,28,1979,3.3
03,29,1979,2.8
03,30,1979,7.4
03,31,1979,6.6
04,01,1979,8.3
04,02,1979,10.5
04,03,1979,10.6
04,04,1979,7.1
04,05,1979,1.0
04,06,1979,2.8
04,07,1979,5.3
04,08,1979,6.8
04,09,1979,11.5
04,10,1979,11.7
04,11,1979,14.6
04,12,1979,11.2
04,13,1979,7.6
04,14,1979,6.2
04,15,1979,5.8
04,16,1979,5.7
04,17,1979,4.8
04,18,1979,6.6
04,19,1979,5.1
04,20,1979,6.3
04,21,1979,5.4
04,22,1979,2.7
04,23,1979,3.6
04,24,1979,6.0
04,25,1979,8.1
04,26,1979,9.4
04,27,1979,8.3
04,28,1979,6.2
04,29,1979,9.6
04,30,1979,3.5
05,01,1979,null
05,02,1979,null
05,03,1979,null
05,04,1979,null
05,05,1979,null
05,06,1979,null
05,07,1979,null
05,08,1979,null
05,09,1979,null
05,10,1979,null
05,11,1979,null
05,12,1979,null
05,13,1979,null
05,14,1979,null
05,15,1979,null
05,16,1979,null
05,17,1979,null
05,18,1979,null
05,19,1979,null
05,20,1979,null
05,21,1979,null
05,22,1979,null
05,23,1979,null
05,24,1979,null
05,25,1979,null
05,26,1979,null
05,27,1979,null
05,28,1979,null
05,29,1979,null
05,30,1979,null
05,31,1979,null
06,01,1979,3.8
06,02,1979,5.6
06,03,1979,6.8
06,04,1979,9.9
06,05,1979,9.0
06,06,1979,7.6
06,07,1979,7.2
06,08,1979,3.6
06,09,1979,6.7
06,10,1979,5.5
06,11,1979,4.2
06,12,1979,3.8
06,13,1979,3.4
06,14,1979,3.8
06,15,1979,2.1
06,16,1979,9.3
06,17,1979,4.9
06,18,1979,3.7
06,19,1979,3.9
06,20,1979,7.3
06,21,1979,2.9
06,22,1979,2.0
06,23,1979,3.4
06,24,1979,8.3
06,25,1979,5.6
06,26,1979,2.2
06,27,1979,2.2
06,28,1979,2.8
06,29,1979,3.4
06,30,1979,6.2
07,01,1979,3.5
07,02,1979,5.1
07,03,1979,3.4
07,04,1979,4.0
07,05,1979,3.3
07,06,1979,2.2
07,07,1979,2.6
07,08,1979,6.5
07,09,1979,9.7
07,10,1979,6.4
07,11,1979,6.8
07,12,1979,6.0
07,13,1979,3.0
07,14,1979,7.9
07,15,1979,2.8
07,16,1979,4.4
07,17,1979,2.3
07,18,1979,2.6
07,19,1979,3.2
07,20,1979,5.7
07,21,1979,3.9
07,22,1979,4.3
07,23,1979,5.7
07,24,1979,4.5
07,25,1979,3.5
07,26,1979,5.6
07,27,1979,4.3
07,28,1979,3.8
07,29,1979,3.9
07,30,1979,4.3
07,31,1979,4.0
08,01,1979,5.0
08,02,1979,2.7
08,03,1979,3.0
08,04,1979,3.0
08,05,1979,2.4
08,06,1979,2.8
08,07,1979,1.9
08,08,1979,2.5
08,09,1979,2.9
08,10,1979,2.7
08,11,1979,6.3
08,12,1979,2.0
08,13,1979,3.0
08,14,1979,6.1
08,15,1979,4.7
08,16,1979,4.2
08,17,1979,0.4
08,18,1979,4.2
08,19,1979,1.3
08,20,1979,2.3
08,21,1979,5.0
08,22,1979,5.6
08,23,1979,3.3
08,24,1979,4.1
08,25,1979,1.5
08,26,1979,3.4
08,27,1979,3.1
08,28,1979,6.9
08,29,1979,6.9
08,30,1979,3.4
08,31,1979,3.9
09,01,1979,4.6
09,02,1979,5.5
09,03,1979,3.4
09,04,1979,1.5
09,05,1979,8.1
09,06,1979,2.5
09,07,1979,4.2
09,08,1979,2.8
09,09,1979,1.4
09,10,1979,3.3
09,11,1979,4.4
09,12,1979,4.9
09,13,1979,2.0
09,14,1979,3.5
09,15,1979,2.8
09,16,1979,1.5
09,17,1979,3.8
09,18,1979,5.2
09,19,1979,4.6
09,20,1979,3.1
09,21,1979,3.8
09,22,1979,4.0
09,23,1979,2.0
09,24,1979,3.4
09,25,1979,1.8
09,26,1979,4.2
09,27,1979,3.8
09,28,1979,3.1
09,29,1979,4.6
09,30,1979,5.3
10,01,1979,3.1
10,02,1979,5.2
10,03,1979,4.4
10,04,1979,3.6
10,05,1979,2.5
10,06,1979,3.7
10,07,1979,4.1
10,08,1979,3.6
10,09,1979,2.7
10,10,1979,3.4
10,11,1979,4.5
10,12,1979,5.8
10,13,1979,3.3
10,14,1979,6.0
10,15,1979,4.0
10,16,1979,4.9
10,17,1979,4.3
10,18,1979,3.7
10,19,1979,5.1
10,20,1979,3.8
10,21,1979,5.6
10,22,1979,4.9
10,23,1979,2.4
10,24,1979,1.5
10,25,1979,2.0
10,26,1979,3.2
10,27,1979,3.0
10,28,1979,2.8
10,29,1979,2.5
10,30,1979,3.2
10,31,1979,3.6
11,01,1979,2.0
11,02,1979,0.3
11,03,1979,2.3
11,04,1979,2.8
11,05,1979,2.5
11,06,1979,1.8
11,07,1979,1.8
11,08,1979,3.2
11,09,1979,3.0
11,10,1979,2.4
11,11,1979,2.6
11,12,1979,3.0
11,13,1979,1.8
11,14,1979,3.1
11,15,1979,3.0
11,16,1979,1.9
11,17,1979,2.6
11,18,1979,3.8
11,19,1979,1.8
11,20,1979,2.6
11,21,1979,3.6
11,22,1979,2.9
11,23,1979,4.7
11,24,1979,2.9
11,25,1979,3.5
11,26,1979,4.6
11,27,1979,3.3
11,28,1979,4.0
11,29,1979,4.3
11,30,1979,3.0
12,01,1979,1.4
12,02,1979,1.4
12,03,1979,0.2
12,04,1979,0.8
12,05,1979,0.6
12,06,1979,1.9
12,07,1979,1.5
12,08,1979,1.5
12,09,1979,2.4
12,10,1979,3.3
12,11,1979,1.9
12,12,1979,3.1
12,13,1979,0.7
12,14,1979,1.2
12,15,1979,0.7
12,16,1979,2.1
12,17,1979,2.9
12,18,1979,2.3
12,19,1979,2.7
12,20,1979,1.7
12,21,1979,3.0
12,22,1979,2.9
12,23,1979,2.8
12,24,1979,2.0
12,25,1979,2.9
12,26,1979,2.2
12,27,1979,2.7
12,28,1979,3.1
12,29,1979,2.5
12,30,1979,2.2
12,31,1979,2.8
01,01,1980,0.6
01,02,1980,0.7
01,03,1980,4.0
01,04,1980,2.2
01,05,1980,0.8
01,06,1980,2.3
01,07,1980,3.8
01,08,1980,2.5
01,09,1980,1.5
01,10,1980,3.6
01,11,1980,6.7
01,12,1980,0.7
01,13,1980,3.3
01,14,1980,0.5
01,15,1980,2.3
01,16,1980,5.2
01,17,1980,3.7
01,18,1980,2.0
01,19,1980,2.3
01,20,1980,3.0
01,21,1980,1.0
01,22,1980,0.8
01,23,1980,1.8
01,24,1980,2.3
01,25,1980,1.0
01,26,1980,2.2
01,27,1980,0.8
01,28,1980,2.8
01,29,1980,2.6
01,30,1980,1.2
01,31,1980,2.6
02,01,1980,3.2
02,02,1980,3.7
02,03,1980,3.7
02,04,1980,4.0
02,05,1980,4.4
02,06,1980,3.4
02,07,1980,4.0
02,08,1980,3.5
02,09,1980,3.9
02,10,1980,4.1
02,11,1980,3.2
02,12,1980,3.6
02,13,1980,4.8
02,14,1980,2.5
02,15,1980,2.9
02,16,1980,4.3
02,17,1980,3.9
02,18,1980,4.0
02,19,1980,2.7
02,20,1980,3.7
02,21,1980,4.6
02,22,1980,3.8
02,23,1980,4.0
02,24,1980,3.9
02,25,1980,3.1
02,26,1980,3.3
02,27,1980,4.7
02,28,1980,3.6
02,29,1980,3.4
03,01,1980,5.5
03,02,1980,1.7
03,03,1980,1.6
03,04,1980,5.4
03,05,1980,7.6
03,06,1980,2.6
03,07,1980,3.9
03,08,1980,6.0
03,09,1980,4.2
03,10,1980,3.7
03,11,1980,6.5
03,12,1980,1.6
03,13,1980,0.4
03,14,1980,1.5
03,15,1980,4.6
03,16,1980,0.9
03,17,1980,3.1
03,18,1980,1.0
03,19,1980,4.5
03,20,1980,3.0
03,21,1980,6.3
03,22,1980,4.2
03,23,1980,9.2
03,24,1980,8.5
03,25,1980,3.1
03,26,1980,2.9
03,27,1980,5.8
03,28,1980,4.7
03,29,1980,1.1
03,30,1980,7.2
03,31,1980,2.7
04,01,1980,9.6
04,02,1980,4.3
04,03,1980,3.8
04,04,1980,6.1
04,05,1980,1.5
04,06,1980,10.2
04,07,1980,6.8
04,08,1980,1.6
04,09,1980,3.8
04,10,1980,3.3
04,11,1980,9.6
04,12,1980,9.4
04,13,1980,2.6
04,14,1980,1.8
04,15,1980,1.6
04,16,1980,1.4
04,17,1980,1.2
04,18,1980,1.9
04,19,1980,3.5
04,20,1980,5.3
04,21,1980,6.2
04,22,1980,2.7
04,23,1980,1.6
04,24,1980,5.9
04,25,1980,10.6
04,26,1980,7.4
04,27,1980,4.0
04,28,1980,5.5
04,29,1980,5.3
04,30,1980,4.3
05,01,1980,5.2
05,02,1980,9.3
05,03,1980,2.9
05,04,1980,5.2
05,05,1980,3.4
05,06,1980,2.7
05,07,1980,3.9
05,08,1980,2.8
05,09,1980,2.9
05,10,1980,3.0
05,11,1980,3.2
05,12,1980,2.9
05,13,1980,2.5
05,14,1980,1.4
05,15,1980,1.9
05,16,1980,1.4
05,17,1980,4.1
05,18,1980,3.4
05,19,1980,2.6
05,20,1980,4.3
05,21,1980,3.3
05,22,1980,8.1
05,23,1980,4.4
05,24,1980,5.0
05,25,1980,3.0
05,26,1980,2.4
05,27,1980,3.9
05,28,1980,4.6
05,29,1980,2.5
05,30,1980,4.4
05,31,1980,6.6
06,01,1980,6.1
06,02,1980,4.9
06,03,1980,10.2
06,04,1980,8.8
06,05,1980,8.5
06,06,1980,8.5
06,07,1980,10.5
06,08,1980,3.5
06,09,1980,3.6
06,10,1980,8.5
06,11,1980,5.9
06,12,1980,12.1
06,13,1980,5.1
06,14,1980,6.4
06,15,1980,4.0
06,16,1980,3.9
06,17,1980,6.4
06,18,1980,5.0
06,19,1980,5.7
06,20,1980,3.9
06,21,1980,5.0
06,22,1980,5.9
06,23,1980,4.0
06,24,1980,4.0
06,25,1980,6.1
06,26,1980,5.4
06,27,1980,4.5
06,28,1980,4.1
06,29,1980,8.5
06,30,1980,8.2
07,01,1980,1.3
07,02,1980,5.2
07,03,1980,3.9
07,04,1980,3.9
07,05,1980,4.6
07,06,1980,4.4
07,07,1980,3.7
07,08,1980,3.2
07,09,1980,4.0
07,10,1980,4.9
07,11,1980,3.4
07,12,1980,3.1
07,13,1980,3.0
07,14,1980,2.0
07,15,1980,3.8
07,16,1980,3.2
07,17,1980,4.6
07,18,1980,4.2
07,19,1980,4.7
07,20,1980,4.2
07,21,1980,8.4
07,22,1980,3.5
07,23,1980,2.8
07,24,1980,5.6
07,25,1980,2.3
07,26,1980,5.3
07,27,1980,5.2
07,28,1980,2.4
07,29,1980,3.6
07,30,1980,3.1
07,31,1980,3.6
08,01,1980,3.8
08,02,1980,3.7
08,03,1980,5.1
08,04,1980,6.1
08,05,1980,3.7
08,06,1980,4.8
08,07,1980,6.0
08,08,1980,5.8
08,09,1980,7.4
08,10,1980,7.5
08,11,1980,6.1
08,12,1980,3.0
08,13,1980,6.1
08,14,1980,6.2
08,15,1980,4.5
08,16,1980,4.7
08,17,1980,4.6
08,18,1980,7.1
08,19,1980,2.7
08,20,1980,6.3
08,21,1980,3.8
08,22,1980,4.2
08,23,1980,3.6
08,24,1980,3.3
08,25,1980,4.7
08,26,1980,3.4
08,27,1980,4.4
08,28,1980,3.5
08,29,1980,1.4
08,30,1980,2.9
08,31,1980,1.9
09,01,1980,null
09,02,1980,null
09,03,1980,null
09,04,1980,null
09,05,1980,null
09,06,1980,null
09,07,1980,null
09,08,1980,null
09,09,1980,null
09,10,1980,null
09,11,1980,null
09,12,1980,null
09,13,1980,null
09,14,1980,null
09,15,1980,null
09,16,1980,null
09,17,1980,null
09,18,1980,null
09,19,1980,null
09,20,1980,null
09,21,1980,null
09,22,1980,null
09,23,1980,null
09,24,1980,null
09,25,1980,null
09,26,1980,null
09,27,1980,null
09,28,1980,null
09,29,1980,null
09,30,1980,null
10,01,1980,6.6
10,02,1980,1.5
10,03,1980,0.5
10,04,1980,6.0
10,05,1980,4.6
10,06,1980,4.2
10,07,1980,3.8
10,08,1980,5.1
10,09,1980,0.3
10,10,1980,2.2
10,11,1980,6.9
10,12,1980,5.7
10,13,1980,6.4
10,14,1980,3.9
10,15,1980,6.1
10,16,1980,5.5
10,17,1980,5.4
10,18,1980,4.1
10,19,1980,4.9
10,20,1980,3.9
10,21,1980,4.4
10,22,1980,3.7
10,23,1980,3.6
10,24,1980,7.0
10,25,1980,5.7
10,26,1980,6.8
10,27,1980,3.6
10,28,1980,4.8
10,29,1980,4.7
10,30,1980,5.2
10,31,1980,4.3
11,01,1980,5.2
11,02,1980,2.6
11,03,1980,3.8
11,04,1980,0.4
11,05,1980,1.9
11,06,1980,1.9
11,07,1980,1.5
11,08,1980,2.0
11,09,1980,5.0
11,10,1980,1.5
11,11,1980,3.6
11,12,1980,2.2
11,13,1980,2.8
11,14,1980,4.7
11,15,1980,2.2
11,16,1980,4.8
11,17,1980,1.6
11,18,1980,1.5
11,19,1980,1.9
11,20,1980,0.3
11,21,1980,0.9
11,22,1980,1.9
11,23,1980,1.2
11,24,1980,0.7
11,25,1980,0.7
11,26,1980,1.0
11,27,1980,0.4
11,28,1980,1.2
11,29,1980,1.4
11,30,1980,1.8
12,01,1980,4.1
12,02,1980,0.5
12,03,1980,0.9
12,04,1980,1.2
12,05,1980,3.7
12,06,1980,5.3
12,07,1980,3.1
12,08,1980,6.0
12,09,1980,4.9
12,10,1980,2.7
12,11,1980,3.0
12,12,1980,2.8
12,13,1980,4.0
12,14,1980,0.4
12,15,1980,4.6
12,16,1980,2.0
12,17,1980,3.1
12,18,1980,2.9
12,19,1980,1.3
12,20,1980,1.4
12,21,1980,2.3
12,22,1980,1.0
12,23,1980,2.6
12,24,1980,0.7
12,25,1980,1.6
12,26,1980,1.0
12,27,1980,1.9
12,28,1980,5.1
12,29,1980,3.7
12,30,1980,0.5
12,31,1980,4.4
01,01,1981,1.9
01,02,1981,0.9
01,03,1981,2.0
01,04,1981,2.1
01,05,1981,0.4
01,06,1981,2.0
01,07,1981,2.1
01,08,1981,3.6
01,09,1981,2.2
01,10,1981,2.9
01,11,1981,2.1
01,12,1981,1.8
01,13,1981,3.0
01,14,1981,3.8
01,15,1981,3.2
01,16,1981,2.3
01,17,1981,1.0
01,18,1981,1.0
01,19,1981,1.0
01,20,1981,0.9
01,21,1981,4.0
01,22,1981,2.1
01,23,1981,1.1
01,24,1981,1.0
01,25,1981,1.9
01,26,1981,4.0
01,27,1981,6.0
01,28,1981,3.1
01,29,1981,2.9
01,30,1981,2.2
01,31,1981,1.9
02,01,1981,3.1
02,02,1981,2.9
02,03,1981,2.0
02,04,1981,5.2
02,05,1981,3.4
02,06,1981,4.5
02,07,1981,3.4
02,08,1981,4.8
02,09,1981,1.5
02,10,1981,5.2
02,11,1981,5.8
02,12,1981,1.4
02,13,1981,0.9
02,14,1981,0.9
02,15,1981,0.5
02,16,1981,0.9
02,17,1981,0.8
02,18,1981,0.5
02,19,1981,0.7
02,20,1981,0.5
02,21,1981,0.9
02,22,1981,0.8
02,23,1981,1.6
02,24,1981,0.5
02,25,1981,2.5
02,26,1981,3.6
02,27,1981,3.6
02,28,1981,2.8
03,01,1981,2.7
03,02,1981,3.0
03,03,1981,7.0
03,04,1981,10.7
03,05,1981,7.0
03,06,1981,4.2
03,07,1981,3.3
03,08,1981,7.1
03,09,1981,0.8
03,10,1981,0.5
03,11,1981,1.7
03,12,1981,2.2
03,13,1981,1.2
03,14,1981,1.5
03,15,1981,2.8
03,16,1981,4.1
03,17,1981,3.0
03,18,1981,7.1
03,19,1981,2.6
03,20,1981,4.8
03,21,1981,12.6
03,22,1981,6.0
03,23,1981,5.3
03,24,1981,4.8
03,25,1981,3.3
03,26,1981,3.2
03,27,1981,2.4
03,28,1981,9.2
03,29,1981,7.6
03,30,1981,4.5
03,31,1981,4.7
04,01,1981,6.8
04,02,1981,4.8
04,03,1981,7.0
04,04,1981,11.0
04,05,1981,1.2
04,06,1981,1.4
04,07,1981,2.0
04,08,1981,5.6
04,09,1981,5.1
04,10,1981,4.3
04,11,1981,1.0
04,12,1981,5.1
04,13,1981,5.1
04,14,1981,2.4
04,15,1981,3.1
04,16,1981,3.8
04,17,1981,1.3
04,18,1981,4.2
04,19,1981,6.4
04,20,1981,4.3
04,21,1981,4.9
04,22,1981,8.0
04,23,1981,10.0
04,24,1981,7.3
04,25,1981,4.6
04,26,1981,5.5
04,27,1981,2.5
04,28,1981,4.8
04,29,1981,5.4
04,30,1981,5.4
05,01,1981,4.6
05,02,1981,4.0
05,03,1981,8.0
05,04,1981,7.6
05,05,1981,4.4
05,06,1981,4.6
05,07,1981,5.2
05,08,1981,7.5
05,09,1981,9.6
05,10,1981,4.9
05,11,1981,0.8
05,12,1981,4.0
05,13,1981,7.9
05,14,1981,6.6
05,15,1981,4.8
05,16,1981,10.4
05,17,1981,9.4
05,18,1981,10.0
05,19,1981,7.6
05,20,1981,3.8
05,21,1981,4.0
05,22,1981,4.2
05,23,1981,6.3
05,24,1981,6.5
05,25,1981,7.7
05,26,1981,3.2
05,27,1981,5.6
05,28,1981,3.4
05,29,1981,2.9
05,30,1981,6.1
05,31,1981,5.3
06,01,1981,2.9
06,02,1981,3.6
06,03,1981,3.1
06,04,1981,3.0
06,05,1981,2.8
06,06,1981,2.8
06,07,1981,3.6
06,08,1981,4.4
06,09,1981,5.4
06,10,1981,6.9
06,11,1981,7.1
06,12,1981,6.1
06,13,1981,6.5
06,14,1981,5.3
06,15,1981,5.2
06,16,1981,4.1
06,17,1981,3.6
06,18,1981,5.7
06,19,1981,4.2
06,20,1981,4.2
06,21,1981,2.8
06,22,1981,5.1
06,23,1981,3.1
06,24,1981,4.1
06,25,1981,1.7
06,26,1981,3.0
06,27,1981,3.8
06,28,1981,2.0
06,29,1981,1.9
06,30,1981,2.7
07,01,1981,1.3
07,02,1981,4.1
07,03,1981,4.7
07,04,1981,4.3
07,05,1981,7.2
07,06,1981,7.0
07,07,1981,5.3
07,08,1981,3.4
07,09,1981,2.4
07,10,1981,1.9
07,11,1981,4.0
07,12,1981,4.3
07,13,1981,3.2
07,14,1981,3.7
07,15,1981,4.4
07,16,1981,4.0
07,17,1981,4.6
07,18,1981,4.9
07,19,1981,4.5
07,20,1981,2.1
07,21,1981,3.2
07,22,1981,5.6
07,23,1981,2.4
07,24,1981,3.4
07,25,1981,3.8
07,26,1981,4.5
07,27,1981,3.2
07,28,1981,3.7
07,29,1981,4.4
07,30,1981,2.9
07,31,1981,4.5
08,01,1981,3.7
08,02,1981,2.6
08,03,1981,4.2
08,04,1981,3.1
08,05,1981,4.8
08,06,1981,2.7
08,07,1981,4.4
08,08,1981,2.4
08,09,1981,2.2
08,10,1981,3.3
08,11,1981,3.2
08,12,1981,3.5
08,13,1981,4.9
08,14,1981,1.8
08,15,1981,3.7
08,16,1981,4.4
08,17,1981,5.7
08,18,1981,4.6
08,19,1981,4.6
08,20,1981,4.1
08,21,1981,5.8
08,22,1981,1.7
08,23,1981,3.7
08,24,1981,0.9
08,25,1981,1.9
08,26,1981,1.3
08,27,1981,3.4
08,28,1981,1.4
08,29,1981,5.8
08,30,1981,5.1
08,31,1981,7.1
09,01,1981,6.2
09,02,1981,3.8
09,03,1981,6.6
09,04,1981,3.3
09,05,1981,3.9
09,06,1981,3.8
09,07,1981,1.5
09,08,1981,1.8
09,09,1981,2.5
09,10,1981,2.6
09,11,1981,2.5
09,12,1981,3.5
09,13,1981,3.2
09,14,1981,3.2
09,15,1981,4.2
09,16,1981,3.8
09,17,1981,0.7
09,18,1981,3.9
09,19,1981,1.5
09,20,1981,4.8
09,21,1981,4.0
09,22,1981,1.2
09,23,1981,2.5
09,24,1981,3.0
09,25,1981,4.8
09,26,1981,3.6
09,27,1981,2.4
09,28,1981,2.4
09,29,1981,1.2
09,30,1981,3.5
10,01,1981,3.0
10,02,1981,1.9
10,03,1981,3.6
10,04,1981,1.2
10,05,1981,4.9
10,06,1981,2.1
10,07,1981,3.5
10,08,1981,3.6
10,09,1981,4.2
10,10,1981,6.6
10,11,1981,3.7
10,12,1981,1.3
10,13,1981,3.2
10,14,1981,3.6
10,15,1981,3.6
10,16,1981,2.3
10,17,1981,3.5
10,18,1981,3.6
10,19,1981,1.7
10,20,1981,3.4
10,21,1981,0.7
10,22,1981,2.4
10,23,1981,3.2
10,24,1981,1.2
10,25,1981,2.5
10,26,1981,3.0
10,27,1981,1.1
10,28,1981,2.3
10,29,1981,1.3
10,30,1981,3.4
10,31,1981,1.1
11,01,1981,1.7
11,02,1981,2.9
11,03,1981,4.3
11,04,1981,2.0
11,05,1981,0.5
11,06,1981,1.7
11,07,1981,2.4
11,08,1981,4.7
11,09,1981,3.5
11,10,1981,2.3
11,11,1981,1.6
11,12,1981,1.6
11,13,1981,3.1
11,14,1981,1.1
11,15,1981,3.1
11,16,1981,3.3
11,17,1981,3.1
11,18,1981,4.3
11,19,1981,2.3
11,20,1981,3.4
11,21,1981,1.5
11,22,1981,2.6
11,23,1981,3.3
11,24,1981,2.5
11,25,1981,3.3
11,26,1981,5.0
11,27,1981,3.3
11,28,1981,2.7
11,29,1981,1.7
11,30,1981,4.7
12,01,1981,5.1
12,02,1981,2.5
12,03,1981,2.0
12,04,1981,3.7
12,05,1981,2.3
12,06,1981,3.1
12,07,1981,2.9
12,08,1981,1.7
12,09,1981,1.5
12,10,1981,1.3
12,11,1981,2.7
12,12,1981,2.8
12,13,1981,3.5
12,14,1981,1.5
12,15,1981,1.1
12,16,1981,1.0
12,17,1981,2.1
12,18,1981,2.4
12,19,1981,1.8
12,20,1981,0.9
12,21,1981,1.6
12,22,1981,6.6
12,23,1981,4.1
12,24,1981,1.3
12,25,1981,0.7
12,26,1981,2.2
12,27,1981,2.2
12,28,1981,6.0
12,29,1981,0.8
12,30,1981,2.4
12,31,1981,3.0
01,01,1982,2.3
01,02,1982,7.0
01,03,1982,6.0
01,04,1982,3.2
01,05,1982,0.8
01,06,1982,0.9
01,07,1982,3.2
01,08,1982,4.7
01,09,1982,0.2
01,10,1982,1.4
01,11,1982,2.0
01,12,1982,1.5
01,13,1982,5.9
01,14,1982,0.6
01,15,1982,2.2
01,16,1982,1.5
01,17,1982,1.2
01,18,1982,1.4
01,19,1982,1.1
01,20,1982,3.9
01,21,1982,1.8
01,22,1982,3.9
01,23,1982,3.2
01,24,1982,2.9
01,25,1982,1.0
01,26,1982,1.5
01,27,1982,3.3
01,28,1982,3.5
01,29,1982,2.8
01,30,1982,6.5
01,31,1982,0.6
02,01,1982,1.4
02,02,1982,6.7
02,03,1982,1.1
02,04,1982,2.3
02,05,1982,1.4
02,06,1982,1.0
02,07,1982,0.9
02,08,1982,1.7
02,09,1982,2.3
02,10,1982,2.9
02,11,1982,1.0
02,12,1982,3.9
02,13,1982,2.3
02,14,1982,2.7
02,15,1982,5.6
02,16,1982,4.4
02,17,1982,4.1
02,18,1982,4.3
02,19,1982,2.5
02,20,1982,3.0
02,21,1982,2.2
02,22,1982,3.6
02,23,1982,0.8
02,24,1982,1.2
02,25,1982,2.4
02,26,1982,2.4
02,27,1982,0.8
02,28,1982,1.4
03,01,1982,1.8
03,02,1982,1.6
03,03,1982,3.3
03,04,1982,2.1
03,05,1982,9.2
03,06,1982,9.8
03,07,1982,4.2
03,08,1982,2.1
03,09,1982,3.5
03,10,1982,3.3
03,11,1982,4.1
03,12,1982,3.6
03,13,1982,6.1
03,14,1982,5.9
03,15,1982,2.6
03,16,1982,2.6
03,17,1982,5.1
03,18,1982,4.5
03,19,1982,7.1
03,20,1982,8.4
03,21,1982,2.2
03,22,1982,4.4
03,23,1982,3.9
03,24,1982,2.0
03,25,1982,3.2
03,26,1982,6.2
03,27,1982,2.1
03,28,1982,4.1
03,29,1982,5.5
03,30,1982,5.2
03,31,1982,3.1
04,01,1982,7.0
04,02,1982,5.5
04,03,1982,8.2
04,04,1982,5.1
04,05,1982,6.1
04,06,1982,7.4
04,07,1982,8.1
04,08,1982,6.8
04,09,1982,7.7
04,10,1982,5.2
04,11,1982,6.4
04,12,1982,6.6
04,13,1982,4.5
04,14,1982,5.4
04,15,1982,4.2
04,16,1982,6.0
04,17,1982,4.9
04,18,1982,5.2
04,19,1982,5.4
04,20,1982,5.5
04,21,1982,5.5
04,22,1982,7.5
04,23,1982,5.3
04,24,1982,5.9
04,25,1982,7.1
04,26,1982,4.9
04,27,1982,6.4
04,28,1982,7.0
04,29,1982,5.2
04,30,1982,6.3
05,01,1982,3.4
05,02,1982,3.0
05,03,1982,3.2
05,04,1982,1.8
05,05,1982,5.6
05,06,1982,5.3
05,07,1982,6.1
05,08,1982,5.2
05,09,1982,3.7
05,10,1982,2.0
05,11,1982,3.0
05,12,1982,3.3
05,13,1982,5.1
05,14,1982,5.9
05,15,1982,5.8
05,16,1982,2.0
05,17,1982,5.7
05,18,1982,6.6
05,19,1982,3.6
05,20,1982,4.2
05,21,1982,2.3
05,22,1982,4.8
05,23,1982,8.1
05,24,1982,4.2
05,25,1982,3.5
05,26,1982,3.9
05,27,1982,4.9
05,28,1982,3.7
05,29,1982,2.1
05,30,1982,3.0
05,31,1982,3.9
06,01,1982,6.0
06,02,1982,2.8
06,03,1982,3.4
06,04,1982,7.4
06,05,1982,1.7
06,06,1982,4.7
06,07,1982,4.3
06,08,1982,4.7
06,09,1982,5.4
06,10,1982,1.4
06,11,1982,4.4
06,12,1982,4.4
06,13,1982,1.9
06,14,1982,5.2
06,15,1982,2.0
06,16,1982,4.9
06,17,1982,2.4
06,18,1982,7.6
06,19,1982,3.0
06,20,1982,5.6
06,21,1982,3.3
06,22,1982,4.9
06,23,1982,4.0
06,24,1982,4.9
06,25,1982,5.8
06,26,1982,2.0
06,27,1982,1.7
06,28,1982,3.0
06,29,1982,3.8
06,30,1982,7.5
07,01,1982,5.0
07,02,1982,6.7
07,03,1982,5.8
07,04,1982,4.2
07,05,1982,6.1
07,06,1982,5.2
07,07,1982,3.9
07,08,1982,4.8
07,09,1982,5.9
07,10,1982,3.2
07,11,1982,2.4
07,12,1982,4.8
07,13,1982,2.8
07,14,1982,2.1
07,15,1982,4.0
07,16,1982,3.9
07,17,1982,4.5
07,18,1982,3.5
07,19,1982,4.5
07,20,1982,7.6
07,21,1982,5.2
07,22,1982,4.4
07,23,1982,1.7
07,24,1982,4.9
07,25,1982,7.7
07,26,1982,5.9
07,27,1982,1.2
07,28,1982,2.9
07,29,1982,7.4
07,30,1982,4.5
07,31,1982,2.6
08,01,1982,2.7
08,02,1982,3.8
08,03,1982,6.0
08,04,1982,2.5
08,05,1982,4.2
08,06,1982,1.1
08,07,1982,2.4
08,08,1982,7.8
08,09,1982,1.2
08,10,1982,6.8
08,11,1982,5.1
08,12,1982,7.2
08,13,1982,4.3
08,14,1982,5.4
08,15,1982,7.0
08,16,1982,6.3
08,17,1982,3.4
08,18,1982,5.3
08,19,1982,5.9
08,20,1982,5.7
08,21,1982,5.7
08,22,1982,4.0
08,23,1982,4.5
08,24,1982,4.2
08,25,1982,5.3
08,26,1982,4.9
08,27,1982,5.7
08,28,1982,4.1
08,29,1982,6.3
08,30,1982,6.4
08,31,1982,2.2
09,01,1982,7.1
09,02,1982,3.8
09,03,1982,4.8
09,04,1982,3.5
09,05,1982,2.5
09,06,1982,3.3
09,07,1982,3.8
09,08,1982,4.9
09,09,1982,2.3
09,10,1982,4.2
09,11,1982,2.8
09,12,1982,4.9
09,13,1982,3.1
09,14,1982,1.2
09,15,1982,2.1
09,16,1982,1.4
09,17,1982,2.1
09,18,1982,3.0
09,19,1982,5.7
09,20,1982,1.9
09,21,1982,4.9
09,22,1982,9.7
09,23,1982,2.2
09,24,1982,2.4
09,25,1982,3.4
09,26,1982,3.3
09,27,1982,3.2
09,28,1982,2.0
09,29,1982,3.3
09,30,1982,1.9
10,01,1982,2.7
10,02,1982,5.7
10,03,1982,5.5
10,04,1982,6.1
10,05,1982,3.9
10,06,1982,3.0
10,07,1982,6.5
10,08,1982,4.7
10,09,1982,5.3
10,10,1982,4.9
10,11,1982,3.6
10,12,1982,5.7
10,13,1982,4.3
10,14,1982,2.1
10,15,1982,2.1
10,16,1982,4.3
10,17,1982,3.5
10,18,1982,4.0
10,19,1982,3.2
10,20,1982,7.3
10,21,1982,2.8
10,22,1982,6.2
10,23,1982,3.1
10,24,1982,3.0
10,25,1982,3.9
10,26,1982,3.1
10,27,1982,2.3
10,28,1982,2.7
10,29,1982,3.4
10,30,1982,2.6
10,31,1982,5.9
11,01,1982,4.3
11,02,1982,2.2
11,03,1982,4.2
11,04,1982,3.4
11,05,1982,2.7
11,06,1982,2.6
11,07,1982,1.3
11,08,1982,5.2
11,09,1982,5.1
11,10,1982,1.6
11,11,1982,2.6
11,12,1982,3.4
11,13,1982,5.6
11,14,1982,3.8
11,15,1982,1.6
11,16,1982,2.5
11,17,1982,1.6
11,18,1982,6.6
11,19,1982,2.5
11,20,1982,5.5
11,21,1982,4.5
11,22,1982,4.0
11,23,1982,3.6
11,24,1982,8.0
11,25,1982,1.8
11,26,1982,3.0
11,27,1982,2.1
11,28,1982,2.3
11,29,1982,3.6
11,30,1982,2.3
12,01,1982,4.4
12,02,1982,2.6
12,03,1982,2.4
12,04,1982,5.4
12,05,1982,2.2
12,06,1982,4.0
12,07,1982,3.7
12,08,1982,2.5
12,09,1982,4.8
12,10,1982,5.8
12,11,1982,3.0
12,12,1982,3.3
12,13,1982,3.8
12,14,1982,4.2
12,15,1982,5.3
12,16,1982,6.3
12,17,1982,4.7
12,18,1982,2.1
12,19,1982,3.5
12,20,1982,4.4
12,21,1982,5.2
12,22,1982,4.1
12,23,1982,5.9
12,24,1982,7.1
12,25,1982,6.0
12,26,1982,4.6
12,27,1982,5.0
12,28,1982,3.1
12,29,1982,6.4
12,30,1982,5.3
12,31,1982,5.9
01,01,1983,2.2
01,02,1983,2.2
01,03,1983,2.1
01,04,1983,1.9
01,05,1983,2.0
01,06,1983,1.2
01,07,1983,1.3
01,08,1983,2.1
01,09,1983,1.9
01,10,1983,2.3
01,11,1983,2.3
01,12,1983,1.7
01,13,1983,2.0
01,14,1983,1.3
01,15,1983,2.6
01,16,1983,2.9
01,17,1983,0.6
01,18,1983,1.1
01,19,1983,1.4
01,20,1983,3.3
01,21,1983,3.6
01,22,1983,3.0
01,23,1983,1.7
01,24,1983,1.5
01,25,1983,2.3
01,26,1983,3.2
01,27,1983,2.0
01,28,1983,1.7
01,29,1983,3.7
01,30,1983,2.5
01,31,1983,4.9
02,01,1983,1.1
02,02,1983,3.3
02,03,1983,1.9
02,04,1983,1.3
02,05,1983,2.2
02,06,1983,3.6
02,07,1983,4.5
02,08,1983,3.6
02,09,1983,3.4
02,10,1983,4.2
02,11,1983,3.7
02,12,1983,4.4
02,13,1983,1.2
02,14,1983,3.9
02,15,1983,6.7
02,16,1983,3.8
02,17,1983,3.9
02,18,1983,2.3
02,19,1983,1.2
02,20,1983,4.1
02,21,1983,1.1
02,22,1983,2.8
02,23,1983,0.7
02,24,1983,1.6
02,25,1983,1.7
02,26,1983,2.9
02,27,1983,2.7
02,28,1983,4.0
03,01,1983,3.9
03,02,1983,4.1
03,03,1983,5.1
03,04,1983,5.7
03,05,1983,7.3
03,06,1983,6.6
03,07,1983,6.0
03,08,1983,3.5
03,09,1983,3.9
03,10,1983,1.8
03,11,1983,3.5
03,12,1983,1.7
03,13,1983,3.5
03,14,1983,2.1
03,15,1983,2.0
03,16,1983,2.1
03,17,1983,3.1
03,18,1983,3.4
03,19,1983,4.6
03,20,1983,2.9
03,21,1983,2.5
03,22,1983,3.7
03,23,1983,2.3
03,24,1983,5.2
03,25,1983,5.9
03,26,1983,4.1
03,27,1983,4.9
03,28,1983,3.5
03,29,1983,3.3
03,30,1983,4.6
03,31,1983,4.4
04,01,1983,6.0
04,02,1983,4.1
04,03,1983,4.3
04,04,1983,2.4
04,05,1983,2.0
04,06,1983,4.0
04,07,1983,3.0
04,08,1983,2.1
04,09,1983,2.9
04,10,1983,4.5
04,11,1983,5.1
04,12,1983,4.7
04,13,1983,6.4
04,14,1983,4.1
04,15,1983,3.7
04,16,1983,5.4
04,17,1983,3.4
04,18,1983,4.1
04,19,1983,4.0
04,20,1983,4.1
04,21,1983,3.9
04,22,1983,4.3
04,23,1983,2.9
04,24,1983,2.8
04,25,1983,2.1
04,26,1983,1.9
04,27,1983,3.1
04,28,1983,2.9
04,29,1983,2.4
04,30,1983,2.3
05,01,1983,4.4
05,02,1983,3.9
05,03,1983,6.0
05,04,1983,1.2
05,05,1983,3.7
05,06,1983,4.2
05,07,1983,3.9
05,08,1983,3.1
05,09,1983,4.0
05,10,1983,2.8
05,11,1983,2.1
05,12,1983,2.0
05,13,1983,3.8
05,14,1983,3.2
05,15,1983,3.1
05,16,1983,3.0
05,17,1983,2.8
05,18,1983,4.1
05,19,1983,5.1
05,20,1983,4.0
05,21,1983,3.1
05,22,1983,3.1
05,23,1983,6.6
05,24,1983,3.0
05,25,1983,3.7
05,26,1983,3.3
05,27,1983,2.8
05,28,1983,5.6
05,29,1983,5.3
05,30,1983,5.4
05,31,1983,2.1
06,01,1983,3.4
06,02,1983,3.4
06,03,1983,2.8
06,04,1983,2.6
06,05,1983,2.0
06,06,1983,4.0
06,07,1983,7.5
06,08,1983,5.8
06,09,1983,4.7
06,10,1983,2.1
06,11,1983,2.1
06,12,1983,2.3
06,13,1983,1.6
06,14,1983,2.2
06,15,1983,2.0
06,16,1983,1.9
06,17,1983,2.2
06,18,1983,3.0
06,19,1983,1.9
06,20,1983,6.6
06,21,1983,4.4
06,22,1983,2.5
06,23,1983,3.3
06,24,1983,4.7
06,25,1983,5.9
06,26,1983,2.2
06,27,1983,3.6
06,28,1983,2.3
06,29,1983,3.2
06,30,1983,2.0
07,01,1983,4.1
07,02,1983,6.2
07,03,1983,5.2
07,04,1983,5.5
07,05,1983,5.6
07,06,1983,6.5
07,07,1983,7.6
07,08,1983,6.1
07,09,1983,5.9
07,10,1983,8.1
07,11,1983,7.2
07,12,1983,5.4
07,13,1983,6.0
07,14,1983,7.5
07,15,1983,4.0
07,16,1983,6.0
07,17,1983,6.6
07,18,1983,4.5
07,19,1983,8.2
07,20,1983,7.1
07,21,1983,6.8
07,22,1983,5.9
07,23,1983,7.3
07,24,1983,4.8
07,25,1983,6.5
07,26,1983,7.7
07,27,1983,6.0
07,28,1983,5.0
07,29,1983,6.6
07,30,1983,4.4
07,31,1983,7.6
08,01,1983,5.6
08,02,1983,5.9
08,03,1983,5.0
08,04,1983,8.7
08,05,1983,5.1
08,06,1983,7.5
08,07,1983,7.9
08,08,1983,5.3
08,09,1983,8.2
08,10,1983,7.0
08,11,1983,6.7
08,12,1983,6.5
08,13,1983,4.8
08,14,1983,6.2
08,15,1983,6.5
08,16,1983,6.9
08,17,1983,6.7
08,18,1983,7.4
08,19,1983,6.4
08,20,1983,9.3
08,21,1983,5.9
08,22,1983,7.7
08,23,1983,6.5
08,24,1983,6.8
08,25,1983,5.4
08,26,1983,6.1
08,27,1983,4.3
08,28,1983,7.2
08,29,1983,5.4
08,30,1983,7.9
08,31,1983,5.8
09,01,1983,2.0
09,02,1983,4.2
09,03,1983,3.4
09,04,1983,4.6
09,05,1983,4.4
09,06,1983,4.5
09,07,1983,1.3
09,08,1983,3.9
09,09,1983,2.0
09,10,1983,8.0
09,11,1983,4.3
09,12,1983,2.6
09,13,1983,3.3
09,14,1983,1.9
09,15,1983,2.6
09,16,1983,3.1
09,17,1983,4.0
09,18,1983,2.8
09,19,1983,3.6
09,20,1983,2.7
09,21,1983,3.1
09,22,1983,3.1
09,23,1983,2.7
09,24,1983,4.7
09,25,1983,1.6
09,26,1983,3.0
09,27,1983,2.1
09,28,1983,2.8
09,29,1983,3.6
09,30,1983,2.0
10,01,1983,3.0
10,02,1983,2.0
10,03,1983,3.8
10,04,1983,4.1
10,05,1983,3.7
10,06,1983,5.1
10,07,1983,3.5
10,08,1983,5.2
10,09,1983,3.4
10,10,1983,5.0
10,11,1983,4.2
10,12,1983,4.3
10,13,1983,1.9
10,14,1983,4.8
10,15,1983,3.7
10,16,1983,2.7
10,17,1983,3.7
10,18,1983,4.9
10,19,1983,2.5
10,20,1983,3.2
10,21,1983,2.7
10,22,1983,3.9
10,23,1983,2.5
10,24,1983,1.3
10,25,1983,2.9
10,26,1983,3.3
10,27,1983,3.2
10,28,1983,3.7
10,29,1983,3.4
10,30,1983,4.5
10,31,1983,2.5
11,01,1983,7.5
11,02,1983,2.2
11,03,1983,1.7
11,04,1983,3.7
11,05,1983,0.9
11,06,1983,4.7
11,07,1983,2.4
11,08,1983,2.4
11,09,1983,5.1
11,10,1983,2.3
11,11,1983,1.4
11,12,1983,2.4
11,13,1983,4.8
11,14,1983,3.6
11,15,1983,3.6
11,16,1983,2.0
11,17,1983,4.6
11,18,1983,1.2
11,19,1983,1.9
11,20,1983,4.0
11,21,1983,2.8
11,22,1983,4.7
11,23,1983,5.1
11,24,1983,2.4
11,25,1983,1.9
11,26,1983,2.7
11,27,1983,3.1
11,28,1983,2.9
11,29,1983,1.2
11,30,1983,1.0
12,01,1983,2.9
12,02,1983,2.0
12,03,1983,1.5
12,04,1983,5.9
12,05,1983,2.2
12,06,1983,3.9
12,07,1983,3.5
12,08,1983,1.2
12,09,1983,2.7
12,10,1983,2.7
12,11,1983,2.0
12,12,1983,2.8
12,13,1983,3.7
12,14,1983,4.3
12,15,1983,3.1
12,16,1983,2.0
12,17,1983,2.1
12,18,1983,2.3
12,19,1983,2.5
12,20,1983,1.0
12,21,1983,1.0
12,22,1983,0.9
12,23,1983,2.3
12,24,1983,1.4
12,25,1983,1.2
12,26,1983,2.9
12,27,1983,1.2
12,28,1983,4.6
12,29,1983,2.8
12,30,1983,2.2
12,31,1983,5.4
01,01,1984,0.9
01,02,1984,1.7
01,03,1984,1.2
01,04,1984,2.3
01,05,1984,2.2
01,06,1984,1.8
01,07,1984,1.6
01,08,1984,1.9
01,09,1984,3.9
01,10,1984,1.8
01,11,1984,1.0
01,12,1984,1.8
01,13,1984,0.4
01,14,1984,2.4
01,15,1984,3.0
01,16,1984,2.3
01,17,1984,2.0
01,18,1984,2.3
01,19,1984,1.4
01,20,1984,1.3
01,21,1984,3.8
01,22,1984,1.2
01,23,1984,1.9
01,24,1984,2.1
01,25,1984,2.9
01,26,1984,2.0
01,27,1984,2.9
01,28,1984,1.5
01,29,1984,2.1
01,30,1984,2.3
01,31,1984,4.0
02,01,1984,0.7
02,02,1984,1.6
02,03,1984,0.5
02,04,1984,0.6
02,05,1984,0.5
02,06,1984,0.6
02,07,1984,0.7
02,08,1984,1.1
02,09,1984,2.3
02,10,1984,2.0
02,11,1984,2.1
02,12,1984,2.7
02,13,1984,2.6
02,14,1984,2.1
02,15,1984,3.4
02,16,1984,3.4
02,17,1984,3.4
02,18,1984,3.2
02,19,1984,3.4
02,20,1984,2.5
02,21,1984,1.2
02,22,1984,0.9
02,23,1984,1.6
02,24,1984,1.4
02,25,1984,1.6
02,26,1984,2.7
02,27,1984,1.2
02,28,1984,1.1
02,29,1984,1.4
03,01,1984,1.9
03,02,1984,1.1
03,03,1984,4.0
03,04,1984,3.0
03,05,1984,6.9
03,06,1984,2.9
03,07,1984,4.0
03,08,1984,1.2
03,09,1984,2.5
03,10,1984,2.2
03,11,1984,2.0
03,12,1984,2.9
03,13,1984,2.0
03,14,1984,3.0
03,15,1984,3.0
03,16,1984,2.5
03,17,1984,3.9
03,18,1984,3.5
03,19,1984,3.1
03,20,1984,3.5
03,21,1984,2.6
03,22,1984,1.0
03,23,1984,3.5
03,24,1984,4.1
03,25,1984,0.9
03,26,1984,3.3
03,27,1984,3.2
03,28,1984,3.0
03,29,1984,0.9
03,30,1984,2.1
03,31,1984,2.1
04,01,1984,2.2
04,02,1984,3.3
04,03,1984,3.8
04,04,1984,4.6
04,05,1984,3.7
04,06,1984,2.8
04,07,1984,4.7
04,08,1984,4.3
04,09,1984,5.5
04,10,1984,4.8
04,11,1984,3.2
04,12,1984,3.6
04,13,1984,3.8
04,14,1984,4.1
04,15,1984,5.2
04,16,1984,2.7
04,17,1984,1.5
04,18,1984,3.2
04,19,1984,3.0
04,20,1984,3.2
04,21,1984,3.5
04,22,1984,3.5
04,23,1984,3.4
04,24,1984,2.5
04,25,1984,3.3
04,26,1984,3.1
04,27,1984,3.9
04,28,1984,3.6
04,29,1984,3.5
04,30,1984,2.9
05,01,1984,3.1
05,02,1984,2.9
05,03,1984,3.9
05,04,1984,3.6
05,05,1984,4.4
05,06,1984,2.1
05,07,1984,2.3
05,08,1984,3.3
05,09,1984,2.5
05,10,1984,3.1
05,11,1984,6.9
05,12,1984,9.6
05,13,1984,6.5
05,14,1984,6.7
05,15,1984,8.2
05,16,1984,5.1
05,17,1984,6.7
05,18,1984,5.7
05,19,1984,4.7
05,20,1984,5.3
05,21,1984,5.6
05,22,1984,7.1
05,23,1984,6.4
05,24,1984,7.6
05,25,1984,6.1
05,26,1984,6.9
05,27,1984,4.3
05,28,1984,5.9
05,29,1984,5.0
05,30,1984,4.9
05,31,1984,7.7
06,01,1984,6.1
06,02,1984,2.3
06,03,1984,1.3
06,04,1984,2.5
06,05,1984,2.2
06,06,1984,1.3
06,07,1984,1.9
06,08,1984,1.9
06,09,1984,2.3
06,10,1984,2.8
06,11,1984,1.9
06,12,1984,5.2
06,13,1984,6.1
06,14,1984,2.7
06,15,1984,2.4
06,16,1984,2.5
06,17,1984,3.0
06,18,1984,3.1
06,19,1984,3.0
06,20,1984,3.6
06,21,1984,4.1
06,22,1984,3.9
06,23,1984,2.4
06,24,1984,3.3
06,25,1984,3.6
06,26,1984,3.8
06,27,1984,2.0
06,28,1984,3.1
06,29,1984,3.8
06,30,1984,3.7
07,01,1984,2.2
07,02,1984,5.9
07,03,1984,3.7
07,04,1984,2.9
07,05,1984,6.4
07,06,1984,4.7
07,07,1984,3.2
07,08,1984,4.9
07,09,1984,3.1
07,10,1984,2.5
07,11,1984,5.2
07,12,1984,3.4
07,13,1984,1.7
07,14,1984,5.5
07,15,1984,6.5
07,16,1984,6.9
07,17,1984,8.5
07,18,1984,4.9
07,19,1984,5.1
07,20,1984,3.1
07,21,1984,2.0
07,22,1984,2.2
07,23,1984,3.4
07,24,1984,2.7
07,25,1984,4.8
07,26,1984,7.4
07,27,1984,5.7
07,28,1984,3.9
07,29,1984,4.8
07,30,1984,6.1
07,31,1984,4.3
08,01,1984,6.5
08,02,1984,8.4
08,03,1984,7.0
08,04,1984,5.9
08,05,1984,3.6
08,06,1984,3.3
08,07,1984,7.3
08,08,1984,5.4
08,09,1984,5.7
08,10,1984,4.6
08,11,1984,6.7
08,12,1984,5.9
08,13,1984,6.4
08,14,1984,10.9
08,15,1984,4.1
08,16,1984,8.6
08,17,1984,8.8
08,18,1984,5.5
08,19,1984,5.9
08,20,1984,6.0
08,21,1984,6.0
08,22,1984,8.4
08,23,1984,6.4
08,24,1984,6.0
08,25,1984,4.6
08,26,1984,6.5
08,27,1984,6.5
08,28,1984,5.5
08,29,1984,6.8
08,30,1984,5.3
08,31,1984,6.9
09,01,1984,5.7
09,02,1984,4.6
09,03,1984,3.1
09,04,1984,4.5
09,05,1984,5.9
09,06,1984,5.7
09,07,1984,4.3
09,08,1984,8.6
09,09,1984,6.8
09,10,1984,2.6
09,11,1984,4.6
09,12,1984,3.9
09,13,1984,2.8
09,14,1984,2.9
09,15,1984,3.1
09,16,1984,4.1
09,17,1984,3.1
09,18,1984,4.5
09,19,1984,5.1
09,20,1984,2.9
09,21,1984,2.0
09,22,1984,2.1
09,23,1984,2.4
09,24,1984,2.6
09,25,1984,3.7
09,26,1984,1.5
09,27,1984,1.9
09,28,1984,3.3
09,29,1984,1.4
09,30,1984,3.2
10,01,1984,3.0
10,02,1984,2.0
10,03,1984,5.6
10,04,1984,7.3
10,05,1984,1.4
10,06,1984,2.2
10,07,1984,2.9
10,08,1984,1.1
10,09,1984,1.9
10,10,1984,1.2
10,11,1984,2.0
10,12,1984,1.2
10,13,1984,2.1
10,14,1984,3.0
10,15,1984,1.9
10,16,1984,3.1
10,17,1984,2.9
10,18,1984,2.0
10,19,1984,3.1
10,20,1984,2.0
10,21,1984,1.9
10,22,1984,3.0
10,23,1984,2.1
10,24,1984,2.0
10,25,1984,1.8
10,26,1984,1.3
10,27,1984,2.8
10,28,1984,1.0
10,29,1984,5.0
10,30,1984,1.2
10,31,1984,2.9
11,01,1984,1.5
11,02,1984,1.5
11,03,1984,2.1
11,04,1984,1.1
11,05,1984,1.1
11,06,1984,1.1
11,07,1984,1.1
11,08,1984,1.8
11,09,1984,2.2
11,10,1984,5.0
11,11,1984,1.1
11,12,1984,2.0
11,13,1984,1.0
11,14,1984,1.9
11,15,1984,2.1
11,16,1984,1.9
11,17,1984,2.1
11,18,1984,2.0
11,19,1984,2.1
11,20,1984,1.0
11,21,1984,1.9
11,22,1984,3.1
11,23,1984,2.0
11,24,1984,2.9
11,25,1984,3.0
11,26,1984,2.1
11,27,1984,4.5
11,28,1984,0.9
11,29,1984,2.1
11,30,1984,2.0
12,01,1984,2.1
12,02,1984,1.9
12,03,1984,2.6
12,04,1984,6.0
12,05,1984,1.5
12,06,1984,2.0
12,07,1984,2.1
12,08,1984,0.1
12,09,1984,1.9
12,10,1984,2.0
12,11,1984,0.9
12,12,1984,2.1
12,13,1984,1.9
12,14,1984,1.0
12,15,1984,1.0
12,16,1984,2.3
12,17,1984,2.8
12,18,1984,2.4
12,19,1984,1.5
12,20,1984,1.9
12,21,1984,2.0
12,22,1984,2.0
12,23,1984,2.2
12,24,1984,2.2
12,25,1984,1.7
12,26,1984,1.0
12,27,1984,2.2
12,28,1984,2.0
12,29,1984,2.8
12,30,1984,1.8
12,31,1984,2.3
01,01,1985,2.1
01,02,1985,1.8
01,03,1985,2.0
01,04,1985,1.2
01,05,1985,1.9
01,06,1985,1.9
01,07,1985,2.1
01,08,1985,2.1
01,09,1985,1.9
01,10,1985,2.6
01,11,1985,2.9
01,12,1985,1.5
01,13,1985,1.1
01,14,1985,3.8
01,15,1985,1.9
01,16,1985,2.5
01,17,1985,3.1
01,18,1985,2.5
01,19,1985,1.9
01,20,1985,3.2
01,21,1985,3.1
01,22,1985,2.0
01,23,1985,2.8
01,24,1985,2.1
01,25,1985,1.2
01,26,1985,1.9
01,27,1985,1.9
01,28,1985,1.9
01,29,1985,1.9
01,30,1985,1.2
01,31,1985,2.1
02,01,1985,4.0
02,02,1985,1.1
02,03,1985,1.7
02,04,1985,1.9
02,05,1985,2.3
02,06,1985,2.0
02,07,1985,1.1
02,08,1985,1.1
02,09,1985,1.1
02,10,1985,1.8
02,11,1985,1.0
02,12,1985,2.2
02,13,1985,2.6
02,14,1985,1.2
02,15,1985,1.1
02,16,1985,1.9
02,17,1985,1.9
02,18,1985,1.2
02,19,1985,2.2
02,20,1985,1.7
02,21,1985,2.2
02,22,1985,1.9
02,23,1985,1.1
02,24,1985,3.1
02,25,1985,2.0
02,26,1985,0.9
02,27,1985,1.2
02,28,1985,1.9
03,01,1985,2.6
03,02,1985,2.5
03,03,1985,1.0
03,04,1985,2.9
03,05,1985,2.1
03,06,1985,2.0
03,07,1985,1.6
03,08,1985,2.4
03,09,1985,2.5
03,10,1985,2.1
03,11,1985,1.8
03,12,1985,2.1
03,13,1985,2.5
03,14,1985,1.5
03,15,1985,1.1
03,16,1985,2.9
03,17,1985,0.9
03,18,1985,2.1
03,19,1985,0.6
03,20,1985,1.9
03,21,1985,0.8
03,22,1985,3.4
03,23,1985,1.9
03,24,1985,1.9
03,25,1985,2.0
03,26,1985,3.1
03,27,1985,2.8
03,28,1985,2.3
03,29,1985,1.2
03,30,1985,2.5
03,31,1985,null
04,01,1985,null
04,02,1985,null
04,03,1985,null
04,04,1985,null
04,05,1985,null
04,06,1985,null
04,07,1985,null
04,08,1985,null
04,09,1985,null
04,10,1985,null
04,11,1985,null
04,12,1985,null
04,13,1985,null
04,14,1985,null
04,15,1985,null
04,16,1985,null
04,17,1985,null
04,18,1985,null
04,19,1985,null
04,20,1985,null
04,21,1985,null
04,22,1985,null
04,23,1985,null
04,24,1985,null
04,25,1985,null
04,26,1985,null
04,27,1985,null
04,28,1985,null
04,29,1985,null
04,30,1985,null
05,01,1985,2.1
05,02,1985,2.1
05,03,1985,2.4
05,04,1985,2.0
05,05,1985,1.1
05,06,1985,2.0
05,07,1985,3.1
05,08,1985,2.9
05,09,1985,3.1
05,10,1985,3.9
05,11,1985,4.0
05,12,1985,2.0
05,13,1985,4.1
05,14,1985,2.1
05,15,1985,2.0
05,16,1985,1.9
05,17,1985,2.1
05,18,1985,4.2
05,19,1985,1.9
05,20,1985,3.9
05,21,1985,2.2
05,22,1985,3.1
05,23,1985,2.7
05,24,1985,2.1
05,25,1985,4.1
05,26,1985,1.9
05,27,1985,2.1
05,28,1985,1.9
05,29,1985,2.2
05,30,1985,2.7
05,31,1985,2.6
06,01,1985,2.6
06,02,1985,2.7
06,03,1985,2.3
06,04,1985,1.7
06,05,1985,2.3
06,06,1985,2.0
06,07,1985,5.9
06,08,1985,3.0
06,09,1985,3.0
06,10,1985,0.9
06,11,1985,2.0
06,12,1985,2.9
06,13,1985,2.9
06,14,1985,3.3
06,15,1985,4.8
06,16,1985,2.0
06,17,1985,3.1
06,18,1985,2.1
06,19,1985,2.2
06,20,1985,1.6
06,21,1985,2.1
06,22,1985,2.9
06,23,1985,3.1
06,24,1985,2.1
06,25,1985,1.9
06,26,1985,2.0
06,27,1985,1.4
06,28,1985,4.1
06,29,1985,3.1
06,30,1985,2.8
07,01,1985,null
07,02,1985,null
07,03,1985,null
07,04,1985,null
07,05,1985,null
07,06,1985,null
07,07,1985,null
07,08,1985,null
07,09,1985,null
07,10,1985,null
07,11,1985,null
07,12,1985,null
07,13,1985,null
07,14,1985,null
07,15,1985,null
07,16,1985,null
07,17,1985,null
07,18,1985,null
07,19,1985,null
07,20,1985,null
07,21,1985,null
07,22,1985,null
07,23,1985,null
07,24,1985,null
07,25,1985,null
07,26,1985,null
07,27,1985,null
07,28,1985,null
07,29,1985,null
07,30,1985,null
07,31,1985,null
08,01,1985,2.2
08,02,1985,3.9
08,03,1985,4.0
08,04,1985,1.7
08,05,1985,1.8
08,06,1985,2.1
08,07,1985,1.0
08,08,1985,1.1
08,09,1985,3.8
08,10,1985,2.6
08,11,1985,2.6
08,12,1985,3.7
08,13,1985,4.4
08,14,1985,5.5
08,15,1985,3.0
08,16,1985,3.0
08,17,1985,5.5
08,18,1985,4.1
08,19,1985,4.0
08,20,1985,2.8
08,21,1985,2.4
08,22,1985,4.0
08,23,1985,3.1
08,24,1985,2.8
08,25,1985,4.1
08,26,1985,4.1
08,27,1985,3.0
08,28,1985,4.3
08,29,1985,4.4
08,30,1985,2.5
08,31,1985,2.4
09,01,1985,2.8
09,02,1985,2.0
09,03,1985,2.0
09,04,1985,3.0
09,05,1985,1.4
09,06,1985,1.7
09,07,1985,5.8
09,08,1985,2.8
09,09,1985,2.2
09,10,1985,1.1
09,11,1985,2.9
09,12,1985,0.4
09,13,1985,2.6
09,14,1985,2.3
09,15,1985,1.6
09,16,1985,1.9
09,17,1985,1.1
09,18,1985,2.5
09,19,1985,1.1
09,20,1985,2.0
09,21,1985,1.5
09,22,1985,1.6
09,23,1985,2.9
09,24,1985,1.9
09,25,1985,3.1
09,26,1985,1.4
09,27,1985,1.7
09,28,1985,1.5
09,29,1985,1.5
09,30,1985,3.0
10,01,1985,1.1
10,02,1985,1.0
10,03,1985,4.5
10,04,1985,2.3
10,05,1985,2.7
10,06,1985,2.0
10,07,1985,1.4
10,08,1985,3.0
10,09,1985,2.0
10,10,1985,2.0
10,11,1985,0.7
10,12,1985,1.3
10,13,1985,2.0
10,14,1985,0.9
10,15,1985,3.2
10,16,1985,1.0
10,17,1985,2.9
10,18,1985,2.9
10,19,1985,1.8
10,20,1985,1.3
10,21,1985,2.6
10,22,1985,3.1
10,23,1985,2.0
10,24,1985,2.0
10,25,1985,1.4
10,26,1985,2.0
10,27,1985,2.0
10,28,1985,1.9
10,29,1985,2.1
10,30,1985,2.1
10,31,1985,1.0
11,01,1985,1.9
11,02,1985,2.1
11,03,1985,2.0
11,04,1985,1.9
11,05,1985,2.0
11,06,1985,4.1
11,07,1985,6.8
11,08,1985,1.0
11,09,1985,2.2
11,10,1985,1.0
11,11,1985,1.0
11,12,1985,2.0
11,13,1985,1.0
11,14,1985,2.0
11,15,1985,2.2
11,16,1985,2.4
11,17,1985,3.8
11,18,1985,1.0
11,19,1985,1.9
11,20,1985,2.1
11,21,1985,2.5
11,22,1985,2.3
11,23,1985,1.7
11,24,1985,2.9
11,25,1985,2.1
11,26,1985,1.8
11,27,1985,2.9
11,28,1985,1.2
11,29,1985,2.1
11,30,1985,2.1
12,01,1985,1.9
12,02,1985,1.0
12,03,1985,4.7
12,04,1985,2.4
12,05,1985,1.9
12,06,1985,2.0
12,07,1985,2.0
12,08,1985,1.8
12,09,1985,2.0
12,10,1985,2.2
12,11,1985,1.7
12,12,1985,2.2
12,13,1985,1.6
12,14,1985,1.9
12,15,1985,2.8
12,16,1985,2.0
12,17,1985,1.0
12,18,1985,0.8
12,19,1985,2.0
12,20,1985,1.3
12,21,1985,2.1
12,22,1985,2.7
12,23,1985,1.8
12,24,1985,1.3
12,25,1985,2.8
12,26,1985,1.3
12,27,1985,1.7
12,28,1985,1.1
12,29,1985,3.7
12,30,1985,2.2
12,31,1985,4.0
01,01,1986,1.0
01,02,1986,1.7
01,03,1986,3.4
01,04,1986,4.0
01,05,1986,3.9
01,06,1986,2.1
01,07,1986,1.1
01,08,1986,4.9
01,09,1986,1.8
01,10,1986,3.2
01,11,1986,2.9
01,12,1986,3.0
01,13,1986,4.1
01,14,1986,4.0
01,15,1986,3.0
01,16,1986,3.7
01,17,1986,3.1
01,18,1986,3.2
01,19,1986,3.0
01,20,1986,2.0
01,21,1986,1.0
01,22,1986,1.1
01,23,1986,1.8
01,24,1986,1.1
01,25,1986,1.5
01,26,1986,0.7
01,27,1986,2.7
01,28,1986,1.3
01,29,1986,2.1
01,30,1986,1.2
01,31,1986,3.2
02,01,1986,1.2
02,02,1986,0.1
02,03,1986,0.3
02,04,1986,0.9
02,05,1986,1.8
02,06,1986,0.6
02,07,1986,1.1
02,08,1986,1.1
02,09,1986,1.1
02,10,1986,1.8
02,11,1986,2.8
02,12,1986,6.9
02,13,1986,3.4
02,14,1986,0.3
02,15,1986,1.2
02,16,1986,1.2
02,17,1986,1.7
02,18,1986,1.7
02,19,1986,0.7
02,20,1986,1.2
02,21,1986,1.0
02,22,1986,2.4
02,23,1986,0.9
02,24,1986,1.9
02,25,1986,0.6
02,26,1986,1.2
02,27,1986,1.2
02,28,1986,2.5
03,01,1986,0.2
03,02,1986,1.3
03,03,1986,1.2
03,04,1986,1.1
03,05,1986,3.1
03,06,1986,1.6
03,07,1986,1.4
03,08,1986,1.1
03,09,1986,1.2
03,10,1986,1.1
03,11,1986,1.1
03,12,1986,1.5
03,13,1986,1.0
03,14,1986,1.0
03,15,1986,1.4
03,16,1986,1.1
03,17,1986,1.8
03,18,1986,1.2
03,19,1986,1.0
03,20,1986,2.4
03,21,1986,1.3
03,22,1986,1.5
03,23,1986,1.2
03,24,1986,2.1
03,25,1986,1.2
03,26,1986,1.2
03,27,1986,0.9
03,28,1986,1.3
03,29,1986,2.6
03,30,1986,1.5
03,31,1986,2.0
04,01,1986,1.2
04,02,1986,3.0
04,03,1986,5.2
04,04,1986,3.6
04,05,1986,6.2
04,06,1986,4.3
04,07,1986,4.3
04,08,1986,4.0
04,09,1986,3.2
04,10,1986,1.7
04,11,1986,1.1
04,12,1986,1.2
04,13,1986,1.4
04,14,1986,1.1
04,15,1986,1.0
04,16,1986,1.1
04,17,1986,1.1
04,18,1986,2.1
04,19,1986,2.0
04,20,1986,2.0
04,21,1986,3.0
04,22,1986,2.0
04,23,1986,2.3
04,24,1986,1.9
04,25,1986,1.1
04,26,1986,2.0
04,27,1986,2.0
04,28,1986,1.9
04,29,1986,2.0
04,30,1986,1.1
05,01,1986,5.0
05,02,1986,4.0
05,03,1986,2.1
05,04,1986,5.0
05,05,1986,4.0
05,06,1986,4.0
05,07,1986,5.9
05,08,1986,3.2
05,09,1986,4.8
05,10,1986,5.9
05,11,1986,3.2
05,12,1986,3.1
05,13,1986,7.1
05,14,1986,6.4
05,15,1986,5.0
05,16,1986,4.5
05,17,1986,2.8
05,18,1986,5.1
05,19,1986,5.1
05,20,1986,3.3
05,21,1986,2.0
05,22,1986,2.6
05,23,1986,4.7
05,24,1986,3.4
05,25,1986,3.9
05,26,1986,4.6
05,27,1986,4.9
05,28,1986,4.8
05,29,1986,5.1
05,30,1986,4.0
05,31,1986,3.0
06,01,1986,5.0
06,02,1986,2.4
06,03,1986,5.0
06,04,1986,5.9
06,05,1986,4.9
06,06,1986,2.2
06,07,1986,1.3
06,08,1986,3.6
06,09,1986,3.8
06,10,1986,4.1
06,11,1986,4.0
06,12,1986,5.2
06,13,1986,1.3
06,14,1986,3.1
06,15,1986,3.4
06,16,1986,4.1
06,17,1986,4.2
06,18,1986,4.2
06,19,1986,2.2
06,20,1986,2.7
06,21,1986,3.6
06,22,1986,2.9
06,23,1986,4.3
06,24,1986,2.1
06,25,1986,2.2
06,26,1986,3.1
06,27,1986,2.7
06,28,1986,2.6
06,29,1986,4.6
06,30,1986,2.4
07,01,1986,3.2
07,02,1986,1.8
07,03,1986,2.0
07,04,1986,3.0
07,05,1986,4.1
07,06,1986,4.7
07,07,1986,3.9
07,08,1986,4.6
07,09,1986,4.6
07,10,1986,4.1
07,11,1986,3.8
07,12,1986,5.4
07,13,1986,5.9
07,14,1986,4.5
07,15,1986,4.3
07,16,1986,5.7
07,17,1986,5.5
07,18,1986,5.2
07,19,1986,4.5
07,20,1986,2.5
07,21,1986,3.9
07,22,1986,3.6
07,23,1986,3.8
07,24,1986,4.2
07,25,1986,3.8
07,26,1986,3.3
07,27,1986,3.3
07,28,1986,2.0
07,29,1986,2.0
07,30,1986,2.4
07,31,1986,3.6
08,01,1986,3.8
08,02,1986,3.3
08,03,1986,4.8
08,04,1986,2.9
08,05,1986,2.8
08,06,1986,4.5
08,07,1986,4.1
08,08,1986,2.8
08,09,1986,4.1
08,10,1986,2.9
08,11,1986,5.5
08,12,1986,2.3
08,13,1986,1.9
08,14,1986,3.1
08,15,1986,4.2
08,16,1986,3.8
08,17,1986,4.8
08,18,1986,2.5
08,19,1986,3.5
08,20,1986,3.8
08,21,1986,2.3
08,22,1986,2.1
08,23,1986,4.2
08,24,1986,3.1
08,25,1986,4.7
08,26,1986,3.7
08,27,1986,3.6
08,28,1986,2.9
08,29,1986,3.3
08,30,1986,3.8
08,31,1986,4.7
09,01,1986,2.9
09,02,1986,2.0
09,03,1986,2.1
09,04,1986,2.7
09,05,1986,2.9
09,06,1986,2.3
09,07,1986,4.9
09,08,1986,4.8
09,09,1986,1.9
09,10,1986,5.1
09,11,1986,3.0
09,12,1986,4.2
09,13,1986,1.7
09,14,1986,2.6
09,15,1986,3.2
09,16,1986,2.8
09,17,1986,5.1
09,18,1986,2.9
09,19,1986,4.0
09,20,1986,1.9
09,21,1986,2.2
09,22,1986,4.9
09,23,1986,2.2
09,24,1986,3.1
09,25,1986,3.2
09,26,1986,3.0
09,27,1986,1.8
09,28,1986,3.0
09,29,1986,2.2
09,30,1986,1.2
10,01,1986,1.9
10,02,1986,4.0
10,03,1986,7.0
10,04,1986,3.0
10,05,1986,6.4
10,06,1986,3.2
10,07,1986,3.9
10,08,1986,1.2
10,09,1986,4.9
10,10,1986,3.1
10,11,1986,2.1
10,12,1986,0.4
10,13,1986,1.2
10,14,1986,2.1
10,15,1986,3.0
10,16,1986,1.9
10,17,1986,3.1
10,18,1986,2.9
10,19,1986,2.0
10,20,1986,4.3
10,21,1986,4.1
10,22,1986,2.3
10,23,1986,4.2
10,24,1986,2.7
10,25,1986,3.0
10,26,1986,4.5
10,27,1986,5.5
10,28,1986,4.5
10,29,1986,2.1
10,30,1986,3.4
10,31,1986,3.3
11,01,1986,0.6
11,02,1986,5.1
11,03,1986,4.9
11,04,1986,4.2
11,05,1986,4.4
11,06,1986,4.0
11,07,1986,5.1
11,08,1986,3.7
11,09,1986,3.2
11,10,1986,3.2
11,11,1986,3.6
11,12,1986,1.5
11,13,1986,5.0
11,14,1986,2.3
11,15,1986,4.5
11,16,1986,3.1
11,17,1986,4.1
11,18,1986,6.0
11,19,1986,1.5
11,20,1986,4.9
11,21,1986,4.0
11,22,1986,4.2
11,23,1986,5.4
11,24,1986,4.3
11,25,1986,5.4
11,26,1986,4.0
11,27,1986,1.8
11,28,1986,5.7
11,29,1986,9.3
11,30,1986,3.2
12,01,1986,4.6
12,02,1986,1.8
12,03,1986,5.7
12,04,1986,5.3
12,05,1986,2.3
12,06,1986,4.3
12,07,1986,6.6
12,08,1986,3.8
12,09,1986,1.4
12,10,1986,4.0
12,11,1986,0.1
12,12,1986,4.6
12,13,1986,4.1
12,14,1986,1.2
12,15,1986,0.3
12,16,1986,3.2
12,17,1986,6.3
12,18,1986,5.6
12,19,1986,4.3
12,20,1986,3.1
12,21,1986,5.8
12,22,1986,1.0
12,23,1986,7.9
12,24,1986,4.9
12,25,1986,5.0
12,26,1986,1.3
12,27,1986,1.1
12,28,1986,2.5
12,29,1986,2.2
12,30,1986,3.9
12,31,1986,4.1
01,01,1987,null
01,02,1987,null
01,03,1987,null
01,04,1987,null
01,05,1987,null
01,06,1987,null
01,07,1987,null
01,08,1987,null
01,09,1987,null
01,10,1987,null
01,11,1987,null
01,12,1987,null
01,13,1987,null
01,14,1987,null
01,15,1987,null
01,16,1987,null
01,17,1987,null
01,18,1987,null
01,19,1987,null
01,20,1987,null
01,21,1987,null
01,22,1987,null
01,23,1987,null
01,24,1987,null
01,25,1987,null
01,26,1987,null
01,27,1987,null
01,28,1987,null
01,29,1987,null
01,30,1987,null
01,31,1987,null
02,01,1987,null
02,02,1987,null
02,03,1987,null
02,04,1987,null
02,05,1987,null
02,06,1987,null
02,07,1987,null
02,08,1987,null
02,09,1987,null
02,10,1987,null
02,11,1987,null
02,12,1987,null
02,13,1987,null
02,14,1987,null
02,15,1987,null
02,16,1987,null
02,17,1987,null
02,18,1987,null
02,19,1987,null
02,20,1987,null
02,21,1987,null
02,22,1987,null
02,23,1987,null
02,24,1987,null
02,25,1987,null
02,26,1987,null
02,27,1987,null
02,28,1987,null
03,01,1987,null
03,02,1987,null
03,03,1987,null
03,04,1987,null
03,05,1987,null
03,06,1987,null
03,07,1987,null
03,08,1987,null
03,09,1987,null
03,10,1987,null
03,11,1987,null
03,12,1987,null
03,13,1987,null
03,14,1987,null
03,15,1987,null
03,16,1987,null
03,17,1987,null
03,18,1987,null
03,19,1987,null
03,20,1987,null
03,21,1987,null
03,22,1987,null
03,23,1987,null
03,24,1987,null
03,25,1987,null
03,26,1987,null
03,27,1987,null
03,28,1987,null
03,29,1987,null
03,30,1987,null
03,31,1987,null
04,01,1987,null
04,02,1987,null
04,03,1987,null
04,04,1987,null
04,05,1987,null
04,06,1987,null
04,07,1987,null
04,08,1987,null
04,09,1987,null
04,10,1987,null
04,11,1987,null
04,12,1987,null
04,13,1987,null
04,14,1987,null
04,15,1987,null
04,16,1987,null
04,17,1987,null
04,18,1987,null
04,19,1987,null
04,20,1987,null
04,21,1987,null
04,22,1987,null
04,23,1987,null
04,24,1987,null
04,25,1987,null
04,26,1987,null
04,27,1987,null
04,28,1987,null
04,29,1987,null
04,30,1987,null
05,01,1987,null
05,02,1987,null
05,03,1987,null
05,04,1987,null
05,05,1987,null
05,06,1987,null
05,07,1987,null
05,08,1987,null
05,09,1987,null
05,10,1987,null
05,11,1987,null
05,12,1987,null
05,13,1987,null
05,14,1987,null
05,15,1987,null
05,16,1987,null
05,17,1987,null
05,18,1987,null
05,19,1987,null
05,20,1987,null
05,21,1987,null
05,22,1987,null
05,23,1987,null
05,24,1987,null
05,25,1987,null
05,26,1987,null
05,27,1987,null
05,28,1987,null
05,29,1987,null
05,30,1987,null
05,31,1987,null
06,01,1987,null
06,02,1987,null
06,03,1987,null
06,04,1987,null
06,05,1987,null
06,06,1987,null
06,07,1987,null
06,08,1987,null
06,09,1987,null
06,10,1987,null
06,11,1987,null
06,12,1987,null
06,13,1987,null
06,14,1987,null
06,15,1987,null
06,16,1987,null
06,17,1987,null
06,18,1987,null
06,19,1987,null
06,20,1987,null
06,21,1987,null
06,22,1987,null
06,23,1987,null
06,24,1987,null
06,25,1987,null
06,26,1987,null
06,27,1987,null
06,28,1987,null
06,29,1987,null
06,30,1987,null
07,01,1987,null
07,02,1987,null
07,03,1987,null
07,04,1987,null
07,05,1987,null
07,06,1987,null
07,07,1987,null
07,08,1987,null
07,09,1987,null
07,10,1987,null
07,11,1987,null
07,12,1987,null
07,13,1987,null
07,14,1987,null
07,15,1987,null
07,16,1987,null
07,17,1987,null
07,18,1987,null
07,19,1987,null
07,20,1987,null
07,21,1987,null
07,22,1987,null
07,23,1987,null
07,24,1987,null
07,25,1987,null
07,26,1987,null
07,27,1987,null
07,28,1987,null
07,29,1987,null
07,30,1987,null
07,31,1987,null
08,01,1987,null
08,02,1987,null
08,03,1987,null
08,04,1987,null
08,05,1987,null
08,06,1987,null
08,07,1987,null
08,08,1987,null
08,09,1987,null
08,10,1987,null
08,11,1987,null
08,12,1987,null
08,13,1987,null
08,14,1987,null
08,15,1987,null
08,16,1987,null
08,17,1987,null
08,18,1987,null
08,19,1987,null
08,20,1987,null
08,21,1987,null
08,22,1987,null
08,23,1987,null
08,24,1987,null
08,25,1987,null
08,26,1987,null
08,27,1987,null
08,28,1987,null
08,29,1987,null
08,30,1987,null
08,31,1987,null
09,01,1987,null
09,02,1987,null
09,03,1987,null
09,04,1987,null
09,05,1987,null
09,06,1987,null
09,07,1987,null
09,08,1987,null
09,09,1987,null
09,10,1987,null
09,11,1987,null
09,12,1987,null
09,13,1987,null
09,14,1987,null
09,15,1987,null
09,16,1987,null
09,17,1987,null
09,18,1987,null
09,19,1987,null
09,20,1987,null
09,21,1987,null
09,22,1987,null
09,23,1987,null
09,24,1987,null
09,25,1987,null
09,26,1987,null
09,27,1987,null
09,28,1987,null
09,29,1987,null
09,30,1987,null
10,01,1987,null
10,02,1987,null
10,03,1987,null
10,04,1987,null
10,05,1987,null
10,06,1987,null
10,07,1987,null
10,08,1987,null
10,09,1987,null
10,10,1987,null
10,11,1987,null
10,12,1987,null
10,13,1987,null
10,14,1987,null
10,15,1987,null
10,16,1987,null
10,17,1987,null
10,18,1987,null
10,19,1987,null
10,20,1987,null
10,21,1987,null
10,22,1987,null
10,23,1987,null
10,24,1987,null
10,25,1987,null
10,26,1987,null
10,27,1987,null
10,28,1987,null
10,29,1987,null
10,30,1987,null
10,31,1987,null
11,01,1987,null
11,02,1987,null
11,03,1987,null
11,04,1987,null
11,05,1987,null
11,06,1987,null
11,07,1987,null
11,08,1987,null
11,09,1987,null
11,10,1987,null
11,11,1987,null
11,12,1987,null
11,13,1987,null
11,14,1987,null
11,15,1987,null
11,16,1987,null
11,17,1987,null
11,18,1987,null
11,19,1987,null
11,20,1987,null
11,21,1987,null
11,22,1987,null
11,23,1987,null
11,24,1987,null
11,25,1987,null
11,26,1987,null
11,27,1987,null
11,28,1987,null
11,29,1987,null
11,30,1987,null
12,01,1987,null
12,02,1987,null
12,03,1987,null
12,04,1987,null
12,05,1987,null
12,06,1987,null
12,07,1987,null
12,08,1987,null
12,09,1987,null
12,10,1987,null
12,11,1987,null
12,12,1987,null
12,13,1987,null
12,14,1987,null
12,15,1987,null
12,16,1987,null
12,17,1987,null
12,18,1987,null
12,19,1987,null
12,20,1987,null
12,21,1987,null
12,22,1987,null
12,23,1987,null
12,24,1987,null
12,25,1987,null
12,26,1987,null
12,27,1987,null
12,28,1987,null
12,29,1987,null
12,30,1987,null
12,31,1987,null
01,01,1988,null
01,02,1988,null
01,03,1988,null
01,04,1988,null
01,05,1988,null
01,06,1988,null
01,07,1988,null
01,08,1988,null
01,09,1988,null
01,10,1988,null
01,11,1988,null
01,12,1988,null
01,13,1988,null
01,14,1988,null
01,15,1988,null
01,16,1988,null
01,17,1988,null
01,18,1988,null
01,19,1988,null
01,20,1988,null
01,21,1988,null
01,22,1988,null
01,23,1988,null
01,24,1988,null
01,25,1988,null
01,26,1988,null
01,27,1988,null
01,28,1988,null
01,29,1988,null
01,30,1988,null
01,31,1988,null
02,01,1988,null
02,02,1988,null
02,03,1988,null
02,04,1988,null
02,05,1988,null
02,06,1988,null
02,07,1988,null
02,08,1988,null
02,09,1988,null
02,10,1988,null
02,11,1988,null
02,12,1988,null
02,13,1988,null
02,14,1988,null
02,15,1988,null
02,16,1988,null
02,17,1988,null
02,18,1988,null
02,19,1988,null
02,20,1988,null
02,21,1988,null
02,22,1988,null
02,23,1988,null
02,24,1988,null
02,25,1988,null
02,26,1988,null
02,27,1988,null
02,28,1988,null
02,29,1988,null
03,01,1988,null
03,02,1988,null
03,03,1988,null
03,04,1988,null
03,05,1988,null
03,06,1988,null
03,07,1988,null
03,08,1988,null
03,09,1988,null
03,10,1988,null
03,11,1988,null
03,12,1988,null
03,13,1988,null
03,14,1988,null
03,15,1988,null
03,16,1988,null
03,17,1988,null
03,18,1988,null
03,19,1988,null
03,20,1988,null
03,21,1988,null
03,22,1988,null
03,23,1988,null
03,24,1988,null
03,25,1988,null
03,26,1988,null
03,27,1988,null
03,28,1988,null
03,29,1988,null
03,30,1988,null
03,31,1988,null
04,01,1988,null
04,02,1988,null
04,03,1988,null
04,04,1988,null
04,05,1988,null
04,06,1988,null
04,07,1988,null
04,08,1988,null
04,09,1988,null
04,10,1988,null
04,11,1988,null
04,12,1988,null
04,13,1988,null
04,14,1988,null
04,15,1988,null
04,16,1988,null
04,17,1988,null
04,18,1988,null
04,19,1988,null
04,20,1988,null
04,21,1988,null
04,22,1988,null
04,23,1988,null
04,24,1988,null
04,25,1988,null
04,26,1988,null
04,27,1988,null
04,28,1988,null
04,29,1988,null
04,30,1988,null
05,01,1988,null
05,02,1988,null
05,03,1988,null
05,04,1988,null
05,05,1988,null
05,06,1988,null
05,07,1988,null
05,08,1988,null
05,09,1988,null
05,10,1988,null
05,11,1988,null
05,12,1988,null
05,13,1988,null
05,14,1988,null
05,15,1988,null
05,16,1988,null
05,17,1988,null
05,18,1988,null
05,19,1988,null
05,20,1988,null
05,21,1988,null
05,22,1988,null
05,23,1988,null
05,24,1988,null
05,25,1988,null
05,26,1988,null
05,27,1988,null
05,28,1988,null
05,29,1988,null
05,30,1988,null
05,31,1988,null
06,01,1988,null
06,02,1988,null
06,03,1988,null
06,04,1988,null
06,05,1988,null
06,06,1988,null
06,07,1988,null
06,08,1988,null
06,09,1988,null
06,10,1988,null
06,11,1988,null
06,12,1988,null
06,13,1988,null
06,14,1988,null
06,15,1988,null
06,16,1988,null
06,17,1988,null
06,18,1988,null
06,19,1988,null
06,20,1988,null
06,21,1988,null
06,22,1988,null
06,23,1988,null
06,24,1988,null
06,25,1988,null
06,26,1988,null
06,27,1988,null
06,28,1988,null
06,29,1988,null
06,30,1988,null
07,01,1988,null
07,02,1988,null
07,03,1988,null
07,04,1988,null
07,05,1988,null
07,06,1988,null
07,07,1988,null
07,08,1988,null
07,09,1988,null
07,10,1988,null
07,11,1988,null
07,12,1988,null
07,13,1988,null
07,14,1988,null
07,15,1988,null
07,16,1988,null
07,17,1988,null
07,18,1988,null
07,19,1988,null
07,20,1988,null
07,21,1988,null
07,22,1988,null
07,23,1988,null
07,24,1988,null
07,25,1988,null
07,26,1988,null
07,27,1988,null
07,28,1988,null
07,29,1988,null
07,30,1988,null
07,31,1988,null
08,01,1988,null
08,02,1988,null
08,03,1988,null
08,04,1988,null
08,05,1988,null
08,06,1988,null
08,07,1988,null
08,08,1988,null
08,09,1988,null
08,10,1988,null
08,11,1988,null
08,12,1988,null
08,13,1988,null
08,14,1988,null
08,15,1988,null
08,16,1988,null
08,17,1988,null
08,18,1988,null
08,19,1988,null
08,20,1988,null
08,21,1988,null
08,22,1988,null
08,23,1988,null
08,24,1988,null
08,25,1988,null
08,26,1988,null
08,27,1988,null
08,28,1988,null
08,29,1988,null
08,30,1988,null
08,31,1988,null
09,01,1988,null
09,02,1988,null
09,03,1988,null
09,04,1988,null
09,05,1988,null
09,06,1988,null
09,07,1988,null
09,08,1988,null
09,09,1988,null
09,10,1988,null
09,11,1988,null
09,12,1988,null
09,13,1988,null
09,14,1988,null
09,15,1988,null
09,16,1988,null
09,17,1988,null
09,18,1988,null
09,19,1988,null
09,20,1988,null
09,21,1988,null
09,22,1988,null
09,23,1988,null
09,24,1988,null
09,25,1988,null
09,26,1988,null
09,27,1988,null
09,28,1988,null
09,29,1988,null
09,30,1988,null
10,01,1988,null
10,02,1988,null
10,03,1988,null
10,04,1988,null
10,05,1988,null
10,06,1988,null
10,07,1988,null
10,08,1988,null
10,09,1988,null
10,10,1988,null
10,11,1988,null
10,12,1988,null
10,13,1988,null
10,14,1988,null
10,15,1988,null
10,16,1988,null
10,17,1988,null
10,18,1988,null
10,19,1988,null
10,20,1988,null
10,21,1988,null
10,22,1988,null
10,23,1988,null
10,24,1988,null
10,25,1988,null
10,26,1988,null
10,27,1988,null
10,28,1988,null
10,29,1988,null
10,30,1988,null
10,31,1988,null
11,01,1988,null
11,02,1988,null
11,03,1988,null
11,04,1988,null
11,05,1988,null
11,06,1988,null
11,07,1988,null
11,08,1988,null
11,09,1988,null
11,10,1988,null
11,11,1988,null
11,12,1988,null
11,13,1988,null
11,14,1988,null
11,15,1988,null
11,16,1988,null
11,17,1988,null
11,18,1988,null
11,19,1988,null
11,20,1988,null
11,21,1988,null
11,22,1988,null
11,23,1988,null
11,24,1988,null
11,25,1988,null
11,26,1988,null
11,27,1988,null
11,28,1988,null
11,29,1988,null
11,30,1988,null
12,01,1988,null
12,02,1988,null
12,03,1988,null
12,04,1988,null
12,05,1988,null
12,06,1988,null
12,07,1988,null
12,08,1988,null
12,09,1988,null
12,10,1988,null
12,11,1988,null
12,12,1988,null
12,13,1988,null
12,14,1988,null
12,15,1988,null
12,16,1988,null
12,17,1988,null
12,18,1988,null
12,19,1988,null
12,20,1988,null
12,21,1988,null
12,22,1988,null
12,23,1988,null
12,24,1988,null
12,25,1988,null
12,26,1988,null
12,27,1988,null
12,28,1988,null
12,29,1988,null
12,30,1988,null
12,31,1988,null
01,01,1989,null
01,02,1989,null
01,03,1989,null
01,04,1989,null
01,05,1989,null
01,06,1989,null
01,07,1989,null
01,08,1989,null
01,09,1989,null
01,10,1989,null
01,11,1989,null
01,12,1989,null
01,13,1989,null
01,14,1989,null
01,15,1989,null
01,16,1989,null
01,17,1989,null
01,18,1989,null
01,19,1989,null
01,20,1989,null
01,21,1989,null
01,22,1989,null
01,23,1989,null
01,24,1989,null
01,25,1989,null
01,26,1989,null
01,27,1989,null
01,28,1989,null
01,29,1989,null
01,30,1989,null
01,31,1989,null
02,01,1989,null
02,02,1989,null
02,03,1989,null
02,04,1989,null
02,05,1989,null
02,06,1989,null
02,07,1989,null
02,08,1989,null
02,09,1989,null
02,10,1989,null
02,11,1989,null
02,12,1989,null
02,13,1989,null
02,14,1989,null
02,15,1989,null
02,16,1989,null
02,17,1989,null
02,18,1989,null
02,19,1989,null
02,20,1989,null
02,21,1989,null
02,22,1989,null
02,23,1989,null
02,24,1989,null
02,25,1989,null
02,26,1989,null
02,27,1989,null
02,28,1989,null
03,01,1989,4.06
03,02,1989,2.66
03,03,1989,3.21
03,04,1989,5.55
03,05,1989,4.68
03,06,1989,1.9
03,07,1989,5.0
03,08,1989,2.63
03,09,1989,3.24
03,10,1989,3.52
03,11,1989,4.49
03,12,1989,2.87
03,13,1989,3.58
03,14,1989,5.8
03,15,1989,3.88
03,16,1989,6.44
03,17,1989,4.37
03,18,1989,4.98
03,19,1989,5.79
03,20,1989,5.6
03,21,1989,5.3
03,22,1989,5.05
03,23,1989,9.52
03,24,1989,6.95
03,25,1989,3.09
03,26,1989,4.57
03,27,1989,6.54
03,28,1989,7.25
03,29,1989,8.01
03,30,1989,4.62
03,31,1989,1.34
04,01,1989,6.06
04,02,1989,7.55
04,03,1989,3.58
04,04,1989,8.2
04,05,1989,5.9
04,06,1989,0.63
04,07,1989,9.71
04,08,1989,4.55
04,09,1989,6.18
04,10,1989,8.04
04,11,1989,10.21
04,12,1989,6.89
04,13,1989,5.88
04,14,1989,1.81
04,15,1989,11.61
04,16,1989,3.06
04,17,1989,3.97
04,18,1989,4.69
04,19,1989,4.5
04,20,1989,5.66
04,21,1989,5.82
04,22,1989,4.38
04,23,1989,5.22
04,24,1989,3.66
04,25,1989,6.56
04,26,1989,5.47
04,27,1989,6.43
04,28,1989,8.27
04,29,1989,8.13
04,30,1989,7.24
05,01,1989,7.89
05,02,1989,0.11
05,03,1989,6.58
05,04,1989,5.07
05,05,1989,3.89
05,06,1989,3.98
05,07,1989,4.98
05,08,1989,4.37
05,09,1989,7.01
05,10,1989,5.26
05,11,1989,5.71
05,12,1989,6.42
05,13,1989,7.4
05,14,1989,8.84
05,15,1989,8.88
05,16,1989,9.82
05,17,1989,9.31
05,18,1989,8.5
05,19,1989,7.86
05,20,1989,6.74
05,21,1989,6.35
05,22,1989,7.83
05,23,1989,7.6
05,24,1989,5.8
05,25,1989,1.58
05,26,1989,2.64
05,27,1989,1.26
05,28,1989,5.99
05,29,1989,4.66
05,30,1989,6.48
05,31,1989,2.47
06,01,1989,5.07
06,02,1989,5.08
06,03,1989,4.47
06,04,1989,3.09
06,05,1989,7.76
06,06,1989,6.21
06,07,1989,8.34
06,08,1989,8.76
06,09,1989,9.3
06,10,1989,7.47
06,11,1989,9.37
06,12,1989,6.23
06,13,1989,5.83
06,14,1989,5.44
06,15,1989,9.94
06,16,1989,2.54
06,17,1989,2.69
06,18,1989,5.58
06,19,1989,5.12
06,20,1989,4.25
06,21,1989,9.05
06,22,1989,7.08
06,23,1989,5.09
06,24,1989,5.56
06,25,1989,7.17
06,26,1989,6.87
06,27,1989,7.83
06,28,1989,8.91
06,29,1989,1.77
06,30,1989,7.6
07,01,1989,3.24
07,02,1989,2.01
07,03,1989,2.4
07,04,1989,5.5
07,05,1989,1.45
07,06,1989,1.73
07,07,1989,7.76
07,08,1989,1.98
07,09,1989,3.32
07,10,1989,1.94
07,11,1989,1.37
07,12,1989,8.41
07,13,1989,5.05
07,14,1989,9.06
07,15,1989,4.04
07,16,1989,6.55
07,17,1989,5.66
07,18,1989,7.27
07,19,1989,7.13
07,20,1989,3.14
07,21,1989,2.26
07,22,1989,5.65
07,23,1989,6.51
07,24,1989,2.62
07,25,1989,2.03
07,26,1989,3.69
07,27,1989,7.56
07,28,1989,2.97
07,29,1989,9.67
07,30,1989,3.9
07,31,1989,2.31
