Id:,20341
Estación:,SAN FRANCISCO DEL MAR-OAX
Posición:,16.3386111111N -94.5083333333W
Variable:,Evaporación (mm)
Fecha Inicial:,01/01/1979
Fecha Final:,10/01/1989
No Dato:,nan
Mes,Día,Anio,Datos
01,01,1979,null
01,02,1979,null
01,03,1979,null
01,04,1979,null
01,05,1979,null
01,06,1979,null
01,07,1979,null
01,08,1979,null
01,09,1979,null
01,10,1979,null
01,11,1979,null
01,12,1979,null
01,13,1979,null
01,14,1979,null
01,15,1979,null
01,16,1979,null
01,17,1979,null
01,18,1979,null
01,19,1979,null
01,20,1979,null
01,21,1979,null
01,22,1979,null
01,23,1979,3.2
01,24,1979,11.6
01,25,1979,3.8
01,26,1979,4.9
01,27,1979,5.8
01,28,1979,5.8
01,29,1979,3.0
01,30,1979,10.2
01,31,1979,8.5
02,01,1979,4.6
02,02,1979,4.0
02,03,1979,5.7
02,04,1979,5.7
02,05,1979,6.9
02,06,1979,4.5
02,07,1979,5.5
02,08,1979,5.1
02,09,1979,6.5
02,10,1979,4.8
02,11,1979,5.6
02,12,1979,5.5
02,13,1979,5.6
02,14,1979,4.4
02,15,1979,3.7
02,16,1979,6.3
02,17,1979,5.3
02,18,1979,5.4
02,19,1979,6.2
02,20,1979,6.1
02,21,1979,7.0
02,22,1979,4.8
02,23,1979,5.0
02,24,1979,8.5
02,25,1979,4.6
02,26,1979,5.3
02,27,1979,4.7
02,28,1979,6.8
03,01,1979,8.2
03,02,1979,6.8
03,03,1979,8.6
03,04,1979,6.5
03,05,1979,8.5
03,06,1979,8.7
03,07,1979,8.0
03,08,1979,7.3
03,09,1979,6.3
03,10,1979,8.6
03,11,1979,9.7
03,12,1979,5.9
03,13,1979,8.3
03,14,1979,5.8
03,15,1979,8.5
03,16,1979,7.0
03,17,1979,5.9
03,18,1979,5.4
03,19,1979,6.3
03,20,1979,5.7
03,21,1979,6.1
03,22,1979,8.8
03,23,1979,8.1
03,24,1979,9.5
03,25,1979,7.9
03,26,1979,6.1
03,27,1979,6.4
03,28,1979,6.9
03,29,1979,6.6
03,30,1979,7.7
03,31,1979,6.1
04,01,1979,5.2
04,02,1979,6.5
04,03,1979,6.7
04,04,1979,5.1
04,05,1979,11.1
04,06,1979,8.2
04,07,1979,6.8
04,08,1979,5.9
04,09,1979,4.7
04,10,1979,7.2
04,11,1979,7.2
04,12,1979,6.2
04,13,1979,9.1
04,14,1979,8.9
04,15,1979,5.2
04,16,1979,7.3
04,17,1979,4.4
04,18,1979,6.3
04,19,1979,7.9
04,20,1979,5.9
04,21,1979,7.4
04,22,1979,8.1
04,23,1979,7.1
04,24,1979,5.2
04,25,1979,5.3
04,26,1979,7.4
04,27,1979,5.2
04,28,1979,4.8
04,29,1979,6.3
04,30,1979,5.3
05,01,1979,6.1
05,02,1979,5.0
05,03,1979,11.2
05,04,1979,6.7
05,05,1979,8.5
05,06,1979,6.5
05,07,1979,6.8
05,08,1979,9.2
05,09,1979,3.1
05,10,1979,6.8
05,11,1979,7.0
05,12,1979,5.6
05,13,1979,5.7
05,14,1979,5.4
05,15,1979,7.3
05,16,1979,6.1
05,17,1979,4.4
05,18,1979,5.4
05,19,1979,4.1
05,20,1979,3.1
05,21,1979,6.8
05,22,1979,5.2
05,23,1979,5.1
05,24,1979,6.3
05,25,1979,4.2
05,26,1979,14.8
05,27,1979,6.1
05,28,1979,6.0
05,29,1979,6.2
05,30,1979,6.8
05,31,1979,5.3
06,01,1979,null
06,02,1979,null
06,03,1979,null
06,04,1979,null
06,05,1979,null
06,06,1979,null
06,07,1979,null
06,08,1979,null
06,09,1979,null
06,10,1979,null
06,11,1979,null
06,12,1979,null
06,13,1979,null
06,14,1979,null
06,15,1979,null
06,16,1979,null
06,17,1979,null
06,18,1979,null
06,19,1979,null
06,20,1979,null
06,21,1979,null
06,22,1979,null
06,23,1979,null
06,24,1979,null
06,25,1979,null
06,26,1979,null
06,27,1979,null
06,28,1979,null
06,29,1979,null
06,30,1979,null
07,01,1979,null
07,02,1979,null
07,03,1979,null
07,04,1979,null
07,05,1979,null
07,06,1979,null
07,07,1979,null
07,08,1979,null
07,09,1979,null
07,10,1979,null
07,11,1979,null
07,12,1979,null
07,13,1979,null
07,14,1979,null
07,15,1979,null
07,16,1979,null
07,17,1979,null
07,18,1979,null
07,19,1979,null
07,20,1979,null
07,21,1979,null
07,22,1979,null
07,23,1979,null
07,24,1979,null
07,25,1979,null
07,26,1979,null
07,27,1979,null
07,28,1979,null
07,29,1979,null
07,30,1979,null
07,31,1979,null
08,01,1979,null
08,02,1979,null
08,03,1979,null
08,04,1979,null
08,05,1979,null
08,06,1979,null
08,07,1979,null
08,08,1979,null
08,09,1979,null
08,10,1979,null
08,11,1979,null
08,12,1979,null
08,13,1979,null
08,14,1979,null
08,15,1979,null
08,16,1979,null
08,17,1979,null
08,18,1979,null
08,19,1979,null
08,20,1979,null
08,21,1979,null
08,22,1979,null
08,23,1979,null
08,24,1979,null
08,25,1979,null
08,26,1979,null
08,27,1979,null
08,28,1979,null
08,29,1979,null
08,30,1979,null
08,31,1979,null
09,01,1979,7.1
09,02,1979,8.7
09,03,1979,8.7
09,04,1979,5.7
09,05,1979,9.4
09,06,1979,10.0
09,07,1979,5.6
09,08,1979,4.8
09,09,1979,15.5
09,10,1979,6.8
09,11,1979,7.4
09,12,1979,5.9
09,13,1979,7.9
09,14,1979,7.2
09,15,1979,6.5
09,16,1979,6.1
09,17,1979,6.0
09,18,1979,6.8
09,19,1979,6.4
09,20,1979,4.7
09,21,1979,5.4
09,22,1979,7.9
09,23,1979,6.3
09,24,1979,6.3
09,25,1979,5.9
09,26,1979,6.8
09,27,1979,4.4
09,28,1979,5.6
09,29,1979,8.4
09,30,1979,7.6
10,01,1979,5.7
10,02,1979,10.0
10,03,1979,8.5
10,04,1979,6.5
10,05,1979,8.0
10,06,1979,5.6
10,07,1979,6.2
10,08,1979,7.1
10,09,1979,10.8
10,10,1979,6.1
10,11,1979,5.1
10,12,1979,6.1
10,13,1979,4.6
10,14,1979,7.3
10,15,1979,7.9
10,16,1979,6.2
10,17,1979,7.7
10,18,1979,8.3
10,19,1979,7.0
10,20,1979,5.7
10,21,1979,9.6
10,22,1979,7.6
10,23,1979,5.8
10,24,1979,6.7
10,25,1979,5.4
10,26,1979,5.5
10,27,1979,7.5
10,28,1979,6.2
10,29,1979,6.5
10,30,1979,5.7
10,31,1979,6.5
11,01,1979,5.9
11,02,1979,5.5
11,03,1979,6.3
11,04,1979,8.6
11,05,1979,6.6
11,06,1979,8.9
11,07,1979,8.8
11,08,1979,5.3
11,09,1979,3.4
11,10,1979,5.9
11,11,1979,3.8
11,12,1979,5.2
11,13,1979,7.5
11,14,1979,4.6
11,15,1979,6.3
11,16,1979,5.7
11,17,1979,4.5
11,18,1979,3.6
11,19,1979,4.0
11,20,1979,7.9
11,21,1979,6.9
11,22,1979,6.4
11,23,1979,8.7
11,24,1979,4.8
11,25,1979,6.7
11,26,1979,4.5
11,27,1979,8.3
11,28,1979,3.6
11,29,1979,6.1
11,30,1979,4.8
12,01,1979,7.5
12,02,1979,4.1
12,03,1979,6.8
12,04,1979,5.4
12,05,1979,6.1
12,06,1979,5.8
12,07,1979,5.5
12,08,1979,7.0
12,09,1979,6.5
12,10,1979,6.8
12,11,1979,7.7
12,12,1979,7.2
12,13,1979,6.5
12,14,1979,5.7
12,15,1979,5.9
12,16,1979,7.7
12,17,1979,6.5
12,18,1979,7.1
12,19,1979,6.0
12,20,1979,6.8
12,21,1979,4.1
12,22,1979,7.5
12,23,1979,6.5
12,24,1979,5.9
12,25,1979,5.4
12,26,1979,5.9
12,27,1979,7.4
12,28,1979,4.9
12,29,1979,6.4
12,30,1979,6.0
12,31,1979,5.2
01,01,1980,6.7
01,02,1980,6.8
01,03,1980,6.1
01,04,1980,6.7
01,05,1980,8.9
01,06,1980,3.3
01,07,1980,6.4
01,08,1980,3.5
01,09,1980,6.8
01,10,1980,5.8
01,11,1980,7.7
01,12,1980,6.6
01,13,1980,4.0
01,14,1980,6.1
01,15,1980,5.9
01,16,1980,6.9
01,17,1980,2.1
01,18,1980,7.2
01,19,1980,4.5
01,20,1980,5.2
01,21,1980,4.8
01,22,1980,8.0
01,23,1980,5.9
01,24,1980,7.0
01,25,1980,6.7
01,26,1980,8.6
01,27,1980,5.7
01,28,1980,7.6
01,29,1980,6.1
01,30,1980,6.3
01,31,1980,6.5
02,01,1980,6.0
02,02,1980,6.0
02,03,1980,5.9
02,04,1980,5.3
02,05,1980,6.8
02,06,1980,6.6
02,07,1980,6.5
02,08,1980,5.8
02,09,1980,4.6
02,10,1980,6.5
02,11,1980,7.9
02,12,1980,7.0
02,13,1980,6.1
02,14,1980,7.1
02,15,1980,6.0
02,16,1980,6.5
02,17,1980,7.2
02,18,1980,7.2
02,19,1980,3.4
02,20,1980,6.8
02,21,1980,6.7
02,22,1980,6.0
02,23,1980,7.3
02,24,1980,6.0
02,25,1980,7.2
02,26,1980,7.1
02,27,1980,5.7
02,28,1980,6.7
02,29,1980,7.0
03,01,1980,5.2
03,02,1980,6.2
03,03,1980,7.6
03,04,1980,5.9
03,05,1980,4.5
03,06,1980,4.6
03,07,1980,6.4
03,08,1980,6.0
03,09,1980,13.1
03,10,1980,7.8
03,11,1980,5.9
03,12,1980,5.7
03,13,1980,6.0
03,14,1980,5.5
03,15,1980,3.8
03,16,1980,6.0
03,17,1980,6.9
03,18,1980,6.0
03,19,1980,5.8
03,20,1980,5.0
03,21,1980,5.5
03,22,1980,4.8
03,23,1980,5.0
03,24,1980,2.8
03,25,1980,4.5
03,26,1980,5.4
03,27,1980,2.6
03,28,1980,3.1
03,29,1980,7.3
03,30,1980,4.6
03,31,1980,3.1
04,01,1980,4.4
04,02,1980,6.5
04,03,1980,8.1
04,04,1980,8.4
04,05,1980,8.2
04,06,1980,7.8
04,07,1980,7.1
04,08,1980,3.9
04,09,1980,6.9
04,10,1980,4.1
04,11,1980,7.5
04,12,1980,3.9
04,13,1980,2.6
04,14,1980,8.9
04,15,1980,6.6
04,16,1980,6.4
04,17,1980,6.9
04,18,1980,8.0
04,19,1980,5.1
04,20,1980,7.1
04,21,1980,2.1
04,22,1980,3.8
04,23,1980,7.1
04,24,1980,6.2
04,25,1980,9.1
04,26,1980,6.9
04,27,1980,10.0
04,28,1980,6.3
04,29,1980,5.8
04,30,1980,5.4
05,01,1980,8.4
05,02,1980,5.1
05,03,1980,5.5
05,04,1980,8.4
05,05,1980,5.9
05,06,1980,2.8
05,07,1980,4.0
05,08,1980,4.9
05,09,1980,6.2
05,10,1980,4.8
05,11,1980,5.1
05,12,1980,4.6
05,13,1980,5.4
05,14,1980,4.7
05,15,1980,4.5
05,16,1980,2.0
05,17,1980,3.6
05,18,1980,5.9
05,19,1980,4.6
05,20,1980,6.5
05,21,1980,4.5
05,22,1980,5.8
05,23,1980,5.0
05,24,1980,4.3
05,25,1980,3.9
05,26,1980,5.6
05,27,1980,6.0
05,28,1980,4.0
05,29,1980,6.0
05,30,1980,5.0
05,31,1980,4.4
06,01,1980,7.9
06,02,1980,7.2
06,03,1980,8.5
06,04,1980,7.7
06,05,1980,4.9
06,06,1980,5.5
06,07,1980,5.8
06,08,1980,4.6
06,09,1980,5.2
06,10,1980,4.1
06,11,1980,3.9
06,12,1980,4.8
06,13,1980,5.4
06,14,1980,4.6
06,15,1980,4.7
06,16,1980,4.2
06,17,1980,4.4
06,18,1980,4.8
06,19,1980,7.7
06,20,1980,4.9
06,21,1980,null
06,22,1980,4.9
06,23,1980,4.0
06,24,1980,5.0
06,25,1980,4.0
06,26,1980,5.4
06,27,1980,7.5
06,28,1980,6.5
06,29,1980,6.3
06,30,1980,6.1
07,01,1980,6.2
07,02,1980,7.1
07,03,1980,9.9
07,04,1980,9.3
07,05,1980,7.8
07,06,1980,2.0
07,07,1980,5.2
07,08,1980,8.5
07,09,1980,4.1
07,10,1980,3.0
07,11,1980,4.9
07,12,1980,4.0
07,13,1980,3.2
07,14,1980,3.5
07,15,1980,4.5
07,16,1980,4.6
07,17,1980,1.9
07,18,1980,4.5
07,19,1980,7.0
07,20,1980,5.8
07,21,1980,5.0
07,22,1980,6.0
07,23,1980,6.1
07,24,1980,4.0
07,25,1980,4.8
07,26,1980,4.1
07,27,1980,7.0
07,28,1980,4.3
07,29,1980,3.4
07,30,1980,4.9
07,31,1980,4.3
08,01,1980,7.3
08,02,1980,4.4
08,03,1980,7.3
08,04,1980,4.7
08,05,1980,6.8
08,06,1980,8.9
08,07,1980,9.9
08,08,1980,5.2
08,09,1980,6.8
08,10,1980,8.6
08,11,1980,11.0
08,12,1980,4.2
08,13,1980,4.6
08,14,1980,4.1
08,15,1980,7.4
08,16,1980,5.3
08,17,1980,3.5
08,18,1980,8.1
08,19,1980,1.1
08,20,1980,6.9
08,21,1980,3.6
08,22,1980,5.0
08,23,1980,6.1
08,24,1980,6.4
08,25,1980,7.2
08,26,1980,8.8
08,27,1980,4.1
08,28,1980,3.4
08,29,1980,4.4
08,30,1980,4.7
08,31,1980,6.1
09,01,1980,4.5
09,02,1980,7.1
09,03,1980,5.8
09,04,1980,5.6
09,05,1980,5.1
09,06,1980,4.7
09,07,1980,2.8
09,08,1980,3.3
09,09,1980,4.7
09,10,1980,6.0
09,11,1980,6.4
09,12,1980,3.9
09,13,1980,2.0
09,14,1980,3.4
09,15,1980,5.3
09,16,1980,3.2
09,17,1980,3.0
09,18,1980,8.0
09,19,1980,4.0
09,20,1980,6.3
09,21,1980,4.1
09,22,1980,7.2
09,23,1980,3.9
09,24,1980,8.0
09,25,1980,4.6
09,26,1980,6.7
09,27,1980,5.2
09,28,1980,5.6
09,29,1980,4.6
09,30,1980,5.5
10,01,1980,4.9
10,02,1980,5.0
10,03,1980,4.3
10,04,1980,7.2
10,05,1980,7.8
10,06,1980,6.8
10,07,1980,8.1
10,08,1980,5.8
10,09,1980,7.1
10,10,1980,4.7
10,11,1980,5.0
10,12,1980,10.0
10,13,1980,7.4
10,14,1980,4.8
10,15,1980,6.4
10,16,1980,3.9
10,17,1980,4.5
10,18,1980,7.5
10,19,1980,7.1
10,20,1980,10.6
10,21,1980,9.5
10,22,1980,4.7
10,23,1980,7.6
10,24,1980,5.4
10,25,1980,9.7
10,26,1980,6.7
10,27,1980,3.6
10,28,1980,4.3
10,29,1980,11.3
10,30,1980,8.8
10,31,1980,4.2
11,01,1980,6.4
11,02,1980,8.6
11,03,1980,4.6
11,04,1980,7.8
11,05,1980,8.4
11,06,1980,9.2
11,07,1980,5.8
11,08,1980,5.5
11,09,1980,5.0
11,10,1980,6.7
11,11,1980,7.0
11,12,1980,12.8
11,13,1980,3.4
11,14,1980,3.3
11,15,1980,6.2
11,16,1980,4.6
11,17,1980,6.0
11,18,1980,3.9
11,19,1980,12.6
11,20,1980,9.4
11,21,1980,3.0
11,22,1980,6.6
11,23,1980,3.6
11,24,1980,6.4
11,25,1980,8.3
11,26,1980,9.6
11,27,1980,9.7
11,28,1980,7.4
11,29,1980,3.6
11,30,1980,2.9
12,01,1980,6.3
12,02,1980,5.2
12,03,1980,6.5
12,04,1980,8.9
12,05,1980,7.0
12,06,1980,6.5
12,07,1980,6.8
12,08,1980,4.9
12,09,1980,8.2
12,10,1980,10.1
12,11,1980,6.2
12,12,1980,7.6
12,13,1980,13.1
12,14,1980,8.6
12,15,1980,7.7
12,16,1980,9.8
12,17,1980,5.7
12,18,1980,8.0
12,19,1980,8.0
12,20,1980,7.7
12,21,1980,9.0
12,22,1980,4.4
12,23,1980,6.2
12,24,1980,10.9
12,25,1980,10.3
12,26,1980,8.5
12,27,1980,6.2
12,28,1980,8.5
12,29,1980,9.4
12,30,1980,5.3
12,31,1980,6.1
01,01,1981,7.5
01,02,1981,4.6
01,03,1981,6.4
01,04,1981,8.7
01,05,1981,10.6
01,06,1981,4.4
01,07,1981,8.8
01,08,1981,6.2
01,09,1981,5.7
01,10,1981,11.7
01,11,1981,7.2
01,12,1981,8.5
01,13,1981,8.4
01,14,1981,7.7
01,15,1981,10.1
01,16,1981,6.5
01,17,1981,8.9
01,18,1981,8.1
01,19,1981,4.7
01,20,1981,5.8
01,21,1981,5.1
01,22,1981,7.7
01,23,1981,5.3
01,24,1981,6.0
01,25,1981,2.6
01,26,1981,8.9
01,27,1981,5.9
01,28,1981,9.2
01,29,1981,6.9
01,30,1981,7.1
01,31,1981,5.5
02,01,1981,5.9
02,02,1981,8.3
02,03,1981,8.2
02,04,1981,4.5
02,05,1981,9.5
02,06,1981,10.0
02,07,1981,4.7
02,08,1981,8.5
02,09,1981,5.9
02,10,1981,6.6
02,11,1981,10.4
02,12,1981,8.5
02,13,1981,14.0
02,14,1981,9.4
02,15,1981,9.7
02,16,1981,8.8
02,17,1981,9.1
02,18,1981,9.5
02,19,1981,9.0
02,20,1981,7.5
02,21,1981,5.5
02,22,1981,5.5
02,23,1981,10.0
02,24,1981,6.9
02,25,1981,12.2
02,26,1981,9.9
02,27,1981,6.9
02,28,1981,8.5
03,01,1981,13.9
03,02,1981,5.8
03,03,1981,9.0
03,04,1981,8.5
03,05,1981,2.5
03,06,1981,5.4
03,07,1981,6.3
03,08,1981,7.7
03,09,1981,11.1
03,10,1981,8.6
03,11,1981,2.8
03,12,1981,7.1
03,13,1981,8.3
03,14,1981,9.0
03,15,1981,10.3
03,16,1981,11.7
03,17,1981,9.7
03,18,1981,6.5
03,19,1981,11.7
03,20,1981,7.1
03,21,1981,11.2
03,22,1981,8.9
03,23,1981,7.0
03,24,1981,7.1
03,25,1981,4.8
03,26,1981,8.8
03,27,1981,8.0
03,28,1981,6.1
03,29,1981,8.6
03,30,1981,10.8
03,31,1981,5.8
04,01,1981,5.5
04,02,1981,10.6
04,03,1981,9.2
04,04,1981,7.1
04,05,1981,13.5
04,06,1981,10.4
04,07,1981,14.3
04,08,1981,15.1
04,09,1981,8.2
04,10,1981,8.3
04,11,1981,9.2
04,12,1981,14.7
04,13,1981,10.1
04,14,1981,8.7
04,15,1981,14.1
04,16,1981,14.0
04,17,1981,10.5
04,18,1981,9.7
04,19,1981,8.7
04,20,1981,7.0
04,21,1981,8.6
04,22,1981,8.2
04,23,1981,9.5
04,24,1981,10.0
04,25,1981,10.5
04,26,1981,5.6
04,27,1981,13.5
04,28,1981,14.9
04,29,1981,9.5
04,30,1981,6.6
05,01,1981,5.7
05,02,1981,4.9
05,03,1981,2.1
05,04,1981,7.2
05,05,1981,5.0
05,06,1981,7.7
05,07,1981,7.1
05,08,1981,6.9
05,09,1981,7.9
05,10,1981,9.0
05,11,1981,11.5
05,12,1981,10.3
05,13,1981,6.5
05,14,1981,8.4
05,15,1981,6.7
05,16,1981,5.2
05,17,1981,6.8
05,18,1981,8.1
05,19,1981,6.3
05,20,1981,7.4
05,21,1981,11.5
05,22,1981,8.5
05,23,1981,7.9
05,24,1981,6.5
05,25,1981,5.8
05,26,1981,4.4
05,27,1981,5.2
05,28,1981,6.5
05,29,1981,2.6
05,30,1981,7.0
05,31,1981,6.5
06,01,1981,6.0
06,02,1981,4.8
06,03,1981,8.2
06,04,1981,0.9
06,05,1981,7.1
06,06,1981,12.3
06,07,1981,17.1
06,08,1981,10.4
06,09,1981,8.6
06,10,1981,11.3
06,11,1981,5.7
06,12,1981,4.5
06,13,1981,9.0
06,14,1981,6.8
06,15,1981,8.4
06,16,1981,9.4
06,17,1981,7.8
06,18,1981,2.8
06,19,1981,4.9
06,20,1981,13.9
06,21,1981,3.1
06,22,1981,4.5
06,23,1981,5.9
06,24,1981,4.7
06,25,1981,5.3
06,26,1981,5.4
06,27,1981,7.4
06,28,1981,11.4
06,29,1981,9.6
06,30,1981,6.0
07,01,1981,4.1
07,02,1981,1.3
07,03,1981,7.9
07,04,1981,5.9
07,05,1981,5.2
07,06,1981,4.4
07,07,1981,5.7
07,08,1981,4.1
07,09,1981,4.4
07,10,1981,6.1
07,11,1981,5.8
07,12,1981,10.1
07,13,1981,15.1
07,14,1981,6.4
07,15,1981,5.2
07,16,1981,4.3
07,17,1981,4.5
07,18,1981,3.7
07,19,1981,7.8
07,20,1981,5.1
07,21,1981,3.1
07,22,1981,4.8
07,23,1981,2.5
07,24,1981,7.2
07,25,1981,4.5
07,26,1981,3.7
07,27,1981,4.4
07,28,1981,9.5
07,29,1981,10.5
07,30,1981,3.6
07,31,1981,6.3
08,01,1981,9.4
08,02,1981,7.5
08,03,1981,8.4
08,04,1981,14.1
08,05,1981,8.3
08,06,1981,7.5
08,07,1981,7.0
08,08,1981,2.7
08,09,1981,4.4
08,10,1981,6.8
08,11,1981,8.5
08,12,1981,4.8
08,13,1981,6.5
08,14,1981,7.1
08,15,1981,5.8
08,16,1981,6.1
08,17,1981,8.2
08,18,1981,9.1
08,19,1981,12.9
08,20,1981,8.0
08,21,1981,6.0
08,22,1981,5.9
08,23,1981,9.1
08,24,1981,13.0
08,25,1981,11.3
08,26,1981,8.7
08,27,1981,10.3
08,28,1981,7.8
08,29,1981,8.2
08,30,1981,5.7
08,31,1981,7.3
09,01,1981,5.9
09,02,1981,4.8
09,03,1981,7.0
09,04,1981,0.7
09,05,1981,2.8
09,06,1981,5.9
09,07,1981,3.6
09,08,1981,5.9
09,09,1981,9.0
09,10,1981,4.6
09,11,1981,8.8
09,12,1981,10.5
09,13,1981,15.0
09,14,1981,4.7
09,15,1981,6.7
09,16,1981,3.5
09,17,1981,2.5
09,18,1981,9.3
09,19,1981,10.8
09,20,1981,4.9
09,21,1981,7.4
09,22,1981,5.8
09,23,1981,3.9
09,24,1981,7.7
09,25,1981,5.8
09,26,1981,4.2
09,27,1981,6.8
09,28,1981,5.9
09,29,1981,4.4
09,30,1981,5.8
10,01,1981,6.8
10,02,1981,3.7
10,03,1981,2.3
10,04,1981,4.0
10,05,1981,8.2
10,06,1981,7.8
10,07,1981,7.2
10,08,1981,1.6
10,09,1981,3.0
10,10,1981,8.0
10,11,1981,3.8
10,12,1981,13.9
10,13,1981,2.8
10,14,1981,3.5
10,15,1981,3.3
10,16,1981,6.2
10,17,1981,3.6
10,18,1981,7.4
10,19,1981,11.7
10,20,1981,6.7
10,21,1981,6.0
10,22,1981,5.1
10,23,1981,6.5
10,24,1981,5.7
10,25,1981,10.0
10,26,1981,4.3
10,27,1981,9.9
10,28,1981,5.8
10,29,1981,5.1
10,30,1981,4.6
10,31,1981,5.8
11,01,1981,4.6
11,02,1981,4.1
11,03,1981,6.1
11,04,1981,4.2
11,05,1981,4.9
11,06,1981,3.1
11,07,1981,2.2
11,08,1981,4.8
11,09,1981,4.3
11,10,1981,3.7
11,11,1981,4.4
11,12,1981,3.6
11,13,1981,3.4
11,14,1981,6.6
11,15,1981,7.0
11,16,1981,3.0
11,17,1981,3.8
11,18,1981,5.2
11,19,1981,3.4
11,20,1981,6.3
11,21,1981,4.5
11,22,1981,2.9
11,23,1981,3.5
11,24,1981,3.0
11,25,1981,6.7
11,26,1981,8.1
11,27,1981,5.4
11,28,1981,4.3
11,29,1981,1.3
11,30,1981,4.3
12,01,1981,4.6
12,02,1981,2.1
12,03,1981,7.6
12,04,1981,6.8
12,05,1981,9.1
12,06,1981,6.9
12,07,1981,4.3
12,08,1981,5.6
12,09,1981,7.7
12,10,1981,6.7
12,11,1981,5.8
12,12,1981,4.3
12,13,1981,6.2
12,14,1981,3.5
12,15,1981,6.0
12,16,1981,3.2
12,17,1981,3.8
12,18,1981,8.8
12,19,1981,5.0
12,20,1981,5.3
12,21,1981,6.6
12,22,1981,1.4
12,23,1981,5.0
12,24,1981,3.6
12,25,1981,3.8
12,26,1981,4.2
12,27,1981,2.8
12,28,1981,4.1
12,29,1981,4.4
12,30,1981,3.8
12,31,1981,5.4
01,01,1982,3.7
01,02,1982,5.3
01,03,1982,4.3
01,04,1982,4.7
01,05,1982,4.6
01,06,1982,6.2
01,07,1982,4.9
01,08,1982,8.3
01,09,1982,2.1
01,10,1982,4.1
01,11,1982,4.0
01,12,1982,4.4
01,13,1982,2.9
01,14,1982,7.4
01,15,1982,5.3
01,16,1982,4.5
01,17,1982,5.6
01,18,1982,8.2
01,19,1982,6.4
01,20,1982,5.4
01,21,1982,5.0
01,22,1982,6.7
01,23,1982,8.3
01,24,1982,6.4
01,25,1982,5.3
01,26,1982,6.7
01,27,1982,6.5
01,28,1982,5.2
01,29,1982,5.0
01,30,1982,5.6
01,31,1982,7.6
02,01,1982,8.1
02,02,1982,4.7
02,03,1982,7.2
02,04,1982,7.0
02,05,1982,6.3
02,06,1982,9.8
02,07,1982,7.8
02,08,1982,4.5
02,09,1982,6.2
02,10,1982,6.9
02,11,1982,8.1
02,12,1982,6.1
02,13,1982,8.5
02,14,1982,9.3
02,15,1982,6.1
02,16,1982,5.4
02,17,1982,4.4
02,18,1982,5.8
02,19,1982,8.1
02,20,1982,7.5
02,21,1982,8.5
02,22,1982,8.9
02,23,1982,7.6
02,24,1982,8.7
02,25,1982,7.8
02,26,1982,6.5
02,27,1982,12.7
02,28,1982,4.4
03,01,1982,5.4
03,02,1982,5.5
03,03,1982,6.8
03,04,1982,5.3
03,05,1982,5.9
03,06,1982,7.1
03,07,1982,4.2
03,08,1982,7.3
03,09,1982,4.9
03,10,1982,5.2
03,11,1982,5.6
03,12,1982,5.3
03,13,1982,5.9
03,14,1982,5.9
03,15,1982,4.7
03,16,1982,5.9
03,17,1982,3.9
03,18,1982,3.5
03,19,1982,5.0
03,20,1982,4.3
03,21,1982,5.9
03,22,1982,6.1
03,23,1982,5.6
03,24,1982,4.2
03,25,1982,6.0
03,26,1982,4.2
03,27,1982,3.6
03,28,1982,4.4
03,29,1982,7.8
03,30,1982,6.3
03,31,1982,6.6
04,01,1982,4.3
04,02,1982,7.5
04,03,1982,4.3
04,04,1982,4.9
04,05,1982,5.2
04,06,1982,3.9
04,07,1982,5.5
04,08,1982,6.5
04,09,1982,9.8
04,10,1982,7.2
04,11,1982,3.6
04,12,1982,11.3
04,13,1982,6.1
04,14,1982,4.5
04,15,1982,5.9
04,16,1982,5.2
04,17,1982,7.0
04,18,1982,7.8
04,19,1982,8.1
04,20,1982,7.5
04,21,1982,6.9
04,22,1982,10.6
04,23,1982,5.1
04,24,1982,5.3
04,25,1982,4.6
04,26,1982,6.5
04,27,1982,5.1
04,28,1982,3.1
04,29,1982,3.8
04,30,1982,2.3
05,01,1982,6.7
05,02,1982,6.1
05,03,1982,4.4
05,04,1982,6.9
05,05,1982,4.8
05,06,1982,4.9
05,07,1982,3.4
05,08,1982,7.5
05,09,1982,5.1
05,10,1982,4.8
05,11,1982,8.9
05,12,1982,4.9
05,13,1982,5.8
05,14,1982,3.7
05,15,1982,6.8
05,16,1982,5.1
05,17,1982,3.9
05,18,1982,3.1
05,19,1982,4.1
05,20,1982,6.2
05,21,1982,6.6
05,22,1982,5.1
05,23,1982,4.5
05,24,1982,7.5
05,25,1982,5.2
05,26,1982,7.6
05,27,1982,1.9
05,28,1982,5.1
05,29,1982,4.9
05,30,1982,6.0
05,31,1982,6.1
06,01,1982,5.2
06,02,1982,3.8
06,03,1982,2.8
06,04,1982,5.0
06,05,1982,3.1
06,06,1982,5.1
06,07,1982,5.0
06,08,1982,5.4
06,09,1982,5.6
06,10,1982,3.3
06,11,1982,5.7
06,12,1982,3.9
06,13,1982,4.5
06,14,1982,5.6
06,15,1982,3.4
06,16,1982,4.6
06,17,1982,4.1
06,18,1982,4.9
06,19,1982,4.4
06,20,1982,4.6
06,21,1982,5.4
06,22,1982,4.6
06,23,1982,5.3
06,24,1982,5.7
06,25,1982,5.4
06,26,1982,6.6
06,27,1982,5.1
06,28,1982,6.1
06,29,1982,6.4
06,30,1982,4.1
07,01,1982,3.7
07,02,1982,4.0
07,03,1982,3.0
07,04,1982,3.7
07,05,1982,4.5
07,06,1982,5.2
07,07,1982,3.6
07,08,1982,4.1
07,09,1982,5.2
07,10,1982,4.7
07,11,1982,2.0
07,12,1982,5.4
07,13,1982,7.2
07,14,1982,5.7
07,15,1982,5.6
07,16,1982,2.0
07,17,1982,1.4
07,18,1982,8.7
07,19,1982,4.8
07,20,1982,4.8
07,21,1982,7.8
07,22,1982,4.1
07,23,1982,5.9
07,24,1982,3.3
07,25,1982,4.6
07,26,1982,3.2
07,27,1982,4.3
07,28,1982,7.6
07,29,1982,10.5
07,30,1982,4.4
07,31,1982,6.0
08,01,1982,4.3
08,02,1982,6.6
08,03,1982,4.3
08,04,1982,5.1
08,05,1982,4.1
08,06,1982,6.6
08,07,1982,4.9
08,08,1982,7.2
08,09,1982,5.6
08,10,1982,9.3
08,11,1982,7.4
08,12,1982,5.6
08,13,1982,6.7
08,14,1982,5.6
08,15,1982,6.6
08,16,1982,5.4
08,17,1982,6.1
08,18,1982,6.5
08,19,1982,5.4
08,20,1982,11.0
08,21,1982,9.9
08,22,1982,6.0
08,23,1982,6.2
08,24,1982,10.3
08,25,1982,12.3
08,26,1982,11.1
08,27,1982,6.4
08,28,1982,6.5
08,29,1982,7.5
08,30,1982,4.9
08,31,1982,6.6
09,01,1982,4.3
09,02,1982,6.1
09,03,1982,9.2
09,04,1982,8.1
09,05,1982,9.2
09,06,1982,13.2
09,07,1982,9.6
09,08,1982,4.6
09,09,1982,5.4
09,10,1982,7.7
09,11,1982,7.3
09,12,1982,6.7
09,13,1982,2.1
09,14,1982,11.6
09,15,1982,8.5
09,16,1982,10.0
09,17,1982,4.5
09,18,1982,9.9
09,19,1982,3.2
09,20,1982,3.0
09,21,1982,7.2
09,22,1982,7.9
09,23,1982,5.3
09,24,1982,5.2
09,25,1982,8.4
09,26,1982,5.6
09,27,1982,9.4
09,28,1982,12.6
09,29,1982,8.5
09,30,1982,9.9
10,01,1982,6.0
10,02,1982,8.3
10,03,1982,6.8
10,04,1982,5.2
10,05,1982,6.7
10,06,1982,5.6
10,07,1982,3.9
10,08,1982,7.2
10,09,1982,6.7
10,10,1982,3.6
10,11,1982,4.4
10,12,1982,3.5
10,13,1982,4.8
10,14,1982,3.5
10,15,1982,4.8
10,16,1982,10.9
10,17,1982,7.2
10,18,1982,5.2
10,19,1982,6.0
10,20,1982,6.9
10,21,1982,6.7
10,22,1982,7.2
10,23,1982,2.7
10,24,1982,4.1
10,25,1982,5.5
10,26,1982,4.8
10,27,1982,5.2
10,28,1982,4.5
10,29,1982,2.8
10,30,1982,4.9
10,31,1982,6.7
11,01,1982,5.1
11,02,1982,7.0
11,03,1982,10.0
11,04,1982,7.9
11,05,1982,4.6
11,06,1982,8.1
11,07,1982,7.9
11,08,1982,4.7
11,09,1982,8.6
11,10,1982,8.4
11,11,1982,7.4
11,12,1982,7.5
11,13,1982,9.4
11,14,1982,8.3
11,15,1982,7.6
11,16,1982,3.3
11,17,1982,6.2
11,18,1982,9.7
11,19,1982,6.8
11,20,1982,7.2
11,21,1982,4.1
11,22,1982,8.3
11,23,1982,4.5
11,24,1982,5.4
11,25,1982,6.1
11,26,1982,6.8
11,27,1982,6.3
11,28,1982,5.0
11,29,1982,5.0
11,30,1982,6.2
12,01,1982,3.8
12,02,1982,4.1
12,03,1982,3.1
12,04,1982,6.1
12,05,1982,5.0
12,06,1982,7.7
12,07,1982,9.1
12,08,1982,5.5
12,09,1982,6.4
12,10,1982,5.2
12,11,1982,5.9
12,12,1982,3.3
12,13,1982,4.0
12,14,1982,3.5
12,15,1982,3.1
12,16,1982,2.6
12,17,1982,3.2
12,18,1982,3.4
12,19,1982,2.7
12,20,1982,4.3
12,21,1982,3.4
12,22,1982,4.3
12,23,1982,6.4
12,24,1982,6.1
12,25,1982,4.4
12,26,1982,7.6
12,27,1982,6.0
12,28,1982,8.0
12,29,1982,7.6
12,30,1982,6.0
12,31,1982,6.0
01,01,1983,7.3
01,02,1983,8.4
01,03,1983,9.1
01,04,1983,10.3
01,05,1983,8.6
01,06,1983,8.1
01,07,1983,8.1
01,08,1983,8.0
01,09,1983,8.1
01,10,1983,7.9
01,11,1983,7.1
01,12,1983,6.4
01,13,1983,7.0
01,14,1983,6.9
01,15,1983,6.0
01,16,1983,8.2
01,17,1983,7.1
01,18,1983,7.0
01,19,1983,9.2
01,20,1983,8.6
01,21,1983,7.1
01,22,1983,7.0
01,23,1983,7.1
01,24,1983,5.8
01,25,1983,7.7
01,26,1983,5.9
01,27,1983,10.5
01,28,1983,5.0
01,29,1983,5.9
01,30,1983,5.0
01,31,1983,4.1
02,01,1983,4.9
02,02,1983,7.6
02,03,1983,9.1
02,04,1983,9.1
02,05,1983,5.9
02,06,1983,8.1
02,07,1983,8.1
02,08,1983,8.0
02,09,1983,8.1
02,10,1983,null
02,11,1983,null
02,12,1983,null
02,13,1983,null
02,14,1983,null
02,15,1983,null
02,16,1983,6.9
02,17,1983,6.7
02,18,1983,5.7
02,19,1983,4.7
02,20,1983,5.4
02,21,1983,7.0
02,22,1983,7.0
02,23,1983,6.0
02,24,1983,6.4
02,25,1983,8.0
02,26,1983,4.5
02,27,1983,6.3
02,28,1983,6.3
03,01,1983,5.6
03,02,1983,7.3
03,03,1983,6.5
03,04,1983,5.0
03,05,1983,6.4
03,06,1983,9.0
03,07,1983,2.7
03,08,1983,13.1
03,09,1983,8.9
03,10,1983,9.4
03,11,1983,9.4
03,12,1983,7.9
03,13,1983,5.4
03,14,1983,4.8
03,15,1983,6.3
03,16,1983,9.8
03,17,1983,8.6
03,18,1983,5.8
03,19,1983,4.8
03,20,1983,4.8
03,21,1983,14.4
03,22,1983,5.2
03,23,1983,6.0
03,24,1983,8.8
03,25,1983,6.3
03,26,1983,8.4
03,27,1983,8.8
03,28,1983,10.9
03,29,1983,8.7
03,30,1983,15.0
03,31,1983,3.7
04,01,1983,6.3
04,02,1983,8.4
04,03,1983,9.7
04,04,1983,7.2
04,05,1983,6.2
04,06,1983,8.2
04,07,1983,8.2
04,08,1983,5.7
04,09,1983,4.1
04,10,1983,8.0
04,11,1983,9.1
04,12,1983,8.8
04,13,1983,8.7
04,14,1983,8.8
04,15,1983,9.8
04,16,1983,9.0
04,17,1983,9.6
04,18,1983,9.6
04,19,1983,10.2
04,20,1983,8.7
04,21,1983,8.6
04,22,1983,9.1
04,23,1983,9.9
04,24,1983,8.5
04,25,1983,9.1
04,26,1983,9.4
04,27,1983,8.8
04,28,1983,9.3
04,29,1983,8.3
04,30,1983,7.7
05,01,1983,7.5
05,02,1983,8.3
05,03,1983,8.9
05,04,1983,7.3
05,05,1983,9.2
05,06,1983,9.5
05,07,1983,10.8
05,08,1983,9.3
05,09,1983,9.5
05,10,1983,8.9
05,11,1983,8.9
05,12,1983,11.4
05,13,1983,10.6
05,14,1983,9.3
05,15,1983,10.0
05,16,1983,8.9
05,17,1983,6.8
05,18,1983,7.6
05,19,1983,6.1
05,20,1983,2.9
05,21,1983,11.5
05,22,1983,3.5
05,23,1983,4.0
05,24,1983,9.2
05,25,1983,8.4
05,26,1983,7.0
05,27,1983,6.1
05,28,1983,7.8
05,29,1983,4.4
05,30,1983,6.5
05,31,1983,8.7
06,01,1983,9.2
06,02,1983,10.5
06,03,1983,3.2
06,04,1983,7.2
06,05,1983,2.2
06,06,1983,3.2
06,07,1983,3.0
06,08,1983,2.5
06,09,1983,4.2
06,10,1983,3.0
06,11,1983,2.7
06,12,1983,3.4
06,13,1983,7.5
06,14,1983,5.0
06,15,1983,8.6
06,16,1983,5.4
06,17,1983,8.3
06,18,1983,6.1
06,19,1983,1.5
06,20,1983,1.3
06,21,1983,6.7
06,22,1983,5.4
06,23,1983,7.8
06,24,1983,5.8
06,25,1983,8.2
06,26,1983,7.2
06,27,1983,2.6
06,28,1983,3.3
06,29,1983,7.7
06,30,1983,4.8
07,01,1983,5.8
07,02,1983,9.6
07,03,1983,9.5
07,04,1983,5.1
07,05,1983,6.0
07,06,1983,5.5
07,07,1983,7.8
07,08,1983,6.6
07,09,1983,9.8
07,10,1983,6.9
07,11,1983,7.0
07,12,1983,7.1
07,13,1983,6.9
07,14,1983,5.8
07,15,1983,4.0
07,16,1983,4.0
07,17,1983,5.9
07,18,1983,5.9
07,19,1983,6.0
07,20,1983,8.4
07,21,1983,6.1
07,22,1983,8.9
07,23,1983,3.9
07,24,1983,7.1
07,25,1983,7.8
07,26,1983,7.3
07,27,1983,7.0
07,28,1983,7.1
07,29,1983,5.9
07,30,1983,6.3
07,31,1983,6.1
08,01,1983,6.8
08,02,1983,6.8
08,03,1983,2.9
08,04,1983,4.4
08,05,1983,6.5
08,06,1983,5.9
08,07,1983,7.0
08,08,1983,6.1
08,09,1983,7.3
08,10,1983,6.7
08,11,1983,6.9
08,12,1983,8.2
08,13,1983,6.4
08,14,1983,6.7
08,15,1983,9.1
08,16,1983,7.4
08,17,1983,6.2
08,18,1983,3.7
08,19,1983,4.6
08,20,1983,4.6
08,21,1983,3.2
08,22,1983,7.8
08,23,1983,5.1
08,24,1983,4.8
08,25,1983,3.4
08,26,1983,9.4
08,27,1983,7.1
08,28,1983,7.1
08,29,1983,5.4
08,30,1983,5.0
08,31,1983,5.4
09,01,1983,7.4
09,02,1983,7.2
09,03,1983,2.7
09,04,1983,5.6
09,05,1983,9.2
09,06,1983,7.4
09,07,1983,5.5
09,08,1983,7.7
09,09,1983,6.7
09,10,1983,7.8
09,11,1983,6.4
09,12,1983,8.2
09,13,1983,6.2
09,14,1983,10.2
09,15,1983,9.7
09,16,1983,8.0
09,17,1983,5.0
09,18,1983,6.6
09,19,1983,2.5
09,20,1983,5.8
09,21,1983,8.3
09,22,1983,7.5
09,23,1983,9.2
09,24,1983,7.2
09,25,1983,8.4
09,26,1983,9.3
09,27,1983,6.5
09,28,1983,7.0
09,29,1983,8.4
09,30,1983,7.7
10,01,1983,7.7
10,02,1983,6.2
10,03,1983,6.4
10,04,1983,5.3
10,05,1983,7.2
10,06,1983,6.0
10,07,1983,8.2
10,08,1983,8.0
10,09,1983,6.1
10,10,1983,5.6
10,11,1983,6.5
10,12,1983,6.3
10,13,1983,6.1
10,14,1983,5.0
10,15,1983,6.9
10,16,1983,5.7
10,17,1983,2.5
10,18,1983,5.2
10,19,1983,4.5
10,20,1983,5.2
10,21,1983,4.7
10,22,1983,8.1
10,23,1983,8.1
10,24,1983,8.1
10,25,1983,8.0
10,26,1983,7.5
10,27,1983,8.6
10,28,1983,7.8
10,29,1983,8.3
10,30,1983,9.2
10,31,1983,8.4
11,01,1983,8.1
11,02,1983,8.0
11,03,1983,6.5
11,04,1983,8.2
11,05,1983,6.4
11,06,1983,3.6
11,07,1983,5.0
11,08,1983,3.5
11,09,1983,3.0
11,10,1983,6.8
11,11,1983,6.3
11,12,1983,6.4
11,13,1983,6.2
11,14,1983,7.7
11,15,1983,7.5
11,16,1983,6.3
11,17,1983,6.8
11,18,1983,7.6
11,19,1983,7.4
11,20,1983,7.7
11,21,1983,5.9
11,22,1983,8.2
11,23,1983,3.6
11,24,1983,3.3
11,25,1983,6.5
11,26,1983,8.2
11,27,1983,7.7
11,28,1983,8.0
11,29,1983,8.8
11,30,1983,8.6
12,01,1983,7.6
12,02,1983,4.2
12,03,1983,7.7
12,04,1983,6.0
12,05,1983,5.4
12,06,1983,6.1
12,07,1983,4.0
12,08,1983,4.2
12,09,1983,8.1
12,10,1983,9.6
12,11,1983,7.4
12,12,1983,9.1
12,13,1983,8.7
12,14,1983,6.9
12,15,1983,6.3
12,16,1983,7.5
12,17,1983,4.3
12,18,1983,5.5
12,19,1983,5.4
12,20,1983,5.4
12,21,1983,5.6
12,22,1983,5.7
12,23,1983,4.7
12,24,1983,5.7
12,25,1983,3.9
12,26,1983,3.2
12,27,1983,6.1
12,28,1983,6.3
12,29,1983,4.3
12,30,1983,4.5
12,31,1983,4.7
01,01,1984,5.7
01,02,1984,5.8
01,03,1984,6.3
01,04,1984,7.1
01,05,1984,6.3
01,06,1984,7.5
01,07,1984,7.4
01,08,1984,5.6
01,09,1984,4.2
01,10,1984,4.3
01,11,1984,4.4
01,12,1984,4.9
01,13,1984,4.8
01,14,1984,6.4
01,15,1984,7.3
01,16,1984,6.6
01,17,1984,6.4
01,18,1984,5.8
01,19,1984,4.5
01,20,1984,5.3
01,21,1984,4.6
01,22,1984,4.7
01,23,1984,8.1
01,24,1984,6.5
01,25,1984,7.8
01,26,1984,5.7
01,27,1984,5.8
01,28,1984,6.1
01,29,1984,6.8
01,30,1984,8.6
01,31,1984,8.7
02,01,1984,6.6
02,02,1984,8.2
02,03,1984,5.0
02,04,1984,7.1
02,05,1984,8.9
02,06,1984,11.2
02,07,1984,7.8
02,08,1984,5.0
02,09,1984,7.1
02,10,1984,12.9
02,11,1984,15.1
02,12,1984,5.1
02,13,1984,9.1
02,14,1984,5.7
02,15,1984,7.0
02,16,1984,5.5
02,17,1984,9.7
02,18,1984,4.9
02,19,1984,9.1
02,20,1984,6.0
02,21,1984,4.8
02,22,1984,7.0
02,23,1984,4.4
02,24,1984,12.1
02,25,1984,8.0
02,26,1984,7.2
02,27,1984,7.0
02,28,1984,4.1
02,29,1984,5.2
03,01,1984,null
03,02,1984,null
03,03,1984,null
03,04,1984,null
03,05,1984,null
03,06,1984,null
03,07,1984,null
03,08,1984,null
03,09,1984,null
03,10,1984,null
03,11,1984,null
03,12,1984,null
03,13,1984,null
03,14,1984,null
03,15,1984,null
03,16,1984,null
03,17,1984,null
03,18,1984,null
03,19,1984,null
03,20,1984,null
03,21,1984,null
03,22,1984,null
03,23,1984,3.3
03,24,1984,5.2
03,25,1984,8.2
03,26,1984,1.8
03,27,1984,6.2
03,28,1984,5.9
03,29,1984,4.3
03,30,1984,6.6
03,31,1984,3.2
04,01,1984,6.6
04,02,1984,4.2
04,03,1984,3.8
04,04,1984,9.8
04,05,1984,10.5
04,06,1984,8.2
04,07,1984,9.2
04,08,1984,9.5
04,09,1984,9.5
04,10,1984,6.9
04,11,1984,7.0
04,12,1984,8.4
04,13,1984,6.5
04,14,1984,10.0
04,15,1984,6.7
04,16,1984,5.9
04,17,1984,7.4
04,18,1984,6.8
04,19,1984,5.1
04,20,1984,8.1
04,21,1984,4.1
04,22,1984,6.5
04,23,1984,3.4
04,24,1984,4.8
04,25,1984,5.1
04,26,1984,8.4
04,27,1984,6.7
04,28,1984,5.3
04,29,1984,5.2
04,30,1984,6.1
05,01,1984,15.0
05,02,1984,13.9
05,03,1984,8.1
05,04,1984,8.7
05,05,1984,8.2
05,06,1984,6.9
05,07,1984,11.5
05,08,1984,10.9
05,09,1984,12.4
05,10,1984,9.2
05,11,1984,9.0
05,12,1984,5.1
05,13,1984,5.2
05,14,1984,11.2
05,15,1984,3.1
05,16,1984,7.3
05,17,1984,7.9
05,18,1984,6.1
05,19,1984,8.1
05,20,1984,10.0
05,21,1984,2.8
05,22,1984,8.1
05,23,1984,9.5
05,24,1984,10.1
05,25,1984,3.6
05,26,1984,7.3
05,27,1984,8.0
05,28,1984,6.1
05,29,1984,5.1
05,30,1984,2.1
05,31,1984,4.0
06,01,1984,4.5
06,02,1984,4.8
06,03,1984,5.2
06,04,1984,5.1
06,05,1984,8.7
06,06,1984,9.1
06,07,1984,5.5
06,08,1984,5.1
06,09,1984,9.3
06,10,1984,9.5
06,11,1984,3.6
06,12,1984,6.2
06,13,1984,2.0
06,14,1984,1.0
06,15,1984,2.2
06,16,1984,5.3
06,17,1984,9.7
06,18,1984,5.1
06,19,1984,11.8
06,20,1984,7.7
06,21,1984,7.4
06,22,1984,6.9
06,23,1984,5.2
06,24,1984,7.8
06,25,1984,9.2
06,26,1984,5.6
06,27,1984,4.4
06,28,1984,8.3
06,29,1984,7.5
06,30,1984,8.1
07,01,1984,4.0
07,02,1984,4.0
07,03,1984,4.1
07,04,1984,3.5
07,05,1984,2.4
07,06,1984,4.8
07,07,1984,2.7
07,08,1984,3.5
07,09,1984,4.3
07,10,1984,2.9
07,11,1984,3.0
07,12,1984,2.2
07,13,1984,2.0
07,14,1984,3.4
07,15,1984,5.9
07,16,1984,7.2
07,17,1984,6.8
07,18,1984,5.3
07,19,1984,4.5
07,20,1984,5.5
07,21,1984,4.9
07,22,1984,5.6
07,23,1984,4.7
07,24,1984,5.1
07,25,1984,6.1
07,26,1984,3.9
07,27,1984,5.9
07,28,1984,4.8
07,29,1984,4.2
07,30,1984,5.3
07,31,1984,4.3
08,01,1984,3.4
08,02,1984,4.3
08,03,1984,4.6
08,04,1984,4.2
08,05,1984,4.6
08,06,1984,5.3
08,07,1984,3.7
08,08,1984,3.0
08,09,1984,5.9
08,10,1984,3.8
08,11,1984,4.0
08,12,1984,4.6
08,13,1984,4.7
08,14,1984,3.2
08,15,1984,4.6
08,16,1984,3.0
08,17,1984,2.9
08,18,1984,4.4
08,19,1984,4.4
08,20,1984,5.4
08,21,1984,4.9
08,22,1984,4.0
08,23,1984,4.8
08,24,1984,3.9
08,25,1984,3.8
08,26,1984,4.9
08,27,1984,4.8
08,28,1984,1.4
08,29,1984,7.3
08,30,1984,3.5
08,31,1984,6.1
09,01,1984,null
09,02,1984,null
09,03,1984,null
09,04,1984,null
09,05,1984,null
09,06,1984,null
09,07,1984,null
09,08,1984,null
09,09,1984,null
09,10,1984,null
09,11,1984,null
09,12,1984,null
09,13,1984,null
09,14,1984,null
09,15,1984,null
09,16,1984,null
09,17,1984,null
09,18,1984,null
09,19,1984,null
09,20,1984,null
09,21,1984,null
09,22,1984,null
09,23,1984,null
09,24,1984,null
09,25,1984,null
09,26,1984,null
09,27,1984,null
09,28,1984,null
09,29,1984,null
09,30,1984,null
10,01,1984,null
10,02,1984,null
10,03,1984,null
10,04,1984,null
10,05,1984,null
10,06,1984,null
10,07,1984,null
10,08,1984,null
10,09,1984,null
10,10,1984,null
10,11,1984,null
10,12,1984,null
10,13,1984,null
10,14,1984,null
10,15,1984,null
10,16,1984,null
10,17,1984,null
10,18,1984,null
10,19,1984,null
10,20,1984,null
10,21,1984,null
10,22,1984,null
10,23,1984,null
10,24,1984,null
10,25,1984,null
10,26,1984,null
10,27,1984,null
10,28,1984,null
10,29,1984,null
10,30,1984,null
10,31,1984,null
11,01,1984,null
11,02,1984,null
11,03,1984,null
11,04,1984,null
11,05,1984,null
11,06,1984,null
11,07,1984,null
11,08,1984,null
11,09,1984,null
11,10,1984,null
11,11,1984,null
11,12,1984,null
11,13,1984,null
11,14,1984,null
11,15,1984,null
11,16,1984,null
11,17,1984,null
11,18,1984,null
11,19,1984,null
11,20,1984,null
11,21,1984,null
11,22,1984,null
11,23,1984,null
11,24,1984,null
11,25,1984,null
11,26,1984,null
11,27,1984,null
11,28,1984,null
11,29,1984,null
11,30,1984,null
12,01,1984,null
12,02,1984,null
12,03,1984,null
12,04,1984,null
12,05,1984,null
12,06,1984,null
12,07,1984,null
12,08,1984,null
12,09,1984,null
12,10,1984,null
12,11,1984,null
12,12,1984,null
12,13,1984,null
12,14,1984,null
12,15,1984,null
12,16,1984,null
12,17,1984,null
12,18,1984,null
12,19,1984,null
12,20,1984,null
12,21,1984,null
12,22,1984,null
12,23,1984,null
12,24,1984,null
12,25,1984,null
12,26,1984,null
12,27,1984,null
12,28,1984,null
12,29,1984,null
12,30,1984,null
12,31,1984,null
01,01,1985,2.8
01,02,1985,2.6
01,03,1985,4.2
01,04,1985,3.1
01,05,1985,3.1
01,06,1985,3.4
01,07,1985,0.7
01,08,1985,3.0
01,09,1985,2.8
01,10,1985,3.2
01,11,1985,3.5
01,12,1985,3.0
01,13,1985,2.3
01,14,1985,3.2
01,15,1985,3.3
01,16,1985,3.2
01,17,1985,3.0
01,18,1985,2.7
01,19,1985,2.0
01,20,1985,2.2
01,21,1985,2.1
01,22,1985,1.9
01,23,1985,2.9
01,24,1985,1.9
01,25,1985,3.8
01,26,1985,2.8
01,27,1985,3.6
01,28,1985,3.1
01,29,1985,4.0
01,30,1985,2.3
01,31,1985,3.9
02,01,1985,3.1
02,02,1985,2.8
02,03,1985,3.3
02,04,1985,3.5
02,05,1985,3.1
02,06,1985,3.1
02,07,1985,3.0
02,08,1985,4.2
02,09,1985,3.1
02,10,1985,2.7
02,11,1985,2.9
02,12,1985,3.4
02,13,1985,3.1
02,14,1985,3.1
02,15,1985,3.1
02,16,1985,3.1
02,17,1985,2.7
02,18,1985,2.7
02,19,1985,3.8
02,20,1985,3.4
02,21,1985,2.8
02,22,1985,3.2
02,23,1985,3.1
02,24,1985,3.1
02,25,1985,4.4
02,26,1985,2.5
02,27,1985,3.5
02,28,1985,2.1
03,01,1985,null
03,02,1985,null
03,03,1985,null
03,04,1985,null
03,05,1985,null
03,06,1985,null
03,07,1985,null
03,08,1985,null
03,09,1985,null
03,10,1985,null
03,11,1985,null
03,12,1985,null
03,13,1985,null
03,14,1985,null
03,15,1985,null
03,16,1985,null
03,17,1985,null
03,18,1985,null
03,19,1985,null
03,20,1985,null
03,21,1985,null
03,22,1985,null
03,23,1985,null
03,24,1985,null
03,25,1985,null
03,26,1985,null
03,27,1985,null
03,28,1985,null
03,29,1985,null
03,30,1985,null
03,31,1985,null
04,01,1985,null
04,02,1985,null
04,03,1985,null
04,04,1985,null
04,05,1985,null
04,06,1985,null
04,07,1985,null
04,08,1985,null
04,09,1985,null
04,10,1985,null
04,11,1985,null
04,12,1985,null
04,13,1985,null
04,14,1985,null
04,15,1985,null
04,16,1985,null
04,17,1985,null
04,18,1985,null
04,19,1985,null
04,20,1985,null
04,21,1985,null
04,22,1985,null
04,23,1985,null
04,24,1985,null
04,25,1985,null
04,26,1985,null
04,27,1985,null
04,28,1985,null
04,29,1985,null
04,30,1985,null
05,01,1985,null
05,02,1985,null
05,03,1985,null
05,04,1985,null
05,05,1985,null
05,06,1985,null
05,07,1985,null
05,08,1985,null
05,09,1985,null
05,10,1985,null
05,11,1985,null
05,12,1985,null
05,13,1985,null
05,14,1985,null
05,15,1985,null
05,16,1985,null
05,17,1985,null
05,18,1985,null
05,19,1985,null
05,20,1985,null
05,21,1985,null
05,22,1985,null
05,23,1985,null
05,24,1985,null
05,25,1985,null
05,26,1985,null
05,27,1985,null
05,28,1985,null
05,29,1985,null
05,30,1985,null
05,31,1985,null
06,01,1985,null
06,02,1985,null
06,03,1985,null
06,04,1985,null
06,05,1985,null
06,06,1985,null
06,07,1985,null
06,08,1985,null
06,09,1985,null
06,10,1985,null
06,11,1985,null
06,12,1985,null
06,13,1985,null
06,14,1985,null
06,15,1985,null
06,16,1985,null
06,17,1985,null
06,18,1985,null
06,19,1985,null
06,20,1985,null
06,21,1985,null
06,22,1985,null
06,23,1985,null
06,24,1985,null
06,25,1985,null
06,26,1985,null
06,27,1985,null
06,28,1985,null
06,29,1985,null
06,30,1985,null
07,01,1985,4.2
07,02,1985,7.4
07,03,1985,3.7
07,04,1985,8.1
07,05,1985,8.5
07,06,1985,2.7
07,07,1985,5.7
07,08,1985,6.0
07,09,1985,5.9
07,10,1985,6.1
07,11,1985,3.8
07,12,1985,5.4
07,13,1985,7.2
07,14,1985,7.1
07,15,1985,9.3
07,16,1985,5.4
07,17,1985,6.1
07,18,1985,4.5
07,19,1985,7.1
07,20,1985,3.7
07,21,1985,2.6
07,22,1985,4.7
07,23,1985,4.3
07,24,1985,2.6
07,25,1985,6.4
07,26,1985,4.9
07,27,1985,6.2
07,28,1985,7.1
07,29,1985,4.2
07,30,1985,2.6
07,31,1985,4.1
08,01,1985,6.7
08,02,1985,6.9
08,03,1985,6.7
08,04,1985,3.6
08,05,1985,5.1
08,06,1985,1.5
08,07,1985,5.1
08,08,1985,5.6
08,09,1985,3.8
08,10,1985,3.5
08,11,1985,3.7
08,12,1985,4.2
08,13,1985,4.2
08,14,1985,3.1
08,15,1985,5.5
08,16,1985,3.0
08,17,1985,4.4
08,18,1985,5.6
08,19,1985,5.1
08,20,1985,5.4
08,21,1985,6.4
08,22,1985,4.2
08,23,1985,3.3
08,24,1985,4.2
08,25,1985,5.8
08,26,1985,6.1
08,27,1985,5.2
08,28,1985,8.5
08,29,1985,6.1
08,30,1985,4.8
08,31,1985,7.1
09,01,1985,3.7
09,02,1985,13.6
09,03,1985,5.1
09,04,1985,2.3
09,05,1985,3.5
09,06,1985,2.2
09,07,1985,4.9
09,08,1985,3.1
09,09,1985,3.6
09,10,1985,3.1
09,11,1985,3.5
09,12,1985,3.9
09,13,1985,4.1
09,14,1985,3.2
09,15,1985,2.9
09,16,1985,3.7
09,17,1985,2.9
09,18,1985,3.2
09,19,1985,5.0
09,20,1985,6.1
09,21,1985,6.0
09,22,1985,8.1
09,23,1985,7.7
09,24,1985,6.2
09,25,1985,6.8
09,26,1985,6.2
09,27,1985,7.9
09,28,1985,6.3
09,29,1985,5.7
09,30,1985,4.8
10,01,1985,5.2
10,02,1985,4.7
10,03,1985,6.1
10,04,1985,3.9
10,05,1985,2.2
10,06,1985,3.1
10,07,1985,4.9
10,08,1985,5.9
10,09,1985,1.8
10,10,1985,1.2
10,11,1985,3.1
10,12,1985,6.4
10,13,1985,4.5
10,14,1985,7.1
10,15,1985,6.7
10,16,1985,6.1
10,17,1985,6.6
10,18,1985,8.9
10,19,1985,8.8
10,20,1985,7.3
10,21,1985,6.9
10,22,1985,7.9
10,23,1985,7.2
10,24,1985,5.1
10,25,1985,7.9
10,26,1985,7.1
10,27,1985,4.9
10,28,1985,6.0
10,29,1985,4.4
10,30,1985,3.9
10,31,1985,8.3
11,01,1985,1.7
11,02,1985,5.3
11,03,1985,0.7
11,04,1985,4.2
11,05,1985,3.8
11,06,1985,5.3
11,07,1985,3.9
11,08,1985,5.1
11,09,1985,3.8
11,10,1985,5.2
11,11,1985,4.9
11,12,1985,4.3
11,13,1985,4.8
11,14,1985,5.2
11,15,1985,3.9
11,16,1985,5.2
11,17,1985,4.7
11,18,1985,4.2
11,19,1985,4.8
11,20,1985,5.3
11,21,1985,4.3
11,22,1985,5.0
11,23,1985,5.4
11,24,1985,3.1
11,25,1985,9.4
11,26,1985,9.1
11,27,1985,1.4
11,28,1985,7.1
11,29,1985,1.0
11,30,1985,2.9
12,01,1985,2.0
12,02,1985,3.6
12,03,1985,4.9
12,04,1985,3.9
12,05,1985,4.8
12,06,1985,6.7
12,07,1985,4.5
12,08,1985,3.2
12,09,1985,4.3
12,10,1985,2.4
12,11,1985,2.0
12,12,1985,3.7
12,13,1985,5.0
12,14,1985,5.4
12,15,1985,4.3
12,16,1985,4.2
12,17,1985,4.4
12,18,1985,3.9
12,19,1985,4.9
12,20,1985,5.6
12,21,1985,8.3
12,22,1985,4.3
12,23,1985,4.2
12,24,1985,5.3
12,25,1985,5.4
12,26,1985,6.6
12,27,1985,3.5
12,28,1985,7.6
12,29,1985,4.8
12,30,1985,5.1
12,31,1985,4.6
01,01,1986,5.3
01,02,1986,2.8
01,03,1986,4.3
01,04,1986,2.7
01,05,1986,4.5
01,06,1986,2.3
01,07,1986,6.0
01,08,1986,1.4
01,09,1986,3.1
01,10,1986,2.9
01,11,1986,4.3
01,12,1986,3.8
01,13,1986,3.3
01,14,1986,4.3
01,15,1986,3.8
01,16,1986,2.7
01,17,1986,4.0
01,18,1986,4.0
01,19,1986,4.3
01,20,1986,3.7
01,21,1986,3.6
01,22,1986,3.7
01,23,1986,4.3
01,24,1986,3.5
01,25,1986,4.4
01,26,1986,2.8
01,27,1986,3.7
01,28,1986,3.2
01,29,1986,2.8
01,30,1986,4.3
01,31,1986,5.0
02,01,1986,2.5
02,02,1986,4.3
02,03,1986,2.8
02,04,1986,5.1
02,05,1986,3.9
02,06,1986,1.9
02,07,1986,9.2
02,08,1986,9.9
02,09,1986,3.7
02,10,1986,4.3
02,11,1986,4.7
02,12,1986,5.2
02,13,1986,3.9
02,14,1986,4.9
02,15,1986,5.2
02,16,1986,4.9
02,17,1986,5.3
02,18,1986,4.0
02,19,1986,4.4
02,20,1986,6.2
02,21,1986,6.0
02,22,1986,6.1
02,23,1986,5.8
02,24,1986,6.2
02,25,1986,4.6
02,26,1986,5.4
02,27,1986,4.8
02,28,1986,5.3
03,01,1986,3.5
03,02,1986,6.2
03,03,1986,6.1
03,04,1986,4.7
03,05,1986,5.2
03,06,1986,2.0
03,07,1986,3.4
03,08,1986,5.9
03,09,1986,5.9
03,10,1986,5.9
03,11,1986,6.7
03,12,1986,5.1
03,13,1986,4.4
03,14,1986,7.1
03,15,1986,5.4
03,16,1986,6.5
03,17,1986,6.4
03,18,1986,3.5
03,19,1986,7.2
03,20,1986,7.5
03,21,1986,4.7
03,22,1986,2.9
03,23,1986,10.4
03,24,1986,3.1
03,25,1986,2.7
03,26,1986,5.5
03,27,1986,7.6
03,28,1986,9.1
03,29,1986,4.0
03,30,1986,7.8
03,31,1986,10.8
04,01,1986,9.6
04,02,1986,8.8
04,03,1986,9.7
04,04,1986,8.4
04,05,1986,9.9
04,06,1986,9.2
04,07,1986,5.9
04,08,1986,6.6
04,09,1986,5.7
04,10,1986,7.7
04,11,1986,7.6
04,12,1986,7.3
04,13,1986,7.2
04,14,1986,5.4
04,15,1986,8.9
04,16,1986,9.6
04,17,1986,9.2
04,18,1986,8.7
04,19,1986,8.9
04,20,1986,9.2
04,21,1986,9.0
04,22,1986,9.9
04,23,1986,9.7
04,24,1986,9.4
04,25,1986,8.7
04,26,1986,9.3
04,27,1986,8.7
04,28,1986,9.1
04,29,1986,6.0
04,30,1986,5.6
05,01,1986,7.0
05,02,1986,9.6
05,03,1986,9.4
05,04,1986,10.3
05,05,1986,10.3
05,06,1986,8.3
05,07,1986,7.6
05,08,1986,7.2
05,09,1986,8.8
05,10,1986,5.8
05,11,1986,6.5
05,12,1986,6.8
05,13,1986,7.6
05,14,1986,6.5
05,15,1986,7.0
05,16,1986,7.9
05,17,1986,5.1
05,18,1986,4.5
05,19,1986,8.2
05,20,1986,10.1
05,21,1986,9.8
05,22,1986,8.1
05,23,1986,6.4
05,24,1986,4.6
05,25,1986,7.1
05,26,1986,5.0
05,27,1986,8.6
05,28,1986,6.5
05,29,1986,7.8
05,30,1986,3.3
05,31,1986,7.1
06,01,1986,6.1
06,02,1986,7.6
06,03,1986,7.4
06,04,1986,7.8
06,05,1986,5.3
06,06,1986,9.4
06,07,1986,8.0
06,08,1986,7.2
06,09,1986,5.2
06,10,1986,5.9
06,11,1986,7.3
06,12,1986,5.7
06,13,1986,6.6
06,14,1986,9.3
06,15,1986,8.3
06,16,1986,8.7
06,17,1986,9.8
06,18,1986,10.1
06,19,1986,6.4
06,20,1986,7.2
06,21,1986,4.8
06,22,1986,5.9
06,23,1986,5.8
06,24,1986,4.6
06,25,1986,7.9
06,26,1986,6.8
06,27,1986,4.7
06,28,1986,3.2
06,29,1986,5.2
06,30,1986,4.9
07,01,1986,8.1
07,02,1986,5.0
07,03,1986,3.1
07,04,1986,5.1
07,05,1986,7.6
07,06,1986,8.3
07,07,1986,7.0
07,08,1986,7.1
07,09,1986,3.9
07,10,1986,6.4
07,11,1986,4.3
07,12,1986,6.1
07,13,1986,6.2
07,14,1986,7.0
07,15,1986,8.4
07,16,1986,7.1
07,17,1986,7.4
07,18,1986,6.7
07,19,1986,8.3
07,20,1986,7.2
07,21,1986,5.6
07,22,1986,4.0
07,23,1986,7.2
07,24,1986,8.1
07,25,1986,3.6
07,26,1986,7.5
07,27,1986,8.0
07,28,1986,7.8
07,29,1986,9.2
07,30,1986,8.0
07,31,1986,8.5
08,01,1986,8.5
08,02,1986,8.7
08,03,1986,8.3
08,04,1986,6.9
08,05,1986,8.5
08,06,1986,8.2
08,07,1986,4.3
08,08,1986,7.7
08,09,1986,8.1
08,10,1986,7.9
08,11,1986,7.2
08,12,1986,6.7
08,13,1986,2.7
08,14,1986,5.0
08,15,1986,3.5
08,16,1986,9.0
08,17,1986,7.0
08,18,1986,7.9
08,19,1986,9.4
08,20,1986,9.6
08,21,1986,4.9
08,22,1986,3.6
08,23,1986,2.8
08,24,1986,4.0
08,25,1986,3.7
08,26,1986,6.6
08,27,1986,3.9
08,28,1986,4.7
08,29,1986,9.6
08,30,1986,6.4
08,31,1986,7.9
09,01,1986,3.2
09,02,1986,4.8
09,03,1986,3.2
09,04,1986,7.9
09,05,1986,5.5
09,06,1986,6.2
09,07,1986,5.7
09,08,1986,6.7
09,09,1986,7.8
09,10,1986,6.6
09,11,1986,3.4
09,12,1986,5.3
09,13,1986,4.2
09,14,1986,4.5
09,15,1986,5.2
09,16,1986,6.3
09,17,1986,6.4
09,18,1986,4.3
09,19,1986,5.4
09,20,1986,8.3
09,21,1986,8.6
09,22,1986,8.3
09,23,1986,7.6
09,24,1986,7.9
09,25,1986,8.3
09,26,1986,6.6
09,27,1986,3.3
09,28,1986,4.7
09,29,1986,3.7
09,30,1986,3.4
10,01,1986,6.3
10,02,1986,4.2
10,03,1986,5.7
10,04,1986,7.4
10,05,1986,7.0
10,06,1986,5.8
10,07,1986,4.7
10,08,1986,4.8
10,09,1986,6.4
10,10,1986,6.1
10,11,1986,6.1
10,12,1986,5.5
10,13,1986,5.9
10,14,1986,6.5
10,15,1986,5.8
10,16,1986,6.5
10,17,1986,4.6
10,18,1986,4.3
10,19,1986,4.7
10,20,1986,4.4
10,21,1986,5.5
10,22,1986,4.8
10,23,1986,6.4
10,24,1986,5.3
10,25,1986,6.5
10,26,1986,6.4
10,27,1986,8.6
10,28,1986,6.3
10,29,1986,5.8
10,30,1986,6.9
10,31,1986,5.3
11,01,1986,5.8
11,02,1986,2.6
11,03,1986,4.0
11,04,1986,4.2
11,05,1986,4.8
11,06,1986,5.2
11,07,1986,4.1
11,08,1986,3.6
11,09,1986,7.1
11,10,1986,7.0
11,11,1986,7.1
11,12,1986,6.9
11,13,1986,6.2
11,14,1986,5.6
11,15,1986,7.2
11,16,1986,6.3
11,17,1986,7.0
11,18,1986,7.7
11,19,1986,4.3
11,20,1986,5.5
11,21,1986,5.5
11,22,1986,6.2
11,23,1986,3.8
11,24,1986,3.5
11,25,1986,3.8
11,26,1986,4.5
11,27,1986,4.6
11,28,1986,6.2
11,29,1986,7.5
11,30,1986,4.5
12,01,1986,3.4
12,02,1986,6.4
12,03,1986,6.3
12,04,1986,7.9
12,05,1986,8.5
12,06,1986,7.0
12,07,1986,5.7
12,08,1986,4.2
12,09,1986,3.1
12,10,1986,4.8
12,11,1986,5.4
12,12,1986,8.7
12,13,1986,8.1
12,14,1986,7.5
12,15,1986,6.7
12,16,1986,6.1
12,17,1986,7.7
12,18,1986,7.7
12,19,1986,3.9
12,20,1986,4.7
12,21,1986,5.3
12,22,1986,5.3
12,23,1986,5.5
12,24,1986,5.6
12,25,1986,2.8
12,26,1986,6.1
12,27,1986,8.5
12,28,1986,6.4
12,29,1986,6.0
12,30,1986,8.5
12,31,1986,5.6
01,01,1987,5.0
01,02,1987,5.8
01,03,1987,4.6
01,04,1987,4.9
01,05,1987,4.6
01,06,1987,4.4
01,07,1987,4.1
01,08,1987,6.3
01,09,1987,5.2
01,10,1987,4.4
01,11,1987,8.4
01,12,1987,6.7
01,13,1987,5.0
01,14,1987,4.7
01,15,1987,4.3
01,16,1987,4.5
01,17,1987,4.4
01,18,1987,4.0
01,19,1987,8.8
01,20,1987,5.7
01,21,1987,4.7
01,22,1987,8.5
01,23,1987,6.9
01,24,1987,6.3
01,25,1987,5.0
01,26,1987,5.6
01,27,1987,7.8
01,28,1987,8.7
01,29,1987,5.7
01,30,1987,5.7
01,31,1987,5.0
02,01,1987,0.9
02,02,1987,5.0
02,03,1987,6.0
02,04,1987,5.7
02,05,1987,7.1
02,06,1987,4.8
02,07,1987,6.2
02,08,1987,5.2
02,09,1987,5.7
02,10,1987,5.9
02,11,1987,6.4
02,12,1987,4.5
02,13,1987,5.9
02,14,1987,6.6
02,15,1987,5.0
02,16,1987,6.6
02,17,1987,6.3
02,18,1987,4.7
02,19,1987,6.8
02,20,1987,6.3
02,21,1987,4.6
02,22,1987,6.4
02,23,1987,6.3
02,24,1987,6.5
02,25,1987,7.1
02,26,1987,6.4
02,27,1987,5.8
02,28,1987,5.7
03,01,1987,6.0
03,02,1987,1.9
03,03,1987,5.7
03,04,1987,5.8
03,05,1987,3.7
03,06,1987,11.5
03,07,1987,11.7
03,08,1987,11.3
03,09,1987,8.3
03,10,1987,6.7
03,11,1987,6.6
03,12,1987,6.7
03,13,1987,6.0
03,14,1987,6.9
03,15,1987,6.7
03,16,1987,5.3
03,17,1987,9.5
03,18,1987,11.8
03,19,1987,8.7
03,20,1987,9.2
03,21,1987,7.7
03,22,1987,7.2
03,23,1987,10.3
03,24,1987,8.8
03,25,1987,4.1
03,26,1987,7.4
03,27,1987,7.5
03,28,1987,7.9
03,29,1987,6.5
03,30,1987,6.2
03,31,1987,6.8
04,01,1987,9.0
04,02,1987,7.1
04,03,1987,7.5
04,04,1987,7.8
04,05,1987,5.9
04,06,1987,2.0
04,07,1987,5.9
04,08,1987,6.9
04,09,1987,7.7
04,10,1987,11.1
04,11,1987,10.4
04,12,1987,11.1
04,13,1987,10.6
04,14,1987,9.3
04,15,1987,5.0
04,16,1987,8.9
04,17,1987,6.6
04,18,1987,8.6
04,19,1987,7.5
04,20,1987,8.6
04,21,1987,12.7
04,22,1987,11.2
04,23,1987,11.7
04,24,1987,6.0
04,25,1987,7.6
04,26,1987,11.1
04,27,1987,11.0
04,28,1987,7.8
04,29,1987,9.6
04,30,1987,9.6
05,01,1987,9.3
05,02,1987,10.8
05,03,1987,5.0
05,04,1987,10.9
05,05,1987,8.6
05,06,1987,9.3
05,07,1987,8.8
05,08,1987,9.3
05,09,1987,11.3
05,10,1987,7.5
05,11,1987,7.8
05,12,1987,8.3
05,13,1987,4.0
05,14,1987,5.2
05,15,1987,9.5
05,16,1987,9.2
05,17,1987,10.9
05,18,1987,8.6
05,19,1987,8.8
05,20,1987,9.5
05,21,1987,9.7
05,22,1987,8.4
05,23,1987,2.0
05,24,1987,7.0
05,25,1987,6.1
05,26,1987,3.8
05,27,1987,12.2
05,28,1987,2.1
05,29,1987,2.4
05,30,1987,5.2
05,31,1987,3.1
06,01,1987,2.5
06,02,1987,6.2
06,03,1987,5.2
06,04,1987,9.5
06,05,1987,7.7
06,06,1987,3.0
06,07,1987,2.2
06,08,1987,1.7
06,09,1987,4.8
06,10,1987,7.2
06,11,1987,8.1
06,12,1987,5.8
06,13,1987,5.3
06,14,1987,2.9
06,15,1987,6.2
06,16,1987,2.9
06,17,1987,3.8
06,18,1987,4.0
06,19,1987,4.1
06,20,1987,7.2
06,21,1987,5.7
06,22,1987,4.4
06,23,1987,5.0
06,24,1987,2.8
06,25,1987,5.0
06,26,1987,3.8
06,27,1987,4.3
06,28,1987,3.6
06,29,1987,5.3
06,30,1987,6.6
07,01,1987,6.0
07,02,1987,5.3
07,03,1987,5.7
07,04,1987,4.8
07,05,1987,6.7
07,06,1987,4.2
07,07,1987,4.3
07,08,1987,5.3
07,09,1987,5.2
07,10,1987,5.1
07,11,1987,5.9
07,12,1987,3.2
07,13,1987,3.6
07,14,1987,6.1
07,15,1987,5.9
07,16,1987,7.4
07,17,1987,4.8
07,18,1987,6.6
07,19,1987,7.6
07,20,1987,6.5
07,21,1987,2.0
07,22,1987,2.7
07,23,1987,2.6
07,24,1987,3.3
07,25,1987,4.1
07,26,1987,2.3
07,27,1987,4.4
07,28,1987,4.8
07,29,1987,4.3
07,30,1987,4.5
07,31,1987,3.7
08,01,1987,6.1
08,02,1987,6.2
08,03,1987,5.2
08,04,1987,3.4
08,05,1987,3.3
08,06,1987,6.3
08,07,1987,5.0
08,08,1987,1.4
08,09,1987,7.2
08,10,1987,4.5
08,11,1987,3.0
08,12,1987,8.6
08,13,1987,13.8
08,14,1987,3.5
08,15,1987,3.3
08,16,1987,4.8
08,17,1987,6.1
08,18,1987,5.7
08,19,1987,6.4
08,20,1987,5.8
08,21,1987,6.2
08,22,1987,5.6
08,23,1987,6.9
08,24,1987,7.3
08,25,1987,7.0
08,26,1987,6.9
08,27,1987,7.1
08,28,1987,5.7
08,29,1987,7.3
08,30,1987,8.2
08,31,1987,8.1
09,01,1987,7.2
09,02,1987,7.5
09,03,1987,7.0
09,04,1987,7.7
09,05,1987,6.4
09,06,1987,4.4
09,07,1987,2.0
09,08,1987,8.3
09,09,1987,8.3
09,10,1987,1.8
09,11,1987,2.7
09,12,1987,3.9
09,13,1987,6.0
09,14,1987,6.2
09,15,1987,3.8
09,16,1987,6.9
09,17,1987,8.7
09,18,1987,6.3
09,19,1987,5.1
09,20,1987,3.8
09,21,1987,8.0
09,22,1987,3.6
09,23,1987,3.7
09,24,1987,4.5
09,25,1987,5.7
09,26,1987,5.4
09,27,1987,5.9
09,28,1987,5.9
09,29,1987,2.4
09,30,1987,4.1
10,01,1987,5.2
10,02,1987,6.1
10,03,1987,6.6
10,04,1987,4.2
10,05,1987,4.7
10,06,1987,5.0
10,07,1987,6.5
10,08,1987,6.7
10,09,1987,6.1
10,10,1987,7.2
10,11,1987,5.6
10,12,1987,5.2
10,13,1987,5.7
10,14,1987,4.0
10,15,1987,5.3
10,16,1987,7.6
10,17,1987,6.7
10,18,1987,5.7
10,19,1987,7.4
10,20,1987,6.7
10,21,1987,6.5
10,22,1987,5.7
10,23,1987,6.1
10,24,1987,6.9
10,25,1987,5.9
10,26,1987,6.2
10,27,1987,6.7
10,28,1987,1.9
10,29,1987,6.1
10,30,1987,6.5
10,31,1987,7.5
11,01,1987,6.5
11,02,1987,8.1
11,03,1987,7.9
11,04,1987,7.2
11,05,1987,7.9
11,06,1987,7.4
11,07,1987,7.5
11,08,1987,7.4
11,09,1987,3.9
11,10,1987,3.8
11,11,1987,3.8
11,12,1987,5.4
11,13,1987,5.3
11,14,1987,5.3
11,15,1987,5.4
11,16,1987,4.5
11,17,1987,5.4
11,18,1987,7.3
11,19,1987,8.5
11,20,1987,9.3
11,21,1987,7.7
11,22,1987,8.3
11,23,1987,7.0
11,24,1987,2.5
11,25,1987,8.0
11,26,1987,7.7
11,27,1987,8.4
11,28,1987,6.8
11,29,1987,7.9
11,30,1987,7.6
12,01,1987,7.5
12,02,1987,7.3
12,03,1987,7.1
12,04,1987,7.1
12,05,1987,4.9
12,06,1987,3.2
12,07,1987,5.3
12,08,1987,7.1
12,09,1987,7.2
12,10,1987,5.4
12,11,1987,5.2
12,12,1987,4.0
12,13,1987,5.3
12,14,1987,4.2
12,15,1987,6.7
12,16,1987,9.1
12,17,1987,7.2
12,18,1987,6.5
12,19,1987,5.5
12,20,1987,7.8
12,21,1987,4.7
12,22,1987,5.8
12,23,1987,4.1
12,24,1987,4.9
12,25,1987,3.4
12,26,1987,5.2
12,27,1987,3.7
12,28,1987,9.2
12,29,1987,9.0
12,30,1987,9.9
12,31,1987,8.9
01,01,1988,7.8
01,02,1988,5.0
01,03,1988,6.6
01,04,1988,7.9
01,05,1988,8.2
01,06,1988,6.6
01,07,1988,8.4
01,08,1988,8.6
01,09,1988,8.2
01,10,1988,7.9
01,11,1988,5.0
01,12,1988,8.1
01,13,1988,8.3
01,14,1988,7.0
01,15,1988,5.4
01,16,1988,6.2
01,17,1988,9.1
01,18,1988,9.0
01,19,1988,7.5
01,20,1988,7.6
01,21,1988,6.3
01,22,1988,7.8
01,23,1988,6.8
01,24,1988,5.9
01,25,1988,7.3
01,26,1988,6.3
01,27,1988,6.0
01,28,1988,7.3
01,29,1988,8.3
01,30,1988,7.0
01,31,1988,5.6
02,01,1988,8.6
02,02,1988,6.6
02,03,1988,7.3
02,04,1988,6.5
02,05,1988,7.3
02,06,1988,5.9
02,07,1988,6.0
02,08,1988,7.4
02,09,1988,5.0
02,10,1988,6.3
02,11,1988,1.8
02,12,1988,0.9
02,13,1988,7.8
02,14,1988,7.2
02,15,1988,5.6
02,16,1988,7.3
02,17,1988,7.6
02,18,1988,5.2
02,19,1988,6.3
02,20,1988,5.4
02,21,1988,6.2
02,22,1988,7.1
02,23,1988,5.0
02,24,1988,5.0
02,25,1988,6.0
02,26,1988,7.3
02,27,1988,8.1
02,28,1988,8.1
02,29,1988,11.2
03,01,1988,8.8
03,02,1988,6.8
03,03,1988,6.1
03,04,1988,7.8
03,05,1988,7.6
03,06,1988,6.6
03,07,1988,8.0
03,08,1988,5.1
03,09,1988,9.9
03,10,1988,7.5
03,11,1988,7.1
03,12,1988,7.8
03,13,1988,8.9
03,14,1988,8.2
03,15,1988,7.7
03,16,1988,7.2
03,17,1988,5.3
03,18,1988,8.9
03,19,1988,2.1
03,20,1988,10.1
03,21,1988,9.5
03,22,1988,8.9
03,23,1988,8.9
03,24,1988,7.8
03,25,1988,6.9
03,26,1988,7.9
03,27,1988,7.2
03,28,1988,6.8
03,29,1988,9.0
03,30,1988,8.5
03,31,1988,7.9
04,01,1988,8.2
04,02,1988,7.6
04,03,1988,7.6
04,04,1988,7.9
04,05,1988,6.9
04,06,1988,7.9
04,07,1988,7.2
04,08,1988,7.8
04,09,1988,6.2
04,10,1988,6.1
04,11,1988,6.4
04,12,1988,8.2
04,13,1988,6.6
04,14,1988,8.6
04,15,1988,6.8
04,16,1988,6.8
04,17,1988,7.3
04,18,1988,7.6
04,19,1988,7.2
04,20,1988,6.7
04,21,1988,7.4
04,22,1988,8.0
04,23,1988,7.4
04,24,1988,8.1
04,25,1988,8.4
04,26,1988,6.7
04,27,1988,7.6
04,28,1988,8.9
04,29,1988,8.3
04,30,1988,8.1
05,01,1988,7.9
05,02,1988,9.0
05,03,1988,6.1
05,04,1988,8.7
05,05,1988,8.9
05,06,1988,9.2
05,07,1988,11.0
05,08,1988,8.6
05,09,1988,10.9
05,10,1988,9.8
05,11,1988,10.3
05,12,1988,5.0
05,13,1988,7.6
05,14,1988,7.9
05,15,1988,7.8
05,16,1988,8.3
05,17,1988,7.9
05,18,1988,8.3
05,19,1988,6.5
05,20,1988,7.3
05,21,1988,8.2
05,22,1988,7.8
05,23,1988,5.0
05,24,1988,1.9
05,25,1988,7.4
05,26,1988,11.2
05,27,1988,11.0
05,28,1988,8.7
05,29,1988,11.8
05,30,1988,7.6
05,31,1988,6.3
06,01,1988,4.6
06,02,1988,5.2
06,03,1988,6.3
06,04,1988,5.6
06,05,1988,10.0
06,06,1988,3.2
06,07,1988,6.5
06,08,1988,8.6
06,09,1988,5.2
06,10,1988,6.8
06,11,1988,6.4
06,12,1988,4.8
06,13,1988,5.6
06,14,1988,9.9
06,15,1988,7.9
06,16,1988,9.2
06,17,1988,8.9
06,18,1988,6.2
06,19,1988,5.5
06,20,1988,11.1
06,21,1988,6.4
06,22,1988,5.7
06,23,1988,8.0
06,24,1988,6.6
06,25,1988,3.7
06,26,1988,10.0
06,27,1988,10.8
06,28,1988,3.0
06,29,1988,10.0
06,30,1988,3.7
07,01,1988,1.3
07,02,1988,2.1
07,03,1988,8.9
07,04,1988,6.7
07,05,1988,3.7
07,06,1988,2.5
07,07,1988,1.2
07,08,1988,6.2
07,09,1988,5.1
07,10,1988,4.9
07,11,1988,6.3
07,12,1988,4.6
07,13,1988,9.6
07,14,1988,1.5
07,15,1988,7.2
07,16,1988,4.9
07,17,1988,4.7
07,18,1988,5.9
07,19,1988,5.3
07,20,1988,8.5
07,21,1988,1.9
07,22,1988,4.9
07,23,1988,5.8
07,24,1988,5.6
07,25,1988,1.9
07,26,1988,5.5
07,27,1988,6.1
07,28,1988,4.6
07,29,1988,6.2
07,30,1988,5.5
07,31,1988,6.5
08,01,1988,6.2
08,02,1988,6.0
08,03,1988,4.4
08,04,1988,9.2
08,05,1988,7.7
08,06,1988,8.9
08,07,1988,8.5
08,08,1988,10.3
08,09,1988,8.9
08,10,1988,4.6
08,11,1988,3.8
08,12,1988,6.9
08,13,1988,6.5
08,14,1988,6.0
08,15,1988,8.0
08,16,1988,8.1
08,17,1988,5.2
08,18,1988,5.8
08,19,1988,5.4
08,20,1988,5.8
08,21,1988,4.8
08,22,1988,10.6
08,23,1988,6.5
08,24,1988,7.0
08,25,1988,4.4
08,26,1988,2.5
08,27,1988,3.3
08,28,1988,8.9
08,29,1988,7.3
08,30,1988,8.3
08,31,1988,10.7
09,01,1988,8.8
09,02,1988,7.4
09,03,1988,10.1
09,04,1988,8.4
09,05,1988,7.5
09,06,1988,6.1
09,07,1988,5.3
09,08,1988,9.8
09,09,1988,10.7
09,10,1988,8.9
09,11,1988,6.9
09,12,1988,6.1
09,13,1988,6.7
09,14,1988,5.5
09,15,1988,5.6
09,16,1988,9.6
09,17,1988,6.9
09,18,1988,6.5
09,19,1988,7.8
09,20,1988,9.5
09,21,1988,3.4
09,22,1988,5.2
09,23,1988,5.9
09,24,1988,6.2
09,25,1988,6.2
09,26,1988,5.9
09,27,1988,5.7
09,28,1988,6.1
09,29,1988,4.8
09,30,1988,5.1
10,01,1988,6.1
10,02,1988,4.6
10,03,1988,4.9
10,04,1988,6.3
10,05,1988,6.9
10,06,1988,5.9
10,07,1988,5.0
10,08,1988,3.6
10,09,1988,3.1
10,10,1988,3.8
10,11,1988,3.1
10,12,1988,2.7
10,13,1988,6.6
10,14,1988,5.5
10,15,1988,5.3
10,16,1988,4.5
10,17,1988,6.3
10,18,1988,4.5
10,19,1988,4.7
10,20,1988,3.8
10,21,1988,4.7
10,22,1988,4.6
10,23,1988,4.1
10,24,1988,5.1
10,25,1988,4.5
10,26,1988,6.1
10,27,1988,3.3
10,28,1988,4.2
10,29,1988,4.1
10,30,1988,5.1
10,31,1988,3.4
11,01,1988,4.8
11,02,1988,3.4
11,03,1988,5.1
11,04,1988,4.4
11,05,1988,4.8
11,06,1988,3.8
11,07,1988,4.5
11,08,1988,4.1
11,09,1988,4.6
11,10,1988,4.1
11,11,1988,3.7
11,12,1988,4.5
11,13,1988,3.7
11,14,1988,5.4
11,15,1988,4.0
11,16,1988,1.5
11,17,1988,4.8
11,18,1988,5.9
11,19,1988,5.2
11,20,1988,6.1
11,21,1988,4.9
11,22,1988,5.9
11,23,1988,4.9
11,24,1988,5.5
11,25,1988,5.8
11,26,1988,4.8
11,27,1988,5.1
11,28,1988,6.2
11,29,1988,4.6
11,30,1988,4.6
12,01,1988,5.0
12,02,1988,4.3
12,03,1988,3.3
12,04,1988,2.7
12,05,1988,4.3
12,06,1988,3.1
12,07,1988,2.8
12,08,1988,3.9
12,09,1988,4.3
12,10,1988,3.4
12,11,1988,3.9
12,12,1988,3.8
12,13,1988,3.7
12,14,1988,4.1
12,15,1988,4.2
12,16,1988,3.9
12,17,1988,4.4
12,18,1988,3.8
12,19,1988,3.1
12,20,1988,2.8
12,21,1988,4.2
12,22,1988,4.1
12,23,1988,3.4
12,24,1988,5.0
12,25,1988,4.4
12,26,1988,3.9
12,27,1988,5.2
12,28,1988,4.2
12,29,1988,2.7
12,30,1988,4.2
12,31,1988,2.6
01,01,1989,2.6
01,02,1989,5.9
01,03,1989,3.6
01,04,1989,3.9
01,05,1989,4.4
01,06,1989,3.9
01,07,1989,3.2
01,08,1989,2.7
01,09,1989,4.2
01,10,1989,4.2
01,11,1989,3.8
01,12,1989,4.5
01,13,1989,4.7
01,14,1989,8.2
01,15,1989,1.8
01,16,1989,0.6
01,17,1989,3.9
01,18,1989,4.1
01,19,1989,4.8
01,20,1989,5.4
01,21,1989,4.0
01,22,1989,3.7
01,23,1989,3.9
01,24,1989,5.1
01,25,1989,4.2
01,26,1989,4.9
01,27,1989,5.2
01,28,1989,3.7
01,29,1989,5.4
01,30,1989,3.8
01,31,1989,4.2
02,01,1989,4.1
02,02,1989,3.9
02,03,1989,4.1
02,04,1989,4.4
02,05,1989,4.9
02,06,1989,4.2
02,07,1989,4.7
02,08,1989,5.4
02,09,1989,3.8
02,10,1989,4.7
02,11,1989,5.4
02,12,1989,5.2
02,13,1989,1.3
02,14,1989,1.7
02,15,1989,1.7
02,16,1989,5.1
02,17,1989,4.8
02,18,1989,5.5
02,19,1989,5.0
02,20,1989,4.3
02,21,1989,4.7
02,22,1989,4.3
02,23,1989,6.0
02,24,1989,4.3
02,25,1989,4.2
02,26,1989,3.9
02,27,1989,5.1
02,28,1989,3.7
03,01,1989,5.3
03,02,1989,4.7
03,03,1989,5.3
03,04,1989,3.8
03,05,1989,4.9
03,06,1989,4.2
03,07,1989,4.8
03,08,1989,4.1
03,09,1989,5.4
03,10,1989,4.9
03,11,1989,3.4
03,12,1989,4.8
03,13,1989,4.3
03,14,1989,1.9
03,15,1989,3.5
03,16,1989,4.2
03,17,1989,4.9
03,18,1989,4.7
03,19,1989,5.3
03,20,1989,6.1
03,21,1989,4.7
03,22,1989,4.3
03,23,1989,4.7
03,24,1989,4.3
03,25,1989,5.1
03,26,1989,4.8
03,27,1989,4.9
03,28,1989,4.5
03,29,1989,4.9
03,30,1989,4.3
03,31,1989,5.1
04,01,1989,5.0
04,02,1989,3.3
04,03,1989,5.2
04,04,1989,6.0
04,05,1989,7.8
04,06,1989,8.1
04,07,1989,8.4
04,08,1989,9.1
04,09,1989,7.1
04,10,1989,5.7
04,11,1989,8.1
04,12,1989,7.2
04,13,1989,6.4
04,14,1989,6.0
04,15,1989,7.3
04,16,1989,8.9
04,17,1989,7.7
04,18,1989,7.7
04,19,1989,7.9
04,20,1989,8.0
04,21,1989,8.1
04,22,1989,7.3
04,23,1989,7.6
04,24,1989,7.3
04,25,1989,6.9
04,26,1989,9.1
04,27,1989,5.9
04,28,1989,7.5
04,29,1989,7.1
04,30,1989,7.1
05,01,1989,6.6
05,02,1989,7.7
05,03,1989,8.1
05,04,1989,6.2
05,05,1989,7.2
05,06,1989,6.9
05,07,1989,8.5
05,08,1989,6.5
05,09,1989,8.8
05,10,1989,6.4
05,11,1989,6.4
05,12,1989,8.1
05,13,1989,6.8
05,14,1989,10.0
05,15,1989,8.7
05,16,1989,11.1
05,17,1989,8.9
05,18,1989,8.3
05,19,1989,7.2
05,20,1989,7.0
05,21,1989,7.1
05,22,1989,8.0
05,23,1989,7.5
05,24,1989,7.2
05,25,1989,9.6
05,26,1989,8.0
05,27,1989,7.6
05,28,1989,3.4
05,29,1989,5.1
05,30,1989,4.8
05,31,1989,5.3
06,01,1989,5.9
06,02,1989,5.3
06,03,1989,3.8
06,04,1989,3.9
06,05,1989,6.7
06,06,1989,10.9
06,07,1989,3.1
06,08,1989,4.6
06,09,1989,5.9
06,10,1989,4.5
06,11,1989,5.0
06,12,1989,4.5
06,13,1989,4.9
06,14,1989,4.4
06,15,1989,4.3
06,16,1989,2.7
06,17,1989,5.2
06,18,1989,5.7
06,19,1989,7.3
06,20,1989,10.9
06,21,1989,10.6
06,22,1989,12.2
06,23,1989,4.4
06,24,1989,4.9
06,25,1989,9.7
06,26,1989,9.7
06,27,1989,7.2
06,28,1989,6.0
06,29,1989,4.1
06,30,1989,6.2
07,01,1989,3.8
07,02,1989,4.6
07,03,1989,3.2
07,04,1989,5.9
07,05,1989,3.2
07,06,1989,5.4
07,07,1989,1.3
07,08,1989,1.8
07,09,1989,3.1
07,10,1989,4.6
07,11,1989,1.3
07,12,1989,1.4
07,13,1989,4.0
07,14,1989,2.9
07,15,1989,4.3
07,16,1989,3.8
07,17,1989,5.1
07,18,1989,5.3
07,19,1989,4.5
07,20,1989,8.2
07,21,1989,3.2
07,22,1989,0.9
07,23,1989,2.5
07,24,1989,3.8
07,25,1989,4.3
07,26,1989,3.9
07,27,1989,4.3
07,28,1989,2.0
07,29,1989,4.8
07,30,1989,4.9
07,31,1989,5.7
08,01,1989,null
08,02,1989,null
08,03,1989,null
08,04,1989,null
08,05,1989,null
08,06,1989,null
08,07,1989,null
08,08,1989,null
08,09,1989,null
08,10,1989,null
08,11,1989,null
08,12,1989,null
08,13,1989,null
08,14,1989,null
08,15,1989,null
08,16,1989,null
08,17,1989,null
08,18,1989,null
08,19,1989,null
08,20,1989,null
08,21,1989,null
08,22,1989,null
08,23,1989,null
08,24,1989,null
08,25,1989,null
08,26,1989,null
08,27,1989,null
08,28,1989,null
08,29,1989,null
08,30,1989,null
08,31,1989,null
09,01,1989,null
09,02,1989,null
09,03,1989,null
09,04,1989,null
09,05,1989,null
09,06,1989,null
09,07,1989,null
09,08,1989,null
09,09,1989,5.5
09,10,1989,4.2
09,11,1989,2.3
09,12,1989,3.3
09,13,1989,5.9
09,14,1989,5.1
09,15,1989,3.6
09,16,1989,6.9
09,17,1989,2.6
09,18,1989,4.2
09,19,1989,8.5
09,20,1989,9.4
09,21,1989,3.7
09,22,1989,4.5
09,23,1989,5.5
09,24,1989,4.1
09,25,1989,3.1
09,26,1989,3.0
09,27,1989,2.3
09,28,1989,1.5
09,29,1989,null
09,30,1989,null
